name,id,artists
Dracula - JENNIE Remix,5yvVYFDUpbnjcnRBgjwTzM,"['5INjqkS1o8h1imAzPqGZBb', '250b0Wlc5Vk0CoUsaCY84M']"
Beauty And A Beat,6QFCMUUq1T2Vf5sFUXcuQ7,"['1uNFoZAHBGtllmzznpCI3s', '0hCNtLu0JehylgoiP8L4Gh']"
Confident,3JsydWaf2Ev4ehaLUjj3SY,"['1uNFoZAHBGtllmzznpCI3s', '1anyVhU62p31KFi8MEzkbf']"
Let Me Love You,0lYBSQXN6rCTvUZvg9S0lU,"['540vIaP2JwjQb9dm3aArA4', '1uNFoZAHBGtllmzznpCI3s']"
"One Of The Girls (with JENNIE, Lily Rose Depp)",7CyPwkp0oE8Ro9Dd5CUDjW,"['1Xyo4u8uXC1ZmMpatF05PJ', '250b0Wlc5Vk0CoUsaCY84M']"
"All The Stars (with SZA) - From ""Black Panther: The Album""",3GCdLUSnKSMJhs4Tj6CV3s,"['2YZyLoL8N0Wb9xBt1NhZWg', '7tYKF4w9nC0nq9CsPZTHyP']"
Give Me Everything (feat. Nayer),4QNpBfC0zvjKqPJcyqBy9W,"['0TnOYISbd1XYRBk9myaseg', '21E3waRsmPlU7jZsS13rcj']"
Timeless (feat Playboi Carti),0FIDCNYYjNvPVimz5icugS,"['1Xyo4u8uXC1ZmMpatF05PJ', '699OTQXzgjhIYAHMy9RyPD']"
Outside (feat. Ellie Goulding),7MmG8p0F9N3C4AXdK6o6Eb,"['7CajNmpbOovFoOoasH2HaY', '0X2BH1fck6amBIoJhDVmmJ']"
Love The Way You Lie,15JINEqzVMv3SvJTAXAKED,"['7dGJo4pcD2V6oG8kP0tJRR', '5pKCCKE2ajJHZ9KAiaK11H']"
Closer,7BKLCZ1jbUBVqRi2FVlTVw,"['69GGBxA162lTqCwzJG5jLp', '26VFTg2z8YR0cCuwLzESi2']"
lovely (with Khalid),0u2P5u6lvoDfwTYjAADbn4,"['6qqNVTkY8uBg9cP3Jd7DAH', '6LuN9FCkKOj5PcnpouEgny']"
Something Just Like This,6RUKPb4LETWmmr3iAEQktW,"['69GGBxA162lTqCwzJG5jLp', '4gzpq5DPGxSnKTe4SA8HAU']"
FATHER (feat. Travis Scott),5pfn68duSmBKo4FhYknOms,"['5K4W6rqBFWDnAN6FQUkS6x', '0Y5tJX1MQlPlqiwlOH1tJY']"
Love Me,2XHzzp1j4IfTNp1FTn7YFg,"['55Aa2cqylxrFIXC767Z865', '3TVXtAsR1Inumwj472S9r4', '1RyvyyTE3xzB2ZywiAwp0i']"
Smack That,2kQuhkFX7uSVepCD3h29g5,"['0z4gvV4rjIZ9wHck67ucSV', '7dGJo4pcD2V6oG8kP0tJRR']"
Love Me Harder,5J4ZkQpzMUFojo1CtAZYpn,"['66CXWjxzNUsdJxJ2JdwvnR', '1Xyo4u8uXC1ZmMpatF05PJ']"
APT.,5vNRhkKd0yEAg8suGBpjeY,"['3eVa5w3URK5duf6eyVDbu9', '0du5cEVh5yTK9QJze8zA0C']"
STAY (with Justin Bieber),567e29TDzLwZwfDuEpGTwo,"['2tIP7SsRs7vjIcLrU85W8J', '1uNFoZAHBGtllmzznpCI3s']"
Where Are Ü Now (with Justin Bieber),66hayvUbTotekKU3H4ta1f,"['5he5w2lnU9x7JFhnwcekXX', '5fMUXHkw8R8eOP2RNVYEZX', '1uNFoZAHBGtllmzznpCI3s']"
Stereo Hearts (feat. Adam Levine),0qOnSQQF0yzuPWsXrQ9paz,"['4IJczjB0fJ04gs4uvP0Fli', '4bYPcJP5jwMhSivRcqie2n']"
Peaches (feat. Daniel Caesar & Giveon),4iJyoBOLtHqaGxP12qzhQI,"['1uNFoZAHBGtllmzznpCI3s', '4fxd5Ee7UefO4CUXgwJ7IP']"
DJ Got Us Fallin' In Love (feat. Pitbull),4356Typ82hUiFAynbLYbPn,"['23zg3TcAtWQy7J6upgbUnj', '0TnOYISbd1XYRBk9myaseg']"
We Found Love (feat. Rihanna),6qn9YLKt13AGvpq9jfO8py,"['7CajNmpbOovFoOoasH2HaY', '5pKCCKE2ajJHZ9KAiaK11H']"
Titanium (feat. Sia),0TDLuuLlV54CkRRUOahJb4,"['1Cs0zKBU1kc0i8ypK3B9ai', '5WUlDfRSoLAfcVSX1WnrxN']"
Don't Let Me Down,1i1fxkWeaMmKEB4T7zqbzK,"['69GGBxA162lTqCwzJG5jLp', '6Dd3NScHWwnW6obMFbl1BH']"
Kiss Me More (feat. SZA),3DarAbFujv6eYNliUTyqtz,"['5cj0lLjcoR7YOSnhnX0Po5', '7tYKF4w9nC0nq9CsPZTHyP']"
Memories (feat. Kid Cudi),7fLzbEOBOae9lUnOwr7Tse,"['1Cs0zKBU1kc0i8ypK3B9ai', '0fA0VVWsXO9YnASrzqfmYu']"
You (feat. Travis Scott),4qS2KPWvsQzLvRa9oCHw41,"['4Gso3d4CscCijv0lmajZWs', '0Y5tJX1MQlPlqiwlOH1tJY']"
FE!N (feat. Playboi Carti),42VsgItocQwOQC3XWZ8JNA,"['0Y5tJX1MQlPlqiwlOH1tJY', '699OTQXzgjhIYAHMy9RyPD']"
We Don't Talk Anymore (feat. Selena Gomez),54PbBpquVfhfrwRwvjSXbI,"['6VuMaDnrHyPL1p4EHjYLi7', '0C8ZW7ezQVs4URX5aX7Kqx']"
See You Again (feat. Charlie Puth),2JzZzZUQj3Qff7wapcbKjc,"['137W8MRPWKqSmrBGDBFSop', '6VuMaDnrHyPL1p4EHjYLi7']"
Too Many Nights (feat. Don Toliver & with Future),2Hh3ETdQKrmSI3QS0hme7g,"['0iEtIxbK0KxaSlF7G42ZOp', '1RyvyyTE3xzB2ZywiAwp0i', '4Gso3d4CscCijv0lmajZWs']"
Levitating (feat. DaBaby),5nujrmhLynf4yMoMtj8AQF,"['6M2wZ9GZgrQXHCFfjv46we', '4r63FhuTkUYltbVAg5TQnk']"
RUNWAY,7BjcYqD0CqXnG45ezWSTYR,"['1HY2Jd0NmPuamShAr6KMms', '4E2rKHVDssGJm2SCDOMMJB']"
DIE TRYING,0NUqi0ps17YpLUC3kgsZq0,"['2HPaUgqeutzr3jx5a9WyDV', '3TVXtAsR1Inumwj472S9r4']"
Dark Horse,4jbmgIyjGoXjY01XxatOx6,"['6jJ0s89eD6GaHleKKya26X', '5gCRApTajqwbnHHPbr2Fpi']"
Trance (with Travis Scott & Young Thug),5wG3HvLhF6Y5KTGlK0IW3J,"['0iEtIxbK0KxaSlF7G42ZOp', '0Y5tJX1MQlPlqiwlOH1tJY', '50co4Is1HCEo8bhOyUWKpn']"
rockstar (feat. 21 Savage),0e7ipj03S05BNilyu5bRzt,"['246dkjvS1zLTtiykXe5h60', '1URnnhqYAYcrqrcwql10ft']"
Black Beatles,6fujklziTHa8uoM5OQSfIo,"['7iZtZyCzp3LItcw1wtPI3D', '13y7CgLHjMVRMDqxdx0Xdo']"
Ric Flair Drip (with Metro Boomin),7sO5G9EABYOXQKNPNiE9NR,"['4DdkRBBYG6Yk9Ka8tdJ9BW', '0iEtIxbK0KxaSlF7G42ZOp']"
Break Free,12KUFSHFgT0XCoiSlvdQi4,"['66CXWjxzNUsdJxJ2JdwvnR', '2qxJFvFYMEDqd7ui6kSAcq']"
I Like It,58q2HKrzhC3ozto2nDdN4z,"['4kYSro6naA4h99UJvo89HB', '4q3ewBCX7sLwd24euuV69X']"
"Feels (feat. Pharrell Williams, Katy Perry & Big Sean)",5bcTCxgc7xVfSaMV3RuVke,"['7CajNmpbOovFoOoasH2HaY', '6jJ0s89eD6GaHleKKya26X', '0c173mlxpT3dSFRgMO8XPh']"
Havana (feat. Young Thug),1rfofaqEpACxVEHIZBJe6W,"['4nDoRrQiYLoBzwC5BhVJzF', '50co4Is1HCEo8bhOyUWKpn']"
Lose My Mind (feat. Doja Cat) [From F1® The Movie],02BcXEH1zJYbXSabPtNlKf,"['4Gso3d4CscCijv0lmajZWs', '5cj0lLjcoR7YOSnhnX0Po5']"
Low Life (feat. The Weeknd),7EiZI6JVHllARrX9PUvAdX,"['1RyvyyTE3xzB2ZywiAwp0i', '1Xyo4u8uXC1ZmMpatF05PJ']"
SPAGHETTI,2N9miXnewVmUrgl6JSK1FI,"['4SpbR6yFEvexJuaBpgAU5p', '0b1sIQumIAsNbqAoIClSpy']"
Dusk Till Dawn (feat. Sia) - Radio Edit,3e7sxremeOE3wTySiOhGiP,"['5ZsFI1h6hIdQRw2ti0hz81', '5WUlDfRSoLAfcVSX1WnrxN']"
Fortnight (feat. Post Malone),2OzhQlSqBEmt7hmkYxfT6m,"['06HL4z0CvFAxyc27GXpf02', '246dkjvS1zLTtiykXe5h60']"
I Don’t Wanna Live Forever (Fifty Shades Darker),55n9yjI6qqXh5F2mYvUc2y,"['5ZsFI1h6hIdQRw2ti0hz81', '06HL4z0CvFAxyc27GXpf02']"
Fuck Love,7AQim7LbvFVZJE3O8TYgf2,"['15UsOTVnJzReFVN1VCnxy4', '6Xgp2XMz1fhVYe7i6yNAax']"
Congratulations,3a1lNhkSLSkpJE4MSHpDu9,"['246dkjvS1zLTtiykXe5h60', '0VRj0yCOv2FXJNP47XQnx5']"
DON'T KILL THE PARTY (feat. Quavo & Juicy J),4YmsnZcxHEGEqHB3K0vdt0,"['7c0XG5cIJTrrAgEC3ULPiq', '0VRj0yCOv2FXJNP47XQnx5', '5gCRApTajqwbnHHPbr2Fpi']"
Bang Bang,0puf9yIluy9W0vpMEUoAnN,"['66CXWjxzNUsdJxJ2JdwvnR', '0hCNtLu0JehylgoiP8L4Gh']"
Sexy Bitch (feat. Akon),2dGxjfhFXDIUX9h5ImyKkE,"['1Cs0zKBU1kc0i8ypK3B9ai', '0z4gvV4rjIZ9wHck67ucSV']"
Stuck with U (with Justin Bieber),4HBZA5flZLE435QTztThqH,"['66CXWjxzNUsdJxJ2JdwvnR', '1uNFoZAHBGtllmzznpCI3s']"
Cinderella (feat. Ty Dolla $ign),2lpygKqzPFtItQ4ss3cgfb,"['4LLpKhyESsyAXpc4laK94U', '7c0XG5cIJTrrAgEC3ULPiq']"
family ties (with Kendrick Lamar),3QFInJAm9eyaho5vBzxInN,"['5SXuuuRpukkTvsLuUknva1', '2YZyLoL8N0Wb9xBt1NhZWg']"
One Kiss (with Dua Lipa),7ef4DlsgrMEH11cDZd32M6,"['7CajNmpbOovFoOoasH2HaY', '6M2wZ9GZgrQXHCFfjv46we']"
I Don't Wanna Wait,331l3xABO0HMr1Kkyh2LZq,"['1Cs0zKBU1kc0i8ypK3B9ai', '5Pwc4xIPtQLFEnJriah9YJ']"
You Right,0k4d5YPDr1r7FX77VdqWez,"['5cj0lLjcoR7YOSnhnX0Po5', '1Xyo4u8uXC1ZmMpatF05PJ']"
Jimmy Cooks (feat. 21 Savage),3F5CgOj3wFlRv51JsHbxhe,"['3TVXtAsR1Inumwj472S9r4', '1URnnhqYAYcrqrcwql10ft']"
Fair Trade (with Travis Scott),40iJIUlhi6renaREYGeIDS,"['3TVXtAsR1Inumwj472S9r4', '0Y5tJX1MQlPlqiwlOH1tJY']"
Godzilla (feat. Juice WRLD),7FIWs0pqAYbP91WWM0vlTQ,"['7dGJo4pcD2V6oG8kP0tJRR', '4MCBfE4596Uoi2O4DtmEMz']"
Baby (Lil Baby feat. DaBaby),5MPPttjfGap2C6j6eKcO6J,"['5f7VJjfbwm532GiveGC0ZK', '4r63FhuTkUYltbVAg5TQnk']"
Run This Town,7LR85XLWw2yXqKBSI5brbG,"['5pKCCKE2ajJHZ9KAiaK11H', '5K4W6rqBFWDnAN6FQUkS6x']"
Intentions (feat. Quavo),4umIPjkehX1r7uhmGvXiSV,"['1uNFoZAHBGtllmzznpCI3s', '0VRj0yCOv2FXJNP47XQnx5']"
Ghost Town,7vgTNTaEz3CsBZ1N4YQalM,"['5K4W6rqBFWDnAN6FQUkS6x', '2HPaUgqeutzr3jx5a9WyDV']"
My Boo,68vgtRHr7iZHpzGpon6Jlo,"['23zg3TcAtWQy7J6upgbUnj', '3DiDSECUqqY1AuBP8qtaIa']"
Telephone,4TCL0qqKyqsMZml0G3M9IM,"['1HY2Jd0NmPuamShAr6KMms', '6vWDO969PvNqNYHIOW5v0m']"
Creepin' (with The Weeknd & 21 Savage),2dHHgzDwk4BJdRwy9uXhTO,"['0iEtIxbK0KxaSlF7G42ZOp', '1Xyo4u8uXC1ZmMpatF05PJ', '1URnnhqYAYcrqrcwql10ft']"
Work,72TFWvU3wUYdUuxejTTIzt,"['5pKCCKE2ajJHZ9KAiaK11H', '3TVXtAsR1Inumwj472S9r4']"
"Or Nah (feat. The Weeknd, Wiz Khalifa & DJ Mustard) - Remix",7t2bFihaDvhIrd2gn2CWJO,"['7c0XG5cIJTrrAgEC3ULPiq', '1Xyo4u8uXC1ZmMpatF05PJ', '137W8MRPWKqSmrBGDBFSop']"
"Am I Dreaming (Metro Boomin & A$AP Rocky, Roisee)",6Ec5LeRzkisa5KJtwLfOoW,"['0iEtIxbK0KxaSlF7G42ZOp', '13ubrt8QOOCPljQ2FL1Kca']"
Lean On,01aTsQoKoeXofSTvKuunzv,"['738wLrAtLtCtFOLvQBXOXp', '540vIaP2JwjQb9dm3aArA4']"
Loyal (feat. Lil Wayne & Tyga),5BrTUo0xP1wKXLJWUaGFtk,"['55Aa2cqylxrFIXC767Z865', '5LHRHt1k9lMyONurDHEdrp']"
More Than You Know,6h5PAsRni4IRlxWr6uDPTP,"['2XnBwblw31dfGnspMIwgWz', '1xNmvlEiICkRlRGqlNFZ43', '6hyMWrxGBsOx6sWcVj1DqP']"
Señorita,6v3KW9xbzN5yKLt9YKDYA2,"['7n2wHs1TKAczGzO7Dd2rGr', '4nDoRrQiYLoBzwC5BhVJzF']"
Where Them Girls At (feat. Nicki Minaj & Flo Rida),7ks6AZmFcm3Y6PGGxGSmlB,"['1Cs0zKBU1kc0i8ypK3B9ai', '0hCNtLu0JehylgoiP8L4Gh']"
Drip Too Hard (Lil Baby & Gunna),78QR3Wp35dqAhFEc2qAGjE,"['5f7VJjfbwm532GiveGC0ZK', '2hlmm7s2ICUX0LVIhVFlZQ']"
CARNIVAL,2McT2fkH0VDqPsbiB9HWPq,"['5K4W6rqBFWDnAN6FQUkS6x', '7c0XG5cIJTrrAgEC3ULPiq']"
Devil In A New Dress,1UGD3lW3tDmgZfAVDh6w7r,"['5K4W6rqBFWDnAN6FQUkS6x', '1sBkRIssrMs1AbVkOJbc7a']"
The Life of a Showgirl (feat. Sabrina Carpenter),5eXgqtg3T8Av0m1FUaGHex,"['06HL4z0CvFAxyc27GXpf02', '74KM79TiuVKeVCqs8QtB0B']"
Wake Up in the Sky,2G1tXoGBaEMJ7FKGnkf6ud,"['13y7CgLHjMVRMDqxdx0Xdo', '0du5cEVh5yTK9QJze8zA0C', '46SHBwWsqBkxI7EeeBEQG7']"
Mood (feat. iann dior),4jPy3l0RUwlUI9T5XHBW2m,"['6fWVd57NKTalqvmjRd2t8Z', '6ASri4ePR7RlsvIQgWPJpS']"
Drowning (feat. Kodak Black),1f5cbQtDrykjarZVrShaDI,"['31W5EY0aAly4Qieq6OFu6I', '46SHBwWsqBkxI7EeeBEQG7']"
MIA,3gE4eQH3K83Sght0ZLvuBK,"['4q3ewBCX7sLwd24euuV69X', '3TVXtAsR1Inumwj472S9r4']"
Rich Baby Daddy (feat. Sexyy Red & SZA),1yeB8MUNeLo9Ek1UEpsyz6,"['3TVXtAsR1Inumwj472S9r4', '3DbwFQlvLxRSi2uX8mf81A', '7tYKF4w9nC0nq9CsPZTHyP']"
Scared to Be Lonely,3ebXMykcMXOcLeJ9xZ17XH,"['60d24wfXkVzDSfLS6hyCjZ', '6M2wZ9GZgrQXHCFfjv46we']"
Without You (feat. Usher),3UN6cIn3VIyg0z1LCuFSum,"['1Cs0zKBU1kc0i8ypK3B9ai', '23zg3TcAtWQy7J6upgbUnj']"
"Sticky (feat. GloRilla, Sexyy Red & Lil Wayne)",3tFed7YsjGnIfxeLEQwx3R,"['3DbwFQlvLxRSi2uX8mf81A', '55Aa2cqylxrFIXC767Z865']"
Chicago Freestyle (feat. Giveon),4wVOKKEHUJxHCFFNUWDn0B,"['3TVXtAsR1Inumwj472S9r4', '4fxd5Ee7UefO4CUXgwJ7IP']"
No Church In The Wild,7r6PigmGzlB3YPB7wvBBbi,"['5K4W6rqBFWDnAN6FQUkS6x', '2h93pZq0e7k5yf4dywlkpM']"
Take What You Want (feat. Ozzy Osbourne & Travis Scott),7CZyCXKG6d5ALeq41sLzbw,"['246dkjvS1zLTtiykXe5h60', '0Y5tJX1MQlPlqiwlOH1tJY']"
Enemy (with JID) - from the series Arcane League of Legends,3CIyK1V4JEJkg02E4EJnDl,"['53XhwfbYqKCa1cC15pYq2q', '47mIJdHORyRerp4os813jD']"
ZEZE (feat. Travis Scott & Offset),0FZ4Dmg8jJJAPJnvBIzD9z,"['46SHBwWsqBkxI7EeeBEQG7', '4DdkRBBYG6Yk9Ka8tdJ9BW', '0Y5tJX1MQlPlqiwlOH1tJY']"
Right Here,2Rmuzh89p29BeTIF63Opwo,"['1uNFoZAHBGtllmzznpCI3s', '3TVXtAsR1Inumwj472S9r4']"
Live Your Life,3jlbL2OTD5YmIunYzgQTAN,"['4OBJLual30L7gRl5UkeRcT', '5pKCCKE2ajJHZ9KAiaK11H']"
Silence,7vGuf3Y35N4wmASOKLUVVU,"['64KEffDW9EtZ1y2vBYgq8T', '6LuN9FCkKOj5PcnpouEgny']"
Wish (feat. Trippie Redd) - Trippie Mix,0c0YHn3DIQLl1opsQDd9kO,"['5fMUXHkw8R8eOP2RNVYEZX', '6Xgp2XMz1fhVYe7i6yNAax']"
Forever Ever (feat. Young Thug & Reese LAFLARE),4bnq2OQUwACkp2vCEbY52g,"['6Xgp2XMz1fhVYe7i6yNAax', '50co4Is1HCEo8bhOyUWKpn']"
Baby By Me,1x075F39Q0zOhjPzPKgG8E,"['3q7HBObVc0L8jNeTe5Gofh', '21E3waRsmPlU7jZsS13rcj']"
Hate Bein' Sober,2oHM9KAdFdFvDCaE4V6RST,"['15iVAtD3s3FsQR4w1v6M0P', '3q7HBObVc0L8jNeTe5Gofh', '137W8MRPWKqSmrBGDBFSop']"
I Wanna Love You,0CXVjQI9wsqaGeIARkkpYc,"['0z4gvV4rjIZ9wHck67ucSV', '7hJcb9fa4alzcOq3EaNPoG']"
Under Control - Radio Edit,4J7CKHCF3mdL4diUsmW8lq,"['7CajNmpbOovFoOoasH2HaY', '4AVFqumd2ogHFlRbKIjp1t']"
Eastside (with Halsey & Khalid),7FGq80cy8juXBCD2nrqdWU,"['5CiGnKThu5ctn9pBxv7DGa', '26VFTg2z8YR0cCuwLzESi2', '6LuN9FCkKOj5PcnpouEgny']"
Baby Don't Hurt Me,3BKD1PwArikchz2Zrlp1qi,"['1Cs0zKBU1kc0i8ypK3B9ai', '6AMd49uBDJfhf30Ak2QR5s']"
Wants and Needs (feat. Lil Baby),65OVbaJR5O1RmwOQx0875b,"['3TVXtAsR1Inumwj472S9r4', '5f7VJjfbwm532GiveGC0ZK']"
Laugh Now Cry Later (feat. Lil Durk),2SAqBLGA283SUiwJ3xOUVI,"['3TVXtAsR1Inumwj472S9r4', '3hcs9uc56yIGFCSy9leWe7']"
Need It (feat. YoungBoy Never Broke Again),1cMMVJ4FDqhCci9efd1BU6,"['6oMuImdp5ZcFhWP0ESe6mG', '7wlFDEWiM5OoIAt8RSli8b']"
I Don't Care,6hvRoJ0BTZywxu8UCPBkzx,"['6eUKZXaKkcviH0Ku9w2n3V', '1uNFoZAHBGtllmzznpCI3s']"
Save My Love,5ObyGDxNWH0Uuuk3NvC5r8,"['23fqKkggKUBHNkbKtXEls4', '6LuN9FCkKOj5PcnpouEgny', '2ZRQcIgzPCVaT9XKhXZIzh']"
Bad Bad Bad (feat. Lil Baby),1GeNui6m825V8jP4uKiIaH,"['50co4Is1HCEo8bhOyUWKpn', '5f7VJjfbwm532GiveGC0ZK']"
EYES CLOSED (with ZAYN),4WFfPxJv1KRekG6mxn837K,"['6UZ0ba50XreR4TM8u322gs', '5ZsFI1h6hIdQRw2ti0hz81']"
As Long As You Love Me,0pwYLVXVknPSGUQb39cePC,"['1uNFoZAHBGtllmzznpCI3s', '0c173mlxpT3dSFRgMO8XPh']"
Eenie Meenie,4Yaw2PmyOETOnEM3TCf98I,"['1uNFoZAHBGtllmzznpCI3s', '6S0dmVVn4udvppDhZIWxCr']"
Dial Drunk (with Post Malone),22VHOlVYBqytsrAqV8yXBK,"['2RQXRUsr4IW1f3mKyKsy4B', '246dkjvS1zLTtiykXe5h60']"
"F**kin' Problems (feat. Drake, 2 Chainz & Kendrick Lamar)",4X5f3vT8MRuXF68pfjNte5,"['13ubrt8QOOCPljQ2FL1Kca', '3TVXtAsR1Inumwj472S9r4', '17lzZA2AlOHwCwFALHttmp', '2YZyLoL8N0Wb9xBt1NhZWg']"
Lemonade,1p0rEzrK7YtdRZVtiyV7RN,"['6MPCFvOQv5cIGfw3jODMF0', '2hlmm7s2ICUX0LVIhVFlZQ', '4Gso3d4CscCijv0lmajZWs', '7rkW85dBwwrJtlHRDkJDAC']"
Un-thinkable (I'm Ready) (feat. Drake) - Remix,4o4wEDRqotccDTXiQ7TORu,"['3DiDSECUqqY1AuBP8qtaIa', '3TVXtAsR1Inumwj472S9r4']"
Mirror,5hUYsaOyMY32yjRXeuQwGj,"['55Aa2cqylxrFIXC767Z865', '0du5cEVh5yTK9QJze8zA0C']"
Please Me,1Ydy1j4ooUkDvQYSvwxjoy,"['4kYSro6naA4h99UJvo89HB', '0du5cEVh5yTK9QJze8zA0C']"
Shoota (feat. Lil Uzi Vert),2BJSMvOGABRxokHKB0OI8i,"['699OTQXzgjhIYAHMy9RyPD', '4O15NlyKLIASxsJ0PrXPfz']"
Boy With Luv (feat. Halsey),4a9tbd947vo9K8Vti9JwcI,"['3Nrfpe0tUJi4K4DXYWgMUX', '26VFTg2z8YR0cCuwLzESi2']"
Like That (feat. Gucci Mane),4EivmOT13NMpNSfTKn9p4s,"['5cj0lLjcoR7YOSnhnX0Po5', '13y7CgLHjMVRMDqxdx0Xdo']"
P power (feat. Drake),0lEjxUUlKqjqXrVlIHFduD,"['2hlmm7s2ICUX0LVIhVFlZQ', '3TVXtAsR1Inumwj472S9r4']"
Going Bad (feat. Drake),2IRZnDFmlqMuOrYOLnZZyc,"['20sxb77xiYeusSH8cVdatc', '3TVXtAsR1Inumwj472S9r4']"
I Like You (A Happier Song) (with Doja Cat),0O6u0VJ46W86TxN9wgyqDj,"['246dkjvS1zLTtiykXe5h60', '5cj0lLjcoR7YOSnhnX0Po5']"
Goodbyes (feat. Young Thug),0t3ZvGKlmYmVsDzBJAXK8C,"['246dkjvS1zLTtiykXe5h60', '50co4Is1HCEo8bhOyUWKpn']"
Come & Go (with Marshmello),2Y0wPrPQBrGhoLn14xRYCG,"['4MCBfE4596Uoi2O4DtmEMz', '64KEffDW9EtZ1y2vBYgq8T']"
LOYALTY. FEAT. RIHANNA.,6SwRhMLwNqEi6alNPVG00n,"['2YZyLoL8N0Wb9xBt1NhZWg', '5pKCCKE2ajJHZ9KAiaK11H']"
Pray For Me,6huNf4dutXRjJyGn7f5BPS,"['1Xyo4u8uXC1ZmMpatF05PJ', '2YZyLoL8N0Wb9xBt1NhZWg']"
1-800-273-8255,5tz69p7tJuGPeMGwNTxYuV,"['4xRYI6VqpkE3UwrDrAZL8L', '6LuN9FCkKOj5PcnpouEgny']"
Wolves,0tBbt8CrmxbjRP0pueQkyU,"['0C8ZW7ezQVs4URX5aX7Kqx', '64KEffDW9EtZ1y2vBYgq8T']"
Psycho (feat. Ty Dolla $ign),3swc6WTsr7rl9DqQKQA55C,"['246dkjvS1zLTtiykXe5h60', '7c0XG5cIJTrrAgEC3ULPiq']"
Nightcrawler (feat. Swae Lee & Chief Keef),3xby7fOyqmeON8jsnom0AT,"['0Y5tJX1MQlPlqiwlOH1tJY', '15iVAtD3s3FsQR4w1v6M0P']"
Space Cadet (feat. Gunna),1fewSx2d5KIZ04wsooEBOz,"['0iEtIxbK0KxaSlF7G42ZOp', '2hlmm7s2ICUX0LVIhVFlZQ']"
Beautiful Mistakes (feat. Megan Thee Stallion),5zFglKYiknIxks8geR8rcL,"['04gDigrS5kc9YWfZHwBETP', '181bsRPaVXVlUKXrxwZfHK']"
Who's That Chick? (feat. Rihanna),7e1h7rqNB0BBC2fUuWEEFe,"['1Cs0zKBU1kc0i8ypK3B9ai', '5pKCCKE2ajJHZ9KAiaK11H']"
TELEKINESIS (feat. SZA & Future),1i9lZvlaDdWDPyXEE95aiq,"['0Y5tJX1MQlPlqiwlOH1tJY', '7tYKF4w9nC0nq9CsPZTHyP', '1RyvyyTE3xzB2ZywiAwp0i']"
"Taki Taki (feat. Selena Gomez, Ozuna & Cardi B)",0KoiMHhqKLoL4xM54rcWYY,"['540vIaP2JwjQb9dm3aArA4', '0C8ZW7ezQVs4URX5aX7Kqx', '4kYSro6naA4h99UJvo89HB']"
ExtraL (feat. Doechii),4EIFwndJvGpgFjsEbNuYif,"['250b0Wlc5Vk0CoUsaCY84M', '4E2rKHVDssGJm2SCDOMMJB']"
Stay Ready (What A Life),5nkUIVKqOqdpB6ApKgEMkv,"['5ZS223C6JyBfXasXxrRqOk', '2YZyLoL8N0Wb9xBt1NhZWg']"
My Universe,46HNZY1i7O6jwTA7Slo2PI,"['4gzpq5DPGxSnKTe4SA8HAU', '3Nrfpe0tUJi4K4DXYWgMUX']"
ROCKSTAR (feat. Roddy Ricch),7ytR5pFWmSjzHJIeQkgog4,"['4r63FhuTkUYltbVAg5TQnk', '757aE44tKEUQEqRuT6GnEB']"
"Genius (feat. Sia, Diplo, and Labrinth)",4xigPf2sigSPmuFH3qCelB,"['5WUlDfRSoLAfcVSX1WnrxN', '5fMUXHkw8R8eOP2RNVYEZX']"
Money In The Grave (Drake ft. Rick Ross),5ry2OE6R2zPQFDO85XkgRb,"['3TVXtAsR1Inumwj472S9r4', '1sBkRIssrMs1AbVkOJbc7a']"
California Gurls,6tS3XVuOyu10897O3ae7bi,"['6jJ0s89eD6GaHleKKya26X', '7hJcb9fa4alzcOq3EaNPoG']"
Nights Like This (feat. Ty Dolla $ign),6ZRuF2n1CQxyxxAAWsKJOy,"['0cGUm45nv7Z6M6qdXYQGTX', '7c0XG5cIJTrrAgEC3ULPiq']"
Pursuit Of Happiness - Extended Steve Aoki Remix,5PX4uS1LqlWEPL69phPVQQ,"['0fA0VVWsXO9YnASrzqfmYu', '77AiFEVeAVj2ORpC85QVJs']"
Born Again (feat. Doja Cat & RAYE),7KNmIjcmGJIBrhP2s5Vioe,"['5L1lO4eRHmJ7a0Q6csE5cT', '5cj0lLjcoR7YOSnhnX0Po5']"
Bad and Boujee (feat. Lil Uzi Vert),0M9ydKzuF3oZTfYYPfaGX1,"['6oMuImdp5ZcFhWP0ESe6mG', '4O15NlyKLIASxsJ0PrXPfz']"
Miss The Rage,5n4FTCMefvyKUjeWumdaWv,"['6Xgp2XMz1fhVYe7i6yNAax', '699OTQXzgjhIYAHMy9RyPD']"
Mood Swings,5l0uFjA731wPYH8CkR7K1Y,"['0eDvMgVFoNV3TpwtrVCoTj', '6jGMq4yGs7aQzuGsMgVgZR']"
Beat It (feat. Chris Brown & Wiz Khalifa),3bwCMbwDZVtvJDnUTQIdCX,"['6S0dmVVn4udvppDhZIWxCr', '137W8MRPWKqSmrBGDBFSop']"
Jukebox Joints (feat. Joe Fox & Kanye West),2gAGWaK4wvt2xrFUlR4mK8,"['13ubrt8QOOCPljQ2FL1Kca', '5K4W6rqBFWDnAN6FQUkS6x']"
"Young, Wild & Free (feat. Bruno Mars)",5HQVUIKwCEXpe7JIHyY734,"['7hJcb9fa4alzcOq3EaNPoG', '137W8MRPWKqSmrBGDBFSop', '0du5cEVh5yTK9QJze8zA0C']"
Cold Water,7zsXy7vlHdItvUSH8EwQss,"['738wLrAtLtCtFOLvQBXOXp', '1uNFoZAHBGtllmzznpCI3s']"
Loco Contigo (feat. J. Balvin & Tyga),6osaMSJh9NguagEDQcZaKx,"['540vIaP2JwjQb9dm3aArA4', '5LHRHt1k9lMyONurDHEdrp']"
EVERY CHANCE I GET (feat. Lil Baby & Lil Durk),1EJIcDYXwSqipW5dFe4uJz,"['0QHgL1lAIqAw0HtD7YldmP', '5f7VJjfbwm532GiveGC0ZK', '3hcs9uc56yIGFCSy9leWe7']"
Slide (feat. Frank Ocean & Migos),7tr2za8SQg2CI8EDgrdtNl,"['7CajNmpbOovFoOoasH2HaY', '2h93pZq0e7k5yf4dywlkpM', '6oMuImdp5ZcFhWP0ESe6mG']"
WAP (feat. Megan Thee Stallion),4Oun2ylbjFKMPTiaSbbCih,"['4kYSro6naA4h99UJvo89HB', '181bsRPaVXVlUKXrxwZfHK']"
What It Is (Block Boy) (with Kodak Black),1O8zCu3dLLPxkbGfIsbRgE,"['4E2rKHVDssGJm2SCDOMMJB', '46SHBwWsqBkxI7EeeBEQG7']"
Fancy,3fpTMuD1u3gJlVI4FadVHs,"['3TVXtAsR1Inumwj472S9r4', '4OBJLual30L7gRl5UkeRcT']"
Love Is Gone - Acoustic,7F1CiKqrY44kh5cDqwHOnx,"['20DZAfCuP1TKZl5KcY7z3Q', '6d0ZjIp5L7Ygy2l02HskRX']"
Wasted (feat. Lil Uzi Vert),1a7WZZZH7LzyvorhpOJFTe,"['4MCBfE4596Uoi2O4DtmEMz', '4O15NlyKLIASxsJ0PrXPfz']"
Snooze (Acoustic) (feat. Justin Bieber),5YABYtKx9qa56vBjlXDbmw,"['7tYKF4w9nC0nq9CsPZTHyP', '1uNFoZAHBGtllmzznpCI3s']"
Tusa,7k4t7uLgtOxPwTpFmtJNTY,"['790FomKkXshlbRYZFtlgla', '0hCNtLu0JehylgoiP8L4Gh']"
Shoulda Never (feat. USHER),1ITJflybJsfarsUtiBvkfK,"['0cGUm45nv7Z6M6qdXYQGTX', '23zg3TcAtWQy7J6upgbUnj']"
Payphone,4P0osvTXoSYZZC2n8IFH3c,"['04gDigrS5kc9YWfZHwBETP', '137W8MRPWKqSmrBGDBFSop']"
Promises (with Sam Smith),6auDCEMr5aHTNu4Kw9h5U6,"['7CajNmpbOovFoOoasH2HaY', '2wY79sveU1sp5g7SokKOiI']"
Fetish (feat. Gucci Mane),4lnAN2S1fcI0SjxEbksZVr,"['0C8ZW7ezQVs4URX5aX7Kqx', '13y7CgLHjMVRMDqxdx0Xdo']"
Hurts Me,0RBw4ODUQPO4cuAOZtBGga,"['2jku7tDXc6XoB6MO2hFuqg', '6Xgp2XMz1fhVYe7i6yNAax']"
Strategy (feat. Megan Thee Stallion),5zQUndaoBtXJ10SsApqtvw,"['7n2Ycct7Beij7Dj7meI4X0', '181bsRPaVXVlUKXrxwZfHK']"
Walk It Talk It,6n4U3TlzUGhdSFbUUhTvLP,"['6oMuImdp5ZcFhWP0ESe6mG', '3TVXtAsR1Inumwj472S9r4']"
Mercy,4qikXelSRKvoCqFcHLB2H2,"['5K4W6rqBFWDnAN6FQUkS6x', '0c173mlxpT3dSFRgMO8XPh', '17lzZA2AlOHwCwFALHttmp']"
South of the Border (feat. Camila Cabello & Cardi B),4vUmTMuQqjdnvlZmAH61Qk,"['6eUKZXaKkcviH0Ku9w2n3V', '4nDoRrQiYLoBzwC5BhVJzF', '4kYSro6naA4h99UJvo89HB']"
On My Way,3BomnHfqKZCdPJC9bkGBjE,"['7vk5e3vY1uw9plTHJAMwjN', '74KM79TiuVKeVCqs8QtB0B']"
Words (feat. Zara Larsson),1bgKMxPQU7JIZEhNsM1vFs,"['4AVFqumd2ogHFlRbKIjp1t', '1Xylc3o4UrD53lo9CvFvVg']"
TIL FURTHER NOTICE (feat. James Blake & 21 Savage),76gcXhY3Zv6wW0BTe9nHJo,"['0Y5tJX1MQlPlqiwlOH1tJY', '1URnnhqYAYcrqrcwql10ft']"
Guess featuring billie eilish,3WOhcATHxK2SLNeP5W3v1v,"['25uiPmTg16RbhZWAqwLBy5', '6qqNVTkY8uBg9cP3Jd7DAH']"
Rain On Me (with Ariana Grande),7ju97lgwC2rKQ6wwsf9no9,"['1HY2Jd0NmPuamShAr6KMms', '66CXWjxzNUsdJxJ2JdwvnR']"
Fell In Luv (feat. Bryson Tiller),1s9DTymg5UQrdorZf43JQm,"['699OTQXzgjhIYAHMy9RyPD', '2EMAnMvWE2eb56ToJVfCWs']"
MIC Drop (Steve Aoki Remix) (Full Length Edition),01380RE6UfsPSdiUIwrCoH,"['3Nrfpe0tUJi4K4DXYWgMUX', '77AiFEVeAVj2ORpC85QVJs']"
My Oh My (feat. DaBaby),3yOlyBJuViE2YSGn3nVE1K,"['4nDoRrQiYLoBzwC5BhVJzF', '4r63FhuTkUYltbVAg5TQnk']"
"girl, get up. (feat. SZA)",2igNvPf7RLTZG688Mx8GtU,"['4E2rKHVDssGJm2SCDOMMJB', '7tYKF4w9nC0nq9CsPZTHyP']"
Loveeeeeee Song,3DZQ6mzUkAdHqZWzqxBKIK,"['5pKCCKE2ajJHZ9KAiaK11H', '1RyvyyTE3xzB2ZywiAwp0i']"
Pop Out (feat. Lil Tjay),6uFn47ACjqYkc0jADwEdj1,"['6AgTAQt8XS6jRWi4sX7w49', '6jGMq4yGs7aQzuGsMgVgZR']"
Different Species (feat. Gunna),7H5Bv8j9chJ4CWTuoXF4EK,"['4DdkRBBYG6Yk9Ka8tdJ9BW', '2hlmm7s2ICUX0LVIhVFlZQ']"
Taste (feat. Offset),2toVe5hfuIi97ytDPDbQFt,"['5LHRHt1k9lMyONurDHEdrp', '4DdkRBBYG6Yk9Ka8tdJ9BW']"
No Sense,5L9WFUodzACitS1TiGm7Mi,"['1uNFoZAHBGtllmzznpCI3s', '0Y5tJX1MQlPlqiwlOH1tJY']"
my ex's best friend (with blackbear),7kDUspsoYfLkWnZR7qwHZl,"['6TIYQ3jFPwQSRmorSezPxX', '2cFrymmkijnjDg9SS92EPM']"
Bunce Road Blues (with Future & Tems),6jtqO14L18plBtpDTtUkFR,"['6l3HvQ5sa6mXTsMTB19rO5', '1RyvyyTE3xzB2ZywiAwp0i']"
Can't Get Enough,3mTpegrOwRn0oJjv4TSbEE,"['6l3HvQ5sa6mXTsMTB19rO5', '2iojnBLj0qIMiKPvVhLnsH']"
Bandit (with YoungBoy Never Broke Again),1oWM79mUVdZGCGYjSirHZR,"['4MCBfE4596Uoi2O4DtmEMz', '7wlFDEWiM5OoIAt8RSli8b']"
Bon Appétit,4rHmKlFRiFzabiVO6e9w2e,"['6jJ0s89eD6GaHleKKya26X', '6oMuImdp5ZcFhWP0ESe6mG']"
Stargirl Interlude,4EDijkJdHBZZ0GwJ12iTAj,"['1Xyo4u8uXC1ZmMpatF05PJ', '00FQb4jTyendYWaN8pK0wa']"
Roll in Peace (feat. XXXTENTACION),40oKW22ZNNkEdZLJTScaQI,"['46SHBwWsqBkxI7EeeBEQG7', '15UsOTVnJzReFVN1VCnxy4']"
In For It,6ydWxkzjDktHsTzvWcaZ1i,"['2jku7tDXc6XoB6MO2hFuqg', '5eIbEEQnDM8yuDVB0bimSP']"
Self Love (Spider-Man: Across the Spider-Verse) (Metro Boomin & Coi Leray),0AAMnNeIc6CdnfNU85GwCH,"['0iEtIxbK0KxaSlF7G42ZOp', '6AMd49uBDJfhf30Ak2QR5s']"
From Time,2WC4sK0ryyysQhtDok9Ytr,"['3TVXtAsR1Inumwj472S9r4', '5ZS223C6JyBfXasXxrRqOk']"
Dark Knight Dummo,1pfwOQKJsRRBf6NdYO4Qog,"['6Xgp2XMz1fhVYe7i6yNAax', '0Y5tJX1MQlPlqiwlOH1tJY']"
Beautiful People (feat. Khalid),70eFcWOvlMObDhURTqT4Fv,"['6eUKZXaKkcviH0Ku9w2n3V', '6LuN9FCkKOj5PcnpouEgny']"
New Flame (feat. Usher & Rick Ross),3fBbfrWZUuWWrMQXFISr7N,"['23zg3TcAtWQy7J6upgbUnj', '1sBkRIssrMs1AbVkOJbc7a']"
her (feat. Annika Wells),2Kc8MeW8prVwHEREYM3wCG,"['164Uj4eKjl6zTBKfJLFKKK', '0kErUwb6xgWfkdn0RyZWHZ']"
motive (with Doja Cat),5GkQIP5mWPi4KZLLXeuFTT,"['66CXWjxzNUsdJxJ2JdwvnR', '5cj0lLjcoR7YOSnhnX0Po5']"
Tell Me Why - Radio Edit,4yhGkvdYU5bi4950r80FRo,"['1xNmvlEiICkRlRGqlNFZ43', '4FqPRilb0Ja0TKG3RS3y4s']"
First Person Shooter (feat. J. Cole),7aqfrAY2p9BUSiupwk3svU,"['3TVXtAsR1Inumwj472S9r4', '6l3HvQ5sa6mXTsMTB19rO5']"
Lonely (with benny blanco),3S8jK1mGzQi24ilFb45DAZ,"['1uNFoZAHBGtllmzznpCI3s', '5CiGnKThu5ctn9pBxv7DGa']"
Handlebars (feat. Dua Lipa),3gJAFFELdZyIM8tiwLAikg,"['250b0Wlc5Vk0CoUsaCY84M', '6M2wZ9GZgrQXHCFfjv46we']"
Love Hangover (feat. Dominic Fike),0rx7xu0RmZLpJjKNVZjSVv,"['250b0Wlc5Vk0CoUsaCY84M', '6USv9qhCn6zfxlBQIYJ9qs']"
like JENNIE - Extended Remix,1053UWA7fTbVLxBX8R9ClO,"['250b0Wlc5Vk0CoUsaCY84M', '5fMUXHkw8R8eOP2RNVYEZX']"
This One's for You (feat. Zara Larsson) (Official Song UEFA EURO 2016),46NBoIAHrmR7qcUGCIFEjR,"['1Cs0zKBU1kc0i8ypK3B9ai', '1Xylc3o4UrD53lo9CvFvVg']"
All Eyes on You (feat. Chris Brown & Nicki Minaj),0hy1SOTEn9ifXTzOwnCwEr,"['20sxb77xiYeusSH8cVdatc', '0hCNtLu0JehylgoiP8L4Gh']"
River (feat. Ed Sheeran),1cS0TgbR263ey9jn0MwD2s,"['7dGJo4pcD2V6oG8kP0tJRR', '6eUKZXaKkcviH0Ku9w2n3V']"
I Get the Bag (feat. Migos),1XRgIKC5TPwo7nWGyKqgG0,"['13y7CgLHjMVRMDqxdx0Xdo', '6oMuImdp5ZcFhWP0ESe6mG']"
Starving,4Ce37cRWvM1vIGGynKcs22,"['5p7f24Rk5HkUZsaS3BLG5F', '2qxJFvFYMEDqd7ui6kSAcq']"
m y . l i f e (with 21 Savage & Morray),1D3z6HTiQsNmZxjl7F7eoG,"['6l3HvQ5sa6mXTsMTB19rO5', '1URnnhqYAYcrqrcwql10ft']"
Suicidal (feat. Juice WRLD) - Remix,4S2uhQE8L9V6p7rj7SiauJ,"['1cNDP5yjU5vjeR8qMf4grg', '4MCBfE4596Uoi2O4DtmEMz']"
Ransom (with Juice WRLD) - Remix,2WsuSYJNXGKXVYkHPnq2yp,"['4Ga1P7PMIsmqEZqhYZQgDo', '4MCBfE4596Uoi2O4DtmEMz']"
CONTIGO (with Tiësto),4UkUxO2WlKLc0Q1iEutGGh,"['790FomKkXshlbRYZFtlgla', '2o5jDhtHVPhrJdv3cEQ99Z']"
Stuff (feat. Travis Scott),6JvIjI8H3yxpigROd3Cv9N,"['5f7VJjfbwm532GiveGC0ZK', '0Y5tJX1MQlPlqiwlOH1tJY']"
Hate That I Love You,7iu0WYLdo4yksKf3seaxzI,"['5pKCCKE2ajJHZ9KAiaK11H', '21E3waRsmPlU7jZsS13rcj']"
23,20FZrLl9zSbO9b3DhaqO6M,"['5YGY8feqx7naU7z4HrwZM6', '137W8MRPWKqSmrBGDBFSop', '5gCRApTajqwbnHHPbr2Fpi']"
End Game,2x0WlnmfG39ZuDmstl9xfX,"['06HL4z0CvFAxyc27GXpf02', '6eUKZXaKkcviH0Ku9w2n3V', '1RyvyyTE3xzB2ZywiAwp0i']"
"Calling (Spider-Man: Across the Spider-Verse) (Metro Boomin & Swae Lee, NAV, feat. A Boogie Wit da Hoodie)",5rurggqwwudn9clMdcchxT,"['0iEtIxbK0KxaSlF7G42ZOp', '7rkW85dBwwrJtlHRDkJDAC', '31W5EY0aAly4Qieq6OFu6I']"
Hello,5uAqN06nSD4MB2RlAsWwqc,"['0eDvMgVFoNV3TpwtrVCoTj', '31W5EY0aAly4Qieq6OFu6I']"
Excitement,66w7lK0t98OPgvYjXp39IP,"['6Xgp2XMz1fhVYe7i6yNAax', '2HPaUgqeutzr3jx5a9WyDV']"
"Let Me Go (with Alesso, Florida Georgia Line & watt)",5Gu0PDLN4YJeW75PpBSg9p,"['5p7f24Rk5HkUZsaS3BLG5F', '4AVFqumd2ogHFlRbKIjp1t']"
The Way,06EL94D0TA27Ik0Ke5usbj,"['66CXWjxzNUsdJxJ2JdwvnR', '4LLpKhyESsyAXpc4laK94U']"
UN DIA (ONE DAY),66x45Yh9x397PWpxMX0ZDT,"['6M2wZ9GZgrQXHCFfjv46we', '4q3ewBCX7sLwd24euuV69X']"
Ahora Me Llama,0alSPoUfrGb0RdVVG4Lf3n,"['790FomKkXshlbRYZFtlgla', '4q3ewBCX7sLwd24euuV69X']"
I Know,6rje9f1wRFJDO2iTORw0lH,"['0c173mlxpT3dSFRgMO8XPh', '5ZS223C6JyBfXasXxrRqOk']"
Kiss and Make Up,7jr3iPu4O4bTCVwLMbdU2i,"['6M2wZ9GZgrQXHCFfjv46we', '41MozSoPIsD1dJM0CLPjZF']"
Princess of China,4HXOBjwv2RnLpGG4xWOO6N,"['4gzpq5DPGxSnKTe4SA8HAU', '5pKCCKE2ajJHZ9KAiaK11H']"
2U (feat. Justin Bieber),61WR5FfGNLJxpLsAc61qWQ,"['1Cs0zKBU1kc0i8ypK3B9ai', '1uNFoZAHBGtllmzznpCI3s']"
Pain 1993 (with Playboi Carti),6Kj17Afjo1OKJYpf5VzCeo,"['3TVXtAsR1Inumwj472S9r4', '699OTQXzgjhIYAHMy9RyPD']"
Crew Love,0V4l4GQhgnWQGtCWpvA7va,"['3TVXtAsR1Inumwj472S9r4', '1Xyo4u8uXC1ZmMpatF05PJ']"
Flex Up (feat. Future & Playboi Carti),5Ryu0SlsYjKh78RkJUONFr,"['6icQOAFXDZKsumw3YXyusw', '1RyvyyTE3xzB2ZywiAwp0i', '699OTQXzgjhIYAHMy9RyPD']"
Bottoms Up (feat. Nicki Minaj),4AYX69oFP3UOS1CFmV9UfO,"['2iojnBLj0qIMiKPvVhLnsH', '0hCNtLu0JehylgoiP8L4Gh']"
No Love,7bHT9osSq1rwT2yaImzqCi,"['7dGJo4pcD2V6oG8kP0tJRR', '55Aa2cqylxrFIXC767Z865']"
Bitch Please II,7lgvU7WnwcNZ8dbGUz8yhP,"['7dGJo4pcD2V6oG8kP0tJRR', '7hJcb9fa4alzcOq3EaNPoG']"
Be Kind (with Halsey),3Z8FwOEN59mRMxDCtb8N0A,"['64KEffDW9EtZ1y2vBYgq8T', '26VFTg2z8YR0cCuwLzESi2']"
Beautiful Now,2ISSQPb9LHHiV6ng2NXosL,"['2qxJFvFYMEDqd7ui6kSAcq', '50JJSqHUf2RQ9xsHs0KMHg']"
Scared of the Dark (feat. XXXTENTACION),3vWzyGTu6Ovo1GdrcJqH6e,"['55Aa2cqylxrFIXC767Z865', '7c0XG5cIJTrrAgEC3ULPiq', '15UsOTVnJzReFVN1VCnxy4']"
True Love,06JvOZ39sK8D8SqiqfaxDU,"['5K4W6rqBFWDnAN6FQUkS6x', '15UsOTVnJzReFVN1VCnxy4']"
Anotha Luva (feat. Lil Wayne),1LCiGi699HYk4nznLRQovN,"['0cGUm45nv7Z6M6qdXYQGTX', '55Aa2cqylxrFIXC767Z865']"
10:35,6BePGk3eCan4FqaW2X8Qy3,"['2o5jDhtHVPhrJdv3cEQ99Z', '45dkTj5sMRSjrmBSBeiHym']"
We Own It (Fast & Furious),2OQJKTtrH482waGFmOfJni,"['17lzZA2AlOHwCwFALHttmp', '137W8MRPWKqSmrBGDBFSop']"
Never Enough,5CsDo9j3N4yFZNCN1h9loS,"['7dGJo4pcD2V6oG8kP0tJRR', '3q7HBObVc0L8jNeTe5Gofh']"
1400 / 999 Freestyle,0axBgt9y0GvMCLuRl2xBKG,"['6Xgp2XMz1fhVYe7i6yNAax', '4MCBfE4596Uoi2O4DtmEMz']"
Hot,5Z8HZM6iQMhhqyPcCGY5g9,"['50co4Is1HCEo8bhOyUWKpn', '2hlmm7s2ICUX0LVIhVFlZQ']"
Done for Me (feat. Kehlani),1lsBTdE6MGsKeZCD6llNu7,"['6VuMaDnrHyPL1p4EHjYLi7', '0cGUm45nv7Z6M6qdXYQGTX']"
ROOMS,0LnDKUQRhGvVMraLKhWnuD,"['15iVAtD3s3FsQR4w1v6M0P', '7wlFDEWiM5OoIAt8RSli8b']"
Bed Peace,5Ck3e6z1bcSCes5gdo0Ddt,"['5ZS223C6JyBfXasXxrRqOk', '73sIBHcqh3Z3NyqHKZ7FOL']"
U Are My High (with Future),0ITaSRuI0L1RNL7ZNYTTi7,"['540vIaP2JwjQb9dm3aArA4', '1RyvyyTE3xzB2ZywiAwp0i']"
Get Along Better,5ScbulRnixQ2XAdvrPMFjz,"['3TVXtAsR1Inumwj472S9r4', '7c0XG5cIJTrrAgEC3ULPiq']"
Moment 4 Life,1ia019RqDK2o4QiANR1Dyn,"['0hCNtLu0JehylgoiP8L4Gh', '3TVXtAsR1Inumwj472S9r4']"
Hate Me (with Juice WRLD),6kls8cSlUyHW2BUOkDJIZE,"['0X2BH1fck6amBIoJhDVmmJ', '4MCBfE4596Uoi2O4DtmEMz']"
Stay The Night - Featuring Hayley Williams Of Paramore,2QtJA4gbwe1AcanB2p21aP,"['2qxJFvFYMEDqd7ui6kSAcq', '6Rx1JKzBrSzoKQtmbVmBnM']"
Lucky You (feat. Joyner Lucas),60SdxE8apGAxMiRrpbmLY0,"['7dGJo4pcD2V6oG8kP0tJRR', '6C1ohJrd5VydigQtaGy5Wa']"
Drankin N Smokin,0k7wmahjkn389wAZdz19Cv,"['1RyvyyTE3xzB2ZywiAwp0i', '4O15NlyKLIASxsJ0PrXPfz']"
Party (feat. Usher & Gucci Mane),1KhljCoJ2TgDEldnnfTHHc,"['23zg3TcAtWQy7J6upgbUnj', '13y7CgLHjMVRMDqxdx0Xdo']"
HOTEL LOBBY (Unc & Phew),4vVjPTApwXZwB2H3mBq3ml,"['0VRj0yCOv2FXJNP47XQnx5', '3EW0kQ1skZiK1NHg3Spt9J']"
Snow On The Beach (feat. More Lana Del Rey),4zmKGsrXjLmljb5fTaBTot,"['06HL4z0CvFAxyc27GXpf02', '00FQb4jTyendYWaN8pK0wa']"
WAY IT IS,1r3uOHPoiIv89Xb6K9bDH4,"['1uNFoZAHBGtllmzznpCI3s', '2hlmm7s2ICUX0LVIhVFlZQ']"
Fantasy (feat. Don Toliver),1dvqHhLNccePPBHq11TW7v,"['1U1el3k54VvEUzo3ybLPlM', '4Gso3d4CscCijv0lmajZWs']"
Gorgeous,23SZWX2IaDnxmhFsSLvkG2,"['5K4W6rqBFWDnAN6FQUkS6x', '0fA0VVWsXO9YnASrzqfmYu']"
OTW,6Hgh47WXVKtXN5zGOu0hjI,"['6LuN9FCkKOj5PcnpouEgny', '7c0XG5cIJTrrAgEC3ULPiq']"
Tough,22DH8NChecsgPxDjA4pqer,"['0VRj0yCOv2FXJNP47XQnx5', '00FQb4jTyendYWaN8pK0wa']"
Who,0pSqYDTjY1Xt86usTQslAx,"['5JZ7CnR6gTvEMKX4g70Amv', '3Nrfpe0tUJi4K4DXYWgMUX']"
GODS,62J3LcwTASdo624WsF3L6k,"['47mIJdHORyRerp4os813jD', '6HvZYsbFfjnjFrWF950C9d']"
Run It Up (feat. Offset & Moneybagg Yo),1dg3qy5DjoJodawfOCgrTP,"['6jGMq4yGs7aQzuGsMgVgZR', '4DdkRBBYG6Yk9Ka8tdJ9BW']"
Prisoner (feat. Dua Lipa),2Oycxb8QbPkpHTo8ZrmG0B,"['5YGY8feqx7naU7z4HrwZM6', '6M2wZ9GZgrQXHCFfjv46we']"
Swalla (feat. Nicki Minaj & Ty Dolla $ign),6kex4EBAj0WHXDKZMEJaaF,"['0hCNtLu0JehylgoiP8L4Gh', '7c0XG5cIJTrrAgEC3ULPiq']"
Consideration,6t90Z9XkdsHD8xMxro6KRP,"['5pKCCKE2ajJHZ9KAiaK11H', '7tYKF4w9nC0nq9CsPZTHyP']"
Turks & Caicos (feat. 21 Savage),3kfhS2L56Wj8fBcu7xE47H,"['45TgXXqMDdF8BkjA83OM7z', '1URnnhqYAYcrqrcwql10ft']"
Wild Thoughts (feat. Rihanna & Bryson Tiller),45XhKYRRkyeqoW3teSOkCM,"['0QHgL1lAIqAw0HtD7YldmP', '5pKCCKE2ajJHZ9KAiaK11H', '2EMAnMvWE2eb56ToJVfCWs']"
Takeaway,3g0mEQx3NTanacLseoP0Gw,"['69GGBxA162lTqCwzJG5jLp', '45eNHdiiabvmbp4erw26rg']"
I'm So Paid,6M07mzRP5ByQiWexLtR8PU,"['0z4gvV4rjIZ9wHck67ucSV', '55Aa2cqylxrFIXC767Z865']"
Sweat (Snoop Dogg vs. David Guetta) - David Guetta Remix,0R7YVi7w41Dr9jU5vblAok,"['7hJcb9fa4alzcOq3EaNPoG', '1Cs0zKBU1kc0i8ypK3B9ai']"
safety net (feat. Ty Dolla $ign),14gkWVFMwdxBMyqBw1wmIg,"['66CXWjxzNUsdJxJ2JdwvnR', '7c0XG5cIJTrrAgEC3ULPiq']"
All My Friends (feat. Tinashe & Chance the Rapper),6TaqooOXAEcijL6G1AWS2K,"['0NIIxcxNHmOoyBx03SfTCD', '1anyVhU62p31KFi8MEzkbf']"
Save That Shit,6ptNBM3aWWACAQqC4rgkmp,"['15iVAtD3s3FsQR4w1v6M0P', '6GMYJwaziB4ekv1Y6wCDWS']"
Heartbroken (feat. Jessie Murph & Polo G),60eA3QITW5G2D7Woc11uKc,"['5fMUXHkw8R8eOP2RNVYEZX', '6AgTAQt8XS6jRWi4sX7w49']"
Juicy,7f5trao56t7sB7f14QDTmp,"['5cj0lLjcoR7YOSnhnX0Po5', '5LHRHt1k9lMyONurDHEdrp']"
Never Lose Me (feat. SZA & Cardi B),0i1bokCJ95evU1gb5HcXFy,"['7tYKF4w9nC0nq9CsPZTHyP', '4kYSro6naA4h99UJvo89HB']"
forget me too (feat. Halsey),1VSuFS7PahCN3SWbOcQ98m,"['6TIYQ3jFPwQSRmorSezPxX', '26VFTg2z8YR0cCuwLzESi2']"
Under The Sun (with J. Cole & Lute feat. DaBaby),6MF4tRr5lU8qok8IKaFOBE,"['6l3HvQ5sa6mXTsMTB19rO5', '4r63FhuTkUYltbVAg5TQnk']"
All My Life (feat. J. Cole),6HgWWaMu31KdOpEG5l28BG,"['3hcs9uc56yIGFCSy9leWe7', '6l3HvQ5sa6mXTsMTB19rO5']"
She Knows,7seTcUFOhn5caSDbiSfsp0,"['21E3waRsmPlU7jZsS13rcj', '5gCRApTajqwbnHHPbr2Fpi']"
Monster (Shawn Mendes & Justin Bieber),1HbA4N1MiOsPthALesGFR1,"['7n2wHs1TKAczGzO7Dd2rGr', '1uNFoZAHBGtllmzznpCI3s']"
Mixed Personalities (feat. Kanye West),6vWEAOUSxohKxhp0K1BsxL,"['1cNDP5yjU5vjeR8qMf4grg', '5K4W6rqBFWDnAN6FQUkS6x']"
THE SCOTTS,39Yp9wwQiSRIDOvrVg7mbk,"['0Y5tJX1MQlPlqiwlOH1tJY', '0fA0VVWsXO9YnASrzqfmYu']"
WUSYANAME (feat. Youngboy Never Broke Again & Ty Dolla $ign),5B0kgjHULYJhAQkK5XsMoC,"['7wlFDEWiM5OoIAt8RSli8b', '7c0XG5cIJTrrAgEC3ULPiq']"
WHO I WAS,48axmFD7PUPnTOdSFMYrvj,"['6fOMl44jA4Sp5b9PpYCkzz', '6TIYQ3jFPwQSRmorSezPxX']"
GATTI,40mjsnRjCpycdUw3xhS20g,"['0eDvMgVFoNV3TpwtrVCoTj', '0Y5tJX1MQlPlqiwlOH1tJY']"
Rich As Fuck,3SShjQBczSt1HMpWA9zbwE,"['55Aa2cqylxrFIXC767Z865', '17lzZA2AlOHwCwFALHttmp']"
It Ain't Me,12GEpg2XOPyqk03JZEZnJs,"['23fqKkggKUBHNkbKtXEls4', '0C8ZW7ezQVs4URX5aX7Kqx']"
Never Going Home Tonight (feat. Madison Love),7K1BLb6MpvKuGEPpHw35mO,"['1Cs0zKBU1kc0i8ypK3B9ai', '4AVFqumd2ogHFlRbKIjp1t']"
Cold (feat. Future),7gwLQ4tZ5UdZ7qNcDyJ8wr,"['04gDigrS5kc9YWfZHwBETP', '1RyvyyTE3xzB2ZywiAwp0i']"
K-POP,5L3ecxQnQ9qTBmnLQiwf0C,"['0Y5tJX1MQlPlqiwlOH1tJY', '4q3ewBCX7sLwd24euuV69X', '1Xyo4u8uXC1ZmMpatF05PJ']"
Ring (feat. Kehlani),5DfWF0jqMgZDCiu9zJENTA,"['4kYSro6naA4h99UJvo89HB', '0cGUm45nv7Z6M6qdXYQGTX']"
Bad Decisions (with BTS & Snoop Dogg),0xzI1KAr0Yd9tv8jlIk3sn,"['5CiGnKThu5ctn9pBxv7DGa', '3Nrfpe0tUJi4K4DXYWgMUX', '7hJcb9fa4alzcOq3EaNPoG']"
The Weekend - Funk Wav Remix,0P6AWOA4LG1XOctzaVu5tt,"['7tYKF4w9nC0nq9CsPZTHyP', '7CajNmpbOovFoOoasH2HaY']"
Ma Meilleure Ennemie ft. Coldplay,1ZHvGQZNz6HLbxhAtu7pin,"['4gzpq5DPGxSnKTe4SA8HAU', '47mIJdHORyRerp4os813jD']"
GREECE (feat. Drake),35RJhm1pEovTBwnNR0zWad,"['0QHgL1lAIqAw0HtD7YldmP', '3TVXtAsR1Inumwj472S9r4']"
Without Me,7MhNCT34oaLIxwAsZlZd67,"['26VFTg2z8YR0cCuwLzESi2', '4MCBfE4596Uoi2O4DtmEMz']"
That Go! (feat. T-Shyne),6rUmUJ2drFemHTH73bFAKQ,"['50co4Is1HCEo8bhOyUWKpn', '20sxb77xiYeusSH8cVdatc']"
Relationship (feat. Future),25oOaleife6E2MIKmFkPvg,"['50co4Is1HCEo8bhOyUWKpn', '1RyvyyTE3xzB2ZywiAwp0i']"
let it breathe (feat. Roddy Ricch),4vpx4cL7IRedZul0j0bL2c,"['2hlmm7s2ICUX0LVIhVFlZQ', '757aE44tKEUQEqRuT6GnEB']"
Mannequin Challenge (feat. Juice WRLD),5TnLXSd4h6G06Fbt2ApOpa,"['50co4Is1HCEo8bhOyUWKpn', '4MCBfE4596Uoi2O4DtmEMz']"
Die For Me (feat. Future & Halsey),2C6WXnmZ66tHhHlnvwePiK,"['246dkjvS1zLTtiykXe5h60', '26VFTg2z8YR0cCuwLzESi2', '1RyvyyTE3xzB2ZywiAwp0i']"
Barbie World (with Aqua) [From Barbie The Album],741UUVE2kuITl0c6zuqqbO,"['0hCNtLu0JehylgoiP8L4Gh', '3LZZPxNDGDFVSIPqf4JuEf']"
Stars Will Align,5REMa10O4aA2mLtYyflWxs,"['23fqKkggKUBHNkbKtXEls4', '53XhwfbYqKCa1cC15pYq2q']"
Out Of Love (feat. Internet Money),0IJA9KP6rT55jrP1YpTdhx,"['4Ga1P7PMIsmqEZqhYZQgDo', '6MPCFvOQv5cIGfw3jODMF0']"
GOOD CREDIT (with Kendrick Lamar),2n9fC0A4ptmWqYeMXEVaok,"['699OTQXzgjhIYAHMy9RyPD', '2YZyLoL8N0Wb9xBt1NhZWg']"
I Want You To Know,1JDIArrcepzWDTAWXdGYmP,"['2qxJFvFYMEDqd7ui6kSAcq', '0C8ZW7ezQVs4URX5aX7Kqx']"
Flex (feat. Juice WRLD),2QqJTIlGKRLJC3onkavYEz,"['6AgTAQt8XS6jRWi4sX7w49', '4MCBfE4596Uoi2O4DtmEMz']"
SWEET SPOT,6AX3i1TluzbvpJpKrY7NoD,"['1uNFoZAHBGtllmzznpCI3s', '3DbwFQlvLxRSi2uX8mf81A']"
Lolly,2xtIAFJIMkzHGHiCrJ9iwd,"['5gCRApTajqwbnHHPbr2Fpi', '1uNFoZAHBGtllmzznpCI3s']"
POP/STARS,3em2uN4cCWHcCXhjMzJ8ps,"['4gOc8TsQed9eqnqJct2c5v', '47mIJdHORyRerp4os813jD']"
Labios Mordidos (with KAROL G),5ycn8M0WNGedabDuaH9mQT,"['1U1el3k54VvEUzo3ybLPlM', '790FomKkXshlbRYZFtlgla']"
E.T.,36ux3YuUsGTWPT8fXclS45,"['6jJ0s89eD6GaHleKKya26X', '5K4W6rqBFWDnAN6FQUkS6x']"
Outfit (with 21 Savage),6B2FtBtIds4rqeLPTW0D76,"['5f7VJjfbwm532GiveGC0ZK', '1URnnhqYAYcrqrcwql10ft']"
FXCK UP THE WORLD (feat. Future),4rBRRLgdB9DYJhqA9uVcWt,"['5L1lO4eRHmJ7a0Q6csE5cT', '1RyvyyTE3xzB2ZywiAwp0i']"
Good For You,578Eooad7oUyn4stovZiPg,"['0C8ZW7ezQVs4URX5aX7Kqx', '13ubrt8QOOCPljQ2FL1Kca']"
Come Play (from the series Arcane League of Legends),37ozVDmL5b6NNVWFYgAlkz,"['2dIgFjalVxs4ThymZ67YCE', '47mIJdHORyRerp4os813jD']"
Clarity - BUNT. Remix,13fVuFWEQOGlYY6EaxfQyj,"['2qxJFvFYMEDqd7ui6kSAcq', '3wrFoI9EVjWg6m8xXeWr5t']"
Deja Vu,0H8XeaJunhvpBdBFIYi6Sh,"['246dkjvS1zLTtiykXe5h60', '1uNFoZAHBGtllmzznpCI3s']"
MotorSport,4wFjTWCunQFKtukqrNijEt,"['6oMuImdp5ZcFhWP0ESe6mG', '0hCNtLu0JehylgoiP8L4Gh', '4kYSro6naA4h99UJvo89HB']"
Cry Baby (feat. DaBaby),4aarlAfLKVCTxUDNgbwhjH,"['181bsRPaVXVlUKXrxwZfHK', '4r63FhuTkUYltbVAg5TQnk']"
Clout (feat. Cardi B),59ywHNwwchG4nZJMLyxSzd,"['4DdkRBBYG6Yk9Ka8tdJ9BW', '4kYSro6naA4h99UJvo89HB']"
Just Us (feat. SZA),0BnTBAGmr9FtYwkZrwKhwS,"['0QHgL1lAIqAw0HtD7YldmP', '7tYKF4w9nC0nq9CsPZTHyP']"
Heard 'Em Say,6yIjtVtnOBeC8SwdVHzAuF,"['5K4W6rqBFWDnAN6FQUkS6x', '4bYPcJP5jwMhSivRcqie2n']"
What Lovers Do (feat. SZA),2j5hsQvApottzvTn4pFJWF,"['04gDigrS5kc9YWfZHwBETP', '7tYKF4w9nC0nq9CsPZTHyP']"
Girls Like You (feat. Cardi B) - Cardi B Version,6V1bu6o1Yo5ZXnsCJU8Ovk,"['04gDigrS5kc9YWfZHwBETP', '4kYSro6naA4h99UJvo89HB']"
Perfect Duet (Ed Sheeran & Beyoncé),1bhUWB0zJMIKr9yVPrkEuI,"['6eUKZXaKkcviH0Ku9w2n3V', '6vWDO969PvNqNYHIOW5v0m']"
Both (feat. Drake),5tFep7dXGd7vEJ668wTPux,"['13y7CgLHjMVRMDqxdx0Xdo', '3TVXtAsR1Inumwj472S9r4']"
Left and Right (Feat. Jung Kook of BTS),0mBP9X2gPCuapvpZ7TGDk3,"['6VuMaDnrHyPL1p4EHjYLi7', '3Nrfpe0tUJi4K4DXYWgMUX']"
Let's Go (feat. Ne-Yo),4wkQmYpAaMe41Rc3sYZ7Vz,"['7CajNmpbOovFoOoasH2HaY', '21E3waRsmPlU7jZsS13rcj']"
you were good to me,4CxFN5zON70B3VOPBYbd6P,"['3gIRvgZssIb9aiirIg0nI3', '5JMLG56F1X5mFmWNmS0iAp']"
Damn Right (feat. Childish Gambino & Kali Uchis),6HjYE79OOCGEhkIRfXLqrz,"['250b0Wlc5Vk0CoUsaCY84M', '73sIBHcqh3Z3NyqHKZ7FOL', '1U1el3k54VvEUzo3ybLPlM']"
Better Than Yours (feat. Youngboy Never Broke Again),7Cu72sNXv5n9vbHcXbSmgp,"['6AMd49uBDJfhf30Ak2QR5s', '7wlFDEWiM5OoIAt8RSli8b']"
SHAKE SUMN (with Sexyy Red) - REMIX,3IxGpAFxBAAfCQ6dv6sBiw,"['4r63FhuTkUYltbVAg5TQnk', '3DbwFQlvLxRSi2uX8mf81A']"
Die Living,2oKsaWKGDnYD5V0Q8SiSVK,"['45eNHdiiabvmbp4erw26rg', '1Cs0zKBU1kc0i8ypK3B9ai']"
Churchill Downs (feat. Drake),3EMp20j5E42MxfFbsEsIvD,"['2LIk90788K0zvyj2JJVwkJ', '3TVXtAsR1Inumwj472S9r4']"
Electricity,5N4erncE7kuUccm7zEmwzk,"['6M2wZ9GZgrQXHCFfjv46we', '5fMUXHkw8R8eOP2RNVYEZX']"
Fine China,5274I4mUMnYczyeXkGDWZN,"['1RyvyyTE3xzB2ZywiAwp0i', '4MCBfE4596Uoi2O4DtmEMz']"
One Right Now (with The Weeknd),1nltpRhEiXikwDlVn4UADk,"['246dkjvS1zLTtiykXe5h60', '1Xyo4u8uXC1ZmMpatF05PJ']"
On The Road (feat. Meek Mill & Lil Baby),12Fkyg9lpmaz2zmKOfw2Y2,"['246dkjvS1zLTtiykXe5h60', '20sxb77xiYeusSH8cVdatc', '5f7VJjfbwm532GiveGC0ZK']"
Smile (with The Weeknd),6wQlQrTY5mVS8EGaFZVwVF,"['4MCBfE4596Uoi2O4DtmEMz', '1Xyo4u8uXC1ZmMpatF05PJ']"
No Limit,2DQ1ITjI0YoLFzuADN1ZBW,"['13ubrt8QOOCPljQ2FL1Kca', '4kYSro6naA4h99UJvo89HB']"
GO (feat. Juice WRLD),4lH5L59hPQGr05aJyb2Q2E,"['2tIP7SsRs7vjIcLrU85W8J', '4MCBfE4596Uoi2O4DtmEMz']"
p r i d e . i s . t h e . d e v i l (with Lil Baby),5W8jRrZ6tWrTrqnKRtIQBf,"['6l3HvQ5sa6mXTsMTB19rO5', '5f7VJjfbwm532GiveGC0ZK']"
Ramen & OJ,4TIqzdAssasqx3DAe6cG9J,"['6C1ohJrd5VydigQtaGy5Wa', '5f7VJjfbwm532GiveGC0ZK']"
Somebody To Love Remix,7IUl5c6u18rzmyQOblj10T,"['1uNFoZAHBGtllmzznpCI3s', '23zg3TcAtWQy7J6upgbUnj']"
"dodger blue (feat. wallie the sensei, siete7x, roddy ricch)",4K1Pg0FLno1ltzX3jeqT83,"['2YZyLoL8N0Wb9xBt1NhZWg', '757aE44tKEUQEqRuT6GnEB']"
HVN ON EARTH (with Kodak Black),4CIyxiObT9G35HrSItAblR,"['4Ga1P7PMIsmqEZqhYZQgDo', '46SHBwWsqBkxI7EeeBEQG7']"
Jackie Chan,4kWO6O1BUXcZmaxitpVUwp,"['2o5jDhtHVPhrJdv3cEQ99Z', '246dkjvS1zLTtiykXe5h60']"
Hit Different,7Bar1kLTmsRmH6FCKKMEyU,"['7tYKF4w9nC0nq9CsPZTHyP', '7c0XG5cIJTrrAgEC3ULPiq']"
Chosen (feat. Ty Dolla $ign),1dIWPXMX4kRHj6Dt2DStUQ,"['5LHRHt1k9lMyONurDHEdrp', '7c0XG5cIJTrrAgEC3ULPiq']"
Oh U Went (feat. Drake),7qLr3HMApUbyDkUvgIvHnB,"['50co4Is1HCEo8bhOyUWKpn', '3TVXtAsR1Inumwj472S9r4']"
Who Do You Love,2fVHrSxsQbJUuj9MW9zG1e,"['69GGBxA162lTqCwzJG5jLp', '5Rl15oVamLq7FbSb0NNBNy']"
I'll Still Kill,0XV3lm3ZxKUr6FiWVdJuyk,"['3q7HBObVc0L8jNeTe5Gofh', '0z4gvV4rjIZ9wHck67ucSV']"
Demons and Angels (feat. Juice WRLD),3L19besdNQzd342qL78xqm,"['31W5EY0aAly4Qieq6OFu6I', '4MCBfE4596Uoi2O4DtmEMz']"
Best Mistake,70yhaHLp9STtzI2Kzba6Tr,"['66CXWjxzNUsdJxJ2JdwvnR', '0c173mlxpT3dSFRgMO8XPh']"
Don't Wanna Know (feat. Kendrick Lamar),1nueTG77MzNkJTKQ0ZdGzT,"['04gDigrS5kc9YWfZHwBETP', '2YZyLoL8N0Wb9xBt1NhZWg']"
"SG (with Ozuna, Megan Thee Stallion & LISA of BLACKPINK)",6IPNp9PfaEqrzotY47TIWy,"['540vIaP2JwjQb9dm3aArA4', '181bsRPaVXVlUKXrxwZfHK', '5L1lO4eRHmJ7a0Q6csE5cT']"
Honest (feat. Don Toliver),2KdKh9vHbKW0tZLqtpxxI0,"['1uNFoZAHBGtllmzznpCI3s', '4Gso3d4CscCijv0lmajZWs']"
Sweetest Pie,7mFj0LlWtEJaEigguaWqYh,"['181bsRPaVXVlUKXrxwZfHK', '6M2wZ9GZgrQXHCFfjv46we']"
Homicide (feat. Eminem),7M2tXmeS15NAzEn7ABFeBg,"['4xRYI6VqpkE3UwrDrAZL8L', '7dGJo4pcD2V6oG8kP0tJRR']"
"King's Dead (with Kendrick Lamar, Future & James Blake)",51rXHuKN8Loc4sUlKPODgH,"['2YZyLoL8N0Wb9xBt1NhZWg', '1RyvyyTE3xzB2ZywiAwp0i']"
HOME SWEET HOME (feat. TAEYANG & DAESUNG),5doooVlMVRZztQbySqARMI,"['30b9WulBM8sFuBo17nNq9c', '6udveWUgX4vu75FF0DTrXV']"
TOP FLOOR (feat. Travis Scott),4YhJ3a6kBPGJWX4Ek77sDd,"['2hlmm7s2ICUX0LVIhVFlZQ', '0Y5tJX1MQlPlqiwlOH1tJY']"
"F*CK YOU, GOODBYE (feat. Machine Gun Kelly)",0c34ovpXiMWWUbKX0IavIH,"['2tIP7SsRs7vjIcLrU85W8J', '6TIYQ3jFPwQSRmorSezPxX']"
Hurricane,6Hfu9sc7jvv6coyy2LlzBF,"['5K4W6rqBFWDnAN6FQUkS6x', '1Xyo4u8uXC1ZmMpatF05PJ', '5f7VJjfbwm532GiveGC0ZK']"
Lights On (feat. Big Sean),3o38qU7kCsjKaxBQMVAhj8,"['0cGUm45nv7Z6M6qdXYQGTX', '0c173mlxpT3dSFRgMO8XPh']"
HUMBLE. - SKRILLEX REMIX,65ES1qwOB577ZnTkizMXJJ,"['5he5w2lnU9x7JFhnwcekXX', '2YZyLoL8N0Wb9xBt1NhZWg']"
Mona Lisa (feat. Kendrick Lamar),0dbTQYW3Ad1FTzIA9t90E8,"['55Aa2cqylxrFIXC767Z865', '2YZyLoL8N0Wb9xBt1NhZWg']"
Bad Blood,6xsEAm6w9oMQYYg3jkEkMT,"['06HL4z0CvFAxyc27GXpf02', '2YZyLoL8N0Wb9xBt1NhZWg']"
Let's Do It (feat. Playboi Carti & Skooly),7bhMeTchpDsG69wNmAZgzN,"['5f7VJjfbwm532GiveGC0ZK', '699OTQXzgjhIYAHMy9RyPD']"
Priceless (feat. LISA),5MI9rnOsAayuxi7pKVydNg,"['04gDigrS5kc9YWfZHwBETP', '5L1lO4eRHmJ7a0Q6csE5cT']"
The Fate of Ophelia - The Chainsmokers Remix,3JNaLxAymiSUMrmjOarjeo,"['06HL4z0CvFAxyc27GXpf02', '69GGBxA162lTqCwzJG5jLp']"
Cross Me (feat. Lil Baby and Plies),3V3JxDpiUg0RAt1Mfbn6Ht,"['7wlFDEWiM5OoIAt8RSli8b', '5f7VJjfbwm532GiveGC0ZK']"
No One Told Us - Extended Version,4FlDhT6FGCANjE3UKZMd4i,"['3q7HBObVc0L8jNeTe5Gofh', '6PXS4YHDkKvl1wkIl4V8DL']"
When I’m Gone (with Katy Perry),5902W4uHWzhtOff1UK7the,"['4AVFqumd2ogHFlRbKIjp1t', '6jJ0s89eD6GaHleKKya26X']"
Fat Juicy & Wet,5M2lX0ZAYSAzCs1xPPi9BX,"['3DbwFQlvLxRSi2uX8mf81A', '0du5cEVh5yTK9QJze8zA0C']"
Outta Time (feat. Drake),4SCnCPOUOUXUmCX2uHb3r7,"['2EMAnMvWE2eb56ToJVfCWs', '3TVXtAsR1Inumwj472S9r4']"
Crazier Things (with Noah Kahan),3K7vPyMCcecKRotnu08MMP,"['5JMLG56F1X5mFmWNmS0iAp', '2RQXRUsr4IW1f3mKyKsy4B']"
Our Time,3MUFebos5drIwrUHxUorhP,"['60d24wfXkVzDSfLS6hyCjZ', '1Cs0zKBU1kc0i8ypK3B9ai']"
IMY2 (with Kid Cudi),7F9cT6hIRhnFCYP6GKS0tf,"['3TVXtAsR1Inumwj472S9r4', '0fA0VVWsXO9YnASrzqfmYu']"
Beautiful Pain,7hiBhOh4s8G0xmGYBAjyuw,"['7dGJo4pcD2V6oG8kP0tJRR', '5WUlDfRSoLAfcVSX1WnrxN']"
2 Grown (feat. The Kid LAROI),5ybZcAwqUF7i9gwABLeXzs,"['6jGMq4yGs7aQzuGsMgVgZR', '2tIP7SsRs7vjIcLrU85W8J']"
Yessirskiii,59JWp4PjZ9TRM8cmtaDYB1,"['4O15NlyKLIASxsJ0PrXPfz', '1URnnhqYAYcrqrcwql10ft']"
Rumors (feat. Lil Durk),1qbqP15RKuH5UHbHkuSsmm,"['13y7CgLHjMVRMDqxdx0Xdo', '3hcs9uc56yIGFCSy9leWe7']"
The Feeling,7E390nZTMqEbrNC1TmHd42,"['1uNFoZAHBGtllmzznpCI3s', '26VFTg2z8YR0cCuwLzESi2']"
Isis (feat. Logic),4h7qcXBtaOJnmrapxoWxGf,"['6C1ohJrd5VydigQtaGy5Wa', '4xRYI6VqpkE3UwrDrAZL8L']"
The Greatest (feat. Kendrick Lamar),7xHWNBFm6ObGEQPaUxHuKO,"['5WUlDfRSoLAfcVSX1WnrxN', '2YZyLoL8N0Wb9xBt1NhZWg']"
Ocean (feat. Khalid),3nc420PXjTdBV5TN0gCFkS,"['60d24wfXkVzDSfLS6hyCjZ', '6LuN9FCkKOj5PcnpouEgny']"
That's Life (feat. Mac Miller & Sia),5h0Jgt873QtgL6nJRBGfT6,"['4LLpKhyESsyAXpc4laK94U', '5WUlDfRSoLAfcVSX1WnrxN']"
Ima Boss (feat. Rick Ross),7sjwaBQ6M3aVigYfBjm1sL,"['20sxb77xiYeusSH8cVdatc', '1sBkRIssrMs1AbVkOJbc7a']"
Don’t Call Me Angel (Charlie’s Angels) (with Miley Cyrus & Lana Del Rey),6zegtH6XXd2PDPLvy1Y0n2,"['66CXWjxzNUsdJxJ2JdwvnR', '5YGY8feqx7naU7z4HrwZM6', '00FQb4jTyendYWaN8pK0wa']"
Trimski,6ApfK0ChvyLJcG4lyA3LbW,"['7rkW85dBwwrJtlHRDkJDAC', '50co4Is1HCEo8bhOyUWKpn']"
Throw Sum Mo,5uqphUYsR45kPYplrYSAQh,"['7iZtZyCzp3LItcw1wtPI3D', '0hCNtLu0JehylgoiP8L4Gh', '50co4Is1HCEo8bhOyUWKpn']"
Purple Lamborghini (with Rick Ross),6JyuJFedEvPmdWQW0PkbGJ,"['5he5w2lnU9x7JFhnwcekXX', '1sBkRIssrMs1AbVkOJbc7a']"
Rags2Riches 2 (feat. Lil Baby),40TPiJpvwGIyvPjJMDTKfy,"['45TgXXqMDdF8BkjA83OM7z', '5f7VJjfbwm532GiveGC0ZK']"
Wild for the Night (feat. Skrillex & Birdy Nam Nam),2rzBvHM9h36Tpdj7Jdajka,"['13ubrt8QOOCPljQ2FL1Kca', '5he5w2lnU9x7JFhnwcekXX']"
Notice Me,3OnOomd79OjqSYHchCQ6ht,"['6oMuImdp5ZcFhWP0ESe6mG', '246dkjvS1zLTtiykXe5h60']"
NBAYOUNGBOAT,6K2anECyrckidwf5wxS78Q,"['6icQOAFXDZKsumw3YXyusw', '7wlFDEWiM5OoIAt8RSli8b']"
Sparks Will Fly (feat. Jhené Aiko),5fBoh0hqi7shM8a8nfPnDB,"['6l3HvQ5sa6mXTsMTB19rO5', '5ZS223C6JyBfXasXxrRqOk']"
"Whats Poppin (feat. DaBaby, Tory Lanez & Lil Wayne) [Remix] - Bonus Track",0ZLuW8uOXdFNWcI40C0OC2,"['2LIk90788K0zvyj2JJVwkJ', '2jku7tDXc6XoB6MO2hFuqg', '4r63FhuTkUYltbVAg5TQnk', '55Aa2cqylxrFIXC767Z865']"
Promise (feat. Fetty Wap),5IZc3KIVFhjzJ0L2kiXzUl,"['6KZDXtSj0SzGOV705nNeh3', '6PXS4YHDkKvl1wkIl4V8DL']"
Good Things Fall Apart (with Jon Bellion),3LxG9HkMMFP0MZuiw3O2rF,"['45eNHdiiabvmbp4erw26rg', '50JJSqHUf2RQ9xsHs0KMHg']"
Heart Upon My Sleeve (feat. Imagine Dragons),6kXNnS7JJz0nAv4XEwEmQJ,"['1vCWHaC5f2uS3yhpwWbIA6', '53XhwfbYqKCa1cC15pYq2q']"
Silent Hill,3lzUeaCbcCDB5IXYfqWRlF,"['2YZyLoL8N0Wb9xBt1NhZWg', '46SHBwWsqBkxI7EeeBEQG7']"
200 Mph,5jGUJXnELDaDTgiRjD9lsg,"['4q3ewBCX7sLwd24euuV69X', '5fMUXHkw8R8eOP2RNVYEZX']"
All The Parties (feat. Chief Keef),1PIgY9ybyFT9uWLM5POYGY,"['3TVXtAsR1Inumwj472S9r4', '15iVAtD3s3FsQR4w1v6M0P']"
As I Am (feat. Khalid),6F2r4HgpJnvKDmkN6JEN6J,"['1uNFoZAHBGtllmzznpCI3s', '6LuN9FCkKOj5PcnpouEgny']"
Drunk in Love Remix (feat. JAY-Z & Kanye West),0FZmAvivvifvtN3pZScbw1,"['6vWDO969PvNqNYHIOW5v0m', '5K4W6rqBFWDnAN6FQUkS6x']"
KEKE,7ELPiYjcp2DjvbrKdqcAx1,"['6PXS4YHDkKvl1wkIl4V8DL', '31W5EY0aAly4Qieq6OFu6I']"
Sick and Tired,59AziPyNm2kHqyd9lH9cSr,"['6ASri4ePR7RlsvIQgWPJpS', '6TIYQ3jFPwQSRmorSezPxX']"
Die With A Smile - Acoustic,6gSkYEONe1fCvrOUgmXZTy,"['1HY2Jd0NmPuamShAr6KMms', '0du5cEVh5yTK9QJze8zA0C']"
Yacht Club (feat. Juice WRLD),5R2rsbwCDXORX2tLfprRmM,"['6icQOAFXDZKsumw3YXyusw', '4MCBfE4596Uoi2O4DtmEMz']"
Childs Play (feat. Chance the Rapper),7GPstnufSTScEaw9dMxO9H,"['7tYKF4w9nC0nq9CsPZTHyP', '1anyVhU62p31KFi8MEzkbf']"
Unlock it (Lock It) - feat. Kim Petras and Jay Park,3qGHAKgjQruzj6doKkyEb5,"['25uiPmTg16RbhZWAqwLBy5', '4XDi67ZENZcbfKnvMnTYsI']"
Lose My Breath (Feat. Charlie Puth),2DXavoWAmIHlrECHPM1Vca,"['2dIgFjalVxs4ThymZ67YCE', '6VuMaDnrHyPL1p4EHjYLi7']"
Let Somebody Go,4cGqn0E8JCSY9gQllQj4Mf,"['4gzpq5DPGxSnKTe4SA8HAU', '0C8ZW7ezQVs4URX5aX7Kqx']"
Summer Uptown (feat. d4vd),6NarIXlTbRfD9WU7YvXSTM,"['56z8RFFEGWfUFHzvgv70SB', '5y8tKLUfMvliMe8IKamR32']"
Hannah Montana (with NLE Choppa & DaBaby),11KgBg77VfJjv0oifmE7M7,"['3LZZPxNDGDFVSIPqf4JuEf', '4r63FhuTkUYltbVAg5TQnk']"
Think Of Me,3RvkuiK2x5BlSQWYqTYjIS,"['1Cs0zKBU1kc0i8ypK3B9ai', '0cGUm45nv7Z6M6qdXYQGTX']"
Heartbreak Anthem (with David Guetta & Little Mix),5K6Ssv4Z3zRvxt0P6EKUAP,"['4sTQVOfp9vEMCemLw50sbu', '1Cs0zKBU1kc0i8ypK3B9ai']"
Feel Good (with Daya),0Ev562zA4pmUsBqjxsxxdx,"['2ZRQcIgzPCVaT9XKhXZIzh', '45eNHdiiabvmbp4erw26rg', '6Dd3NScHWwnW6obMFbl1BH']"
In The Dark (with Stray Kids),3JOQqT93lt9TXfhbqAjA7c,"['540vIaP2JwjQb9dm3aArA4', '2dIgFjalVxs4ThymZ67YCE']"
Had Enough (feat. Quavo & Offset),6SPgp2qK3fb4wPX1SldrNf,"['4Gso3d4CscCijv0lmajZWs', '4DdkRBBYG6Yk9Ka8tdJ9BW', '0VRj0yCOv2FXJNP47XQnx5']"
Save My Love (with Ellie Goulding & AVAION),4w3Uy4n1hfj1mx6ag7bII5,"['64KEffDW9EtZ1y2vBYgq8T', '0X2BH1fck6amBIoJhDVmmJ']"
Spectrum,1dFkD1JfRMzwO6hwUsE8aS,"['2qxJFvFYMEDqd7ui6kSAcq', '1mU61l2mcjEFraXZLpvVMo']"
What Happened To Virgil (feat. Gunna),7ohROa13QK43JBRqfCmz4P,"['3hcs9uc56yIGFCSy9leWe7', '2hlmm7s2ICUX0LVIhVFlZQ']"
Powerglide (feat. Juicy J) - From SR3MM,1BuZAIO8WZpavWVbbq3Lci,"['7iZtZyCzp3LItcw1wtPI3D', '5gCRApTajqwbnHHPbr2Fpi']"
Without You (Feat. ROSE),3V375E3xldRPEEcIKiw83l,"['30b9WulBM8sFuBo17nNq9c', '3eVa5w3URK5duf6eyVDbu9']"
Commercial (feat. Lil Uzi Vert),3tDqEKKUs6gf8zMvSuLyLA,"['5f7VJjfbwm532GiveGC0ZK', '4O15NlyKLIASxsJ0PrXPfz']"
Cooped Up (with Roddy Ricch),32vE1nuG8T9c8bhmZdRY6d,"['246dkjvS1zLTtiykXe5h60', '757aE44tKEUQEqRuT6GnEB']"
Girl Of My Dreams (with SUGA of BTS),59bY27SZQ4r25o02vqOhgC,"['4MCBfE4596Uoi2O4DtmEMz', '3Nrfpe0tUJi4K4DXYWgMUX']"
I Don't Mind (feat. Juicy J),7aXuop4Qambx5Oi3ynsKQr,"['23zg3TcAtWQy7J6upgbUnj', '5gCRApTajqwbnHHPbr2Fpi']"
Time,7klPHv3HnXdUY3dSfTccNc,"['4LLpKhyESsyAXpc4laK94U', '1U1el3k54VvEUzo3ybLPlM']"
Chasing Paradise,0xSjAuPhm9tJXX2nRt2Avv,"['23fqKkggKUBHNkbKtXEls4', '5Pwc4xIPtQLFEnJriah9YJ']"
MAD,6vM1GSndPtQk7AmqEmNAPH,"['60d24wfXkVzDSfLS6hyCjZ', '5JZ7CnR6gTvEMKX4g70Amv']"
I CAN’T LET GO,1Ftb0PK0Qqwax3gofiMd2X,"['4Ga1P7PMIsmqEZqhYZQgDo', '4Gso3d4CscCijv0lmajZWs']"
Diva (feat. Lil Tecca),7gVwgc8b3XnO87TpmXXFA5,"['2tIP7SsRs7vjIcLrU85W8J', '4Ga1P7PMIsmqEZqhYZQgDo']"
"Love in This Club, Pt. II (feat. Beyoncé & Lil' Wayne)",2bppvcuQhuMcJZHtM9So7r,"['23zg3TcAtWQy7J6upgbUnj', '6vWDO969PvNqNYHIOW5v0m', '55Aa2cqylxrFIXC767Z865']"
Shelter,2ewEh7LuvToYyGHq7yT8N1,"['3dz0NnIZhtKKeXZxLOxCam', '4pb4rqWSoGUgxm63xmJ8xc']"
Don't Look Down (feat. Usher),5M9jOReAKGZ2AttVefFjTY,"['60d24wfXkVzDSfLS6hyCjZ', '23zg3TcAtWQy7J6upgbUnj']"
Some Way,7zxRMhXxJMQCeDDg0rKAVo,"['7rkW85dBwwrJtlHRDkJDAC', '1Xyo4u8uXC1ZmMpatF05PJ']"
If I Lose Myself - Alesso vs OneRepublic,1hZk9dktp4yRFTm0TrycuH,"['5Pwc4xIPtQLFEnJriah9YJ', '4AVFqumd2ogHFlRbKIjp1t']"
WOW (feat. Sabrina Carpenter) - Remix,5WokFKscrfGEGGLPTu3jgO,"['1Xylc3o4UrD53lo9CvFvVg', '74KM79TiuVKeVCqs8QtB0B']"
It's A Vibe,6H0AwSQ20mo62jGlPGB8S6,"['17lzZA2AlOHwCwFALHttmp', '7c0XG5cIJTrrAgEC3ULPiq', '2iojnBLj0qIMiKPvVhLnsH', '5ZS223C6JyBfXasXxrRqOk']"
Take Me Thru Dere,2GFawZaMjG8QLxiR4OD3db,"['0iEtIxbK0KxaSlF7G42ZOp', '0VRj0yCOv2FXJNP47XQnx5']"
Project Dreams,28IXXvWmi4rsGbe0nnEjSV,"['64KEffDW9EtZ1y2vBYgq8T', '757aE44tKEUQEqRuT6GnEB']"
n.h.i.e.,6x9pCndnXEoea0CMcfjs9W,"['1URnnhqYAYcrqrcwql10ft', '5cj0lLjcoR7YOSnhnX0Po5']"
"Who Want Smoke?? (feat. G Herbo, Lil Durk & 21 Savage)",7ACW7VpgoKmfM1sKo15UhX,"['3hcs9uc56yIGFCSy9leWe7', '1URnnhqYAYcrqrcwql10ft']"
Just Like Me (feat. Young Thug),0uH6JssU7mWkTT9mqeqEvL,"['31W5EY0aAly4Qieq6OFu6I', '50co4Is1HCEo8bhOyUWKpn']"
"God Is Fair, Sexy Nasty (feat. Kendrick Lamar)",6hzbRKhJHo6cfCHSnNaDS8,"['4LLpKhyESsyAXpc4laK94U', '2YZyLoL8N0Wb9xBt1NhZWg']"
Purity (feat. Frank Ocean),2MF4HtZHBoUliOi9nOAbS0,"['13ubrt8QOOCPljQ2FL1Kca', '2h93pZq0e7k5yf4dywlkpM']"
Summer Bummer (feat. A$AP Rocky & Playboi Carti),5QqyRUZeBE04yJxsD1OC0I,"['00FQb4jTyendYWaN8pK0wa', '13ubrt8QOOCPljQ2FL1Kca', '699OTQXzgjhIYAHMy9RyPD']"
Another Late Night (feat. Lil Yachty),17IBDpAl3J39swaoPlfGpp,"['3TVXtAsR1Inumwj472S9r4', '6icQOAFXDZKsumw3YXyusw']"
Wolves (feat. Post Malone),33gwZOGJWEZ7dRWPqPxBEZ,"['0c173mlxpT3dSFRgMO8XPh', '246dkjvS1zLTtiykXe5h60']"
bad guy (with Justin Bieber),3yNZ5r3LKfdmjoS3gkhUCT,"['6qqNVTkY8uBg9cP3Jd7DAH', '1uNFoZAHBGtllmzznpCI3s']"
Ice Cream (with Selena Gomez),4JUPEh2DVSXFGExu4Uxevz,"['41MozSoPIsD1dJM0CLPjZF', '0C8ZW7ezQVs4URX5aX7Kqx']"
"Airplanes, Pt. II (feat. Eminem & Hayley Williams of Paramore)",2bnDTGikdoO8CwzlAPyBHR,"['7dGJo4pcD2V6oG8kP0tJRR', '6Rx1JKzBrSzoKQtmbVmBnM']"
No Time (feat. Gunna),5pHJv0bgNsT9nPoK2BjNBn,"['699OTQXzgjhIYAHMy9RyPD', '2hlmm7s2ICUX0LVIhVFlZQ']"
Rollin (feat. Future & Khalid),0lMbuWUpfTWhEmOKxppEau,"['7CajNmpbOovFoOoasH2HaY', '1RyvyyTE3xzB2ZywiAwp0i', '6LuN9FCkKOj5PcnpouEgny']"
I LUV IT (feat. Playboi Carti),2H2ytI7ompfNmRkI2sq8Uk,"['4nDoRrQiYLoBzwC5BhVJzF', '699OTQXzgjhIYAHMy9RyPD']"
Semi on Em,7z87G3zVo34bqi32Q9PQeK,"['15iVAtD3s3FsQR4w1v6M0P', '13y7CgLHjMVRMDqxdx0Xdo']"
Daylight,6Ed1q0X8oSKSm4IIhiQbYg,"['3MZsBdqDrRTJihTHQrO6Dq', '5fMUXHkw8R8eOP2RNVYEZX']"
A Different Way (with Lauv),1YMBg7rOjxzbya0fPOYfNX,"['540vIaP2JwjQb9dm3aArA4', '5JZ7CnR6gTvEMKX4g70Amv']"
Fly,2E1RGgFtr1X4H6glXOtABo,"['0hCNtLu0JehylgoiP8L4Gh', '5pKCCKE2ajJHZ9KAiaK11H']"
Bean (Kobe) [feat. Chief Keef],0IpnZchq8ek2A6pGEP2Qb1,"['4O15NlyKLIASxsJ0PrXPfz', '15iVAtD3s3FsQR4w1v6M0P']"
Black (Feat. JENNIE of BLACKPINK),44f1TNdoQUgf3PUYraCTsH,"['30b9WulBM8sFuBo17nNq9c', '250b0Wlc5Vk0CoUsaCY84M']"
BOOM,6iC7vapdKp0XlKhxOkp8QJ,"['2o5jDhtHVPhrJdv3cEQ99Z', '13y7CgLHjMVRMDqxdx0Xdo']"
Bacc Seat (feat. Ty Dolla $ign),6In6SkveIw26thdYRhHTVX,"['757aE44tKEUQEqRuT6GnEB', '7c0XG5cIJTrrAgEC3ULPiq']"
Enemies (feat. DaBaby),0Xek5rqai2jcOWCYWJfVCF,"['246dkjvS1zLTtiykXe5h60', '4r63FhuTkUYltbVAg5TQnk']"
Staring At The Sun (feat. SZA),5KE9b4x7Zj2A8XtbkqhqTe,"['246dkjvS1zLTtiykXe5h60', '7tYKF4w9nC0nq9CsPZTHyP']"
WE NEED ALL DA VIBES (with Young Thug & Ty Dolla $ign),4XcZp2xqbiD8YsnPboNUDo,"['699OTQXzgjhIYAHMy9RyPD', '50co4Is1HCEo8bhOyUWKpn', '7c0XG5cIJTrrAgEC3ULPiq']"
Everything BoZ,7uWJbF2gmQlcuhLrFnxGsV,"['6Xgp2XMz1fhVYe7i6yNAax', '6AMd49uBDJfhf30Ak2QR5s']"
whoa (mind in awe) - Remix,7pOwvbmszmfUmKlZoiMnGh,"['15UsOTVnJzReFVN1VCnxy4', '4MCBfE4596Uoi2O4DtmEMz']"
fue mejor (feat. SZA),4AIiCP2scA6jt6jAKfkvTX,"['1U1el3k54VvEUzo3ybLPlM', '7tYKF4w9nC0nq9CsPZTHyP']"
Barry Bonds,7387VaiHpOsSIZ5nmjseya,"['5K4W6rqBFWDnAN6FQUkS6x', '55Aa2cqylxrFIXC767Z865']"
Swish Swish,3OtMnyUaiipcAT23A8liyi,"['6jJ0s89eD6GaHleKKya26X', '0hCNtLu0JehylgoiP8L4Gh']"
Blue Moon - Girls Trip,7pVos5ARWPPoss91LDu9Hx,"['1Xylc3o4UrD53lo9CvFvVg', '0cGUm45nv7Z6M6qdXYQGTX']"
Brothers (feat. Lil Durk) - Remix,2wUwC1gBJIC05JH87v2hgN,"['6jGMq4yGs7aQzuGsMgVgZR', '3hcs9uc56yIGFCSy9leWe7']"
Miami (feat. Lil Wayne & Rick Ross),4vsarEetbprJa5Z2ZJ4RL7,"['55Aa2cqylxrFIXC767Z865', '1sBkRIssrMs1AbVkOJbc7a']"
Can't Hold Me Down,59UWPiUEQPd0jVVzikHyoV,"['55Aa2cqylxrFIXC767Z865', '6icQOAFXDZKsumw3YXyusw']"
Ball For Me (feat. Nicki Minaj),6IaieqiCVvsNvEt6Y7yOFa,"['246dkjvS1zLTtiykXe5h60', '0hCNtLu0JehylgoiP8L4Gh']"
Lover (Remix) [feat. Shawn Mendes],3i9UVldZOE0aD0JnyfAZZ0,"['06HL4z0CvFAxyc27GXpf02', '7n2wHs1TKAczGzO7Dd2rGr']"
Often - Kygo Remix,27NV2KxoQ8WuLMqlTDI61F,"['1Xyo4u8uXC1ZmMpatF05PJ', '23fqKkggKUBHNkbKtXEls4']"
Oh My Dis Side (feat. Quavo),2rMFawCg4BW65jzbwztXAV,"['0Y5tJX1MQlPlqiwlOH1tJY', '0VRj0yCOv2FXJNP47XQnx5']"
Kelly Price (feat. Travis Scott),5Q6DJEgNTiN9xcOQzKmw9F,"['6oMuImdp5ZcFhWP0ESe6mG', '0Y5tJX1MQlPlqiwlOH1tJY']"
Enjoy Yourself,4V1SmL8wxLpj7jHZHxq9M7,"['0eDvMgVFoNV3TpwtrVCoTj', '790FomKkXshlbRYZFtlgla']"
Knock You Down,3OWcWJz1c0pIc6L3IDDhpP,"['5K4W6rqBFWDnAN6FQUkS6x', '21E3waRsmPlU7jZsS13rcj']"
Broken Angel (This is Lonely Club),56PCJsbp8S0MTSMEbeGnnr,"['7vk5e3vY1uw9plTHJAMwjN', '77AiFEVeAVj2ORpC85QVJs']"
Legends Never Die (Remix),5481KTfiIDDOvTqgtevdIj,"['47mIJdHORyRerp4os813jD', '7vk5e3vY1uw9plTHJAMwjN']"
Bartier Cardi (feat. 21 Savage),0dIoGTQXDh1wVnhIiSyYEa,"['4kYSro6naA4h99UJvo89HB', '1URnnhqYAYcrqrcwql10ft']"
BELIEVE IT,6WHZvtFnceMMv08gUCHR0y,"['2HPaUgqeutzr3jx5a9WyDV', '5pKCCKE2ajJHZ9KAiaK11H']"
Roses (with Juice WRLD feat. Brendon Urie),1KVczjazCcCCgM3gXXUl47,"['5CiGnKThu5ctn9pBxv7DGa', '4MCBfE4596Uoi2O4DtmEMz']"
Die For You (feat. Dominic Fike),7aely3H8kMj9o0gt6vXHE1,"['1uNFoZAHBGtllmzznpCI3s', '6USv9qhCn6zfxlBQIYJ9qs']"
LEVII'S JEANS,2UDARQiksl207HcSduDpov,"['6vWDO969PvNqNYHIOW5v0m', '246dkjvS1zLTtiykXe5h60']"
ALREADY,6tgEc2O1uFHcZDKPoo6PC8,"['6vWDO969PvNqNYHIOW5v0m', '738wLrAtLtCtFOLvQBXOXp']"
6 Inch (feat. The Weeknd),0pxNyJJiL2zZZ5GgJ4JhsQ,"['6vWDO969PvNqNYHIOW5v0m', '1Xyo4u8uXC1ZmMpatF05PJ']"
Freedom (feat. Kendrick Lamar),7aBxcRw77817BrkdPChAGY,"['6vWDO969PvNqNYHIOW5v0m', '2YZyLoL8N0Wb9xBt1NhZWg']"
Blessings,1bzM1cd6oqFozdr4wK6HdR,"['0c173mlxpT3dSFRgMO8XPh', '3TVXtAsR1Inumwj472S9r4']"
Ocean Eyes - Blackbear Remix,4JuZQeSRYJfLCqBgBIxxrR,"['6qqNVTkY8uBg9cP3Jd7DAH', '2cFrymmkijnjDg9SS92EPM']"
Sour Candy (with BLACKPINK),1IWNylpZ477gIVUDpJL66u,"['1HY2Jd0NmPuamShAr6KMms', '41MozSoPIsD1dJM0CLPjZF']"
Mileage (feat. Chief Keef),1oNcc2isuz7d3hc1fMoHqj,"['699OTQXzgjhIYAHMy9RyPD', '15iVAtD3s3FsQR4w1v6M0P']"
thought i was playing,5dqeWGM9sqLd5bZhyBikrZ,"['2hlmm7s2ICUX0LVIhVFlZQ', '1URnnhqYAYcrqrcwql10ft']"
STREET SWEEPER (feat. Future),3pjzb1lnMOJbWbghMGSp23,"['2hlmm7s2ICUX0LVIhVFlZQ', '1RyvyyTE3xzB2ZywiAwp0i']"
ay! (feat. Lil Wayne),1T4tQ4SSagbhAKpvcWg035,"['6TIYQ3jFPwQSRmorSezPxX', '55Aa2cqylxrFIXC767Z865']"
Champion (feat. Travis Scott),6nO3tr47nr2P7f3hXb8JIo,"['7rkW85dBwwrJtlHRDkJDAC', '0Y5tJX1MQlPlqiwlOH1tJY']"
Castles Crumbling (feat. Hayley Williams) (Taylor’s Version) (From The Vault),4ABYxlb92WBIjHu7TIKmml,"['06HL4z0CvFAxyc27GXpf02', '6Rx1JKzBrSzoKQtmbVmBnM']"
Get Me (feat. Kehlani),5VwwpU7KsLhgfbMEecedhJ,"['1uNFoZAHBGtllmzznpCI3s', '0cGUm45nv7Z6M6qdXYQGTX']"
365,2XWjPtKdi5sucFYtVav07d,"['2qxJFvFYMEDqd7ui6kSAcq', '6jJ0s89eD6GaHleKKya26X']"
Good Thing (with Kehlani),5aUSEPNd3m5xliFK4pn5mU,"['2qxJFvFYMEDqd7ui6kSAcq', '0cGUm45nv7Z6M6qdXYQGTX']"
Move Your Body - Alan Walker Remix,6LUOMjoORvAkdhBYvESO46,"['5WUlDfRSoLAfcVSX1WnrxN', '7vk5e3vY1uw9plTHJAMwjN']"
Codeine Dreaming (feat. Lil Wayne),4DTpngLjoHj5gFxEZFeD3J,"['46SHBwWsqBkxI7EeeBEQG7', '55Aa2cqylxrFIXC767Z865']"
The Way Life Goes (feat. Nicki Minaj & Oh Wonder) - Remix,6GNifiuBPrKFpwNBYnooFm,"['4O15NlyKLIASxsJ0PrXPfz', '0hCNtLu0JehylgoiP8L4Gh']"
Soldier (feat. T.I. & Lil' Wayne),4FTOpNYcGxnQdGNWSxIcio,"['4OBJLual30L7gRl5UkeRcT', '55Aa2cqylxrFIXC767Z865']"
"That's My N**** (with Meek Mill, YG & Snoop Dogg)",3i1B1PnsfnOQPGVIzhf1lr,"['20sxb77xiYeusSH8cVdatc', '7hJcb9fa4alzcOq3EaNPoG']"
Candy (feat. Trippie Redd),37AGgp9VP8TVJBfEat74Bj,"['6TIYQ3jFPwQSRmorSezPxX', '6Xgp2XMz1fhVYe7i6yNAax']"
Hookah,3qQ6WFhcAx6LOH1UHz1c0U,"['5LHRHt1k9lMyONurDHEdrp', '50co4Is1HCEo8bhOyUWKpn']"
"Givin’ Up (Not The One) (Don Toliver & 21 Savage, 2 Chainz)",0KoBrntyQ2x6Y1eZwgGe5P,"['4Gso3d4CscCijv0lmajZWs', '1URnnhqYAYcrqrcwql10ft', '17lzZA2AlOHwCwFALHttmp']"
High School,6bzwoiUt0s1KDOedyy4OtQ,"['0hCNtLu0JehylgoiP8L4Gh', '55Aa2cqylxrFIXC767Z865']"
Everyday,4EAV2cKiqKP5UPZmY6dejk,"['4xRYI6VqpkE3UwrDrAZL8L', '64KEffDW9EtZ1y2vBYgq8T']"
Bugatti,08ljt6NCNAgewQaMya1URa,"['1RyvyyTE3xzB2ZywiAwp0i', '1sBkRIssrMs1AbVkOJbc7a']"
Valet (feat. Fetty Wap and 2 Chainz),7osBjxxoPSCceUMdkyFh9O,"['6PXS4YHDkKvl1wkIl4V8DL', '17lzZA2AlOHwCwFALHttmp']"
BOTH,7mobUfp1aL8A6CdugCMWft,"['2o5jDhtHVPhrJdv3cEQ99Z', '1URnnhqYAYcrqrcwql10ft']"
Forbidden Fruit (feat. Kendrick Lamar),1mvDFqbbmgmMmU6U4dIq5m,"['6l3HvQ5sa6mXTsMTB19rO5', '2YZyLoL8N0Wb9xBt1NhZWg']"
BLOW (with Chris Stapleton & Bruno Mars),7hvO2qCwJVZxiyoA7c9i5d,"['6eUKZXaKkcviH0Ku9w2n3V', '0du5cEVh5yTK9QJze8zA0C']"
The Weekend,0v2Qgk39gLXMIJi6BY34Fz,"['1AhjOkOLkbHUfcHDSErXQs', '6UbmqUEgjLA6jAcXwbM1Z9']"
Way Out (feat. Big Sean),57VeLYXrvNxe8Vs18K2M9W,"['2LIk90788K0zvyj2JJVwkJ', '0c173mlxpT3dSFRgMO8XPh']"
Luv Is Dro (feat. Static Major & Bryson Tiller),0LcsvJQSFIQo3RjNhPcYqT,"['2LIk90788K0zvyj2JJVwkJ', '2EMAnMvWE2eb56ToJVfCWs']"
It's On Again (feat. Kendrick Lamar) - From The Amazing Spider-Man 2 Soundtrack,44EkzAU92xwm30YpD4p31i,"['3DiDSECUqqY1AuBP8qtaIa', '2YZyLoL8N0Wb9xBt1NhZWg']"
Everyday,53SfB4huCgiRGmwzJdEo1u,"['66CXWjxzNUsdJxJ2JdwvnR', '1RyvyyTE3xzB2ZywiAwp0i']"
Forever Yours - Avicii Tribute,3o1CUVeHIid49sabk6A6Nf,"['23fqKkggKUBHNkbKtXEls4', '1vCWHaC5f2uS3yhpwWbIA6']"
Call Me When You Break Up (with Gracie Abrams),4yFPKNzjkCS0PpRzhcvy1d,"['0C8ZW7ezQVs4URX5aX7Kqx', '5CiGnKThu5ctn9pBxv7DGa']"
lock / unlock (with benny blanco & Nile Rodgers),3aKXtIPNRoD73KLpsNnNoK,"['0b1sIQumIAsNbqAoIClSpy', '5CiGnKThu5ctn9pBxv7DGa']"
II MOST WANTED,1UP7PXne1lIYZB5G5aiRGL,"['6vWDO969PvNqNYHIOW5v0m', '5YGY8feqx7naU7z4HrwZM6']"
Flawless Remix (feat. Nicki Minaj),0zVMzJ37VQNFUNvdxxat2E,"['6vWDO969PvNqNYHIOW5v0m', '0hCNtLu0JehylgoiP8L4Gh']"
Savage Remix (feat. Beyoncé),5v4GgrXPMghOnBBLmveLac,"['181bsRPaVXVlUKXrxwZfHK', '6vWDO969PvNqNYHIOW5v0m']"
Dance (A$$) Remix,3ZAMtgYJFoHwJjFkhkXqKr,"['0c173mlxpT3dSFRgMO8XPh', '0hCNtLu0JehylgoiP8L4Gh']"
Over Now (with The Weeknd),58AGoOGbwsQMhBbH0eFLRR,"['7CajNmpbOovFoOoasH2HaY', '1Xyo4u8uXC1ZmMpatF05PJ']"
Better Place (Family Harmony),7ELtAKka2YiZRclp70wZ6F,"['0fA0VVWsXO9YnASrzqfmYu', '4nDoRrQiYLoBzwC5BhVJzF']"
I. The Worst Guys,4jnctHRggVIvMgkru936fN,"['73sIBHcqh3Z3NyqHKZ7FOL', '1anyVhU62p31KFi8MEzkbf']"
Wasted,7m3povhdMDLZwuEKak0l0n,"['2o5jDhtHVPhrJdv3cEQ99Z', '1mU61l2mcjEFraXZLpvVMo']"
Just Us (feat. Doja Cat),1SVhTS4l0sLFsP2Abme05l,"['2LIk90788K0zvyj2JJVwkJ', '5cj0lLjcoR7YOSnhnX0Po5']"
First Time,2Gl0FzuLxflY6nPifJp5Dr,"['23fqKkggKUBHNkbKtXEls4', '0X2BH1fck6amBIoJhDVmmJ']"
Hate Me,2QlZzBN9VYEzc9atUG3Qvq,"['6Xgp2XMz1fhVYe7i6yNAax', '7wlFDEWiM5OoIAt8RSli8b']"
Tobey (feat. Big Sean and BabyTron),1ymWIr4E5x6xORlDO0bXlP,"['7dGJo4pcD2V6oG8kP0tJRR', '0c173mlxpT3dSFRgMO8XPh']"
Killer (feat. Jack Harlow & Cordae) - Remix,7zl7kehxesNEo2pYkKXTSe,"['7dGJo4pcD2V6oG8kP0tJRR', '2LIk90788K0zvyj2JJVwkJ']"
Tennis Court - Flume Remix,4fnBNNoBiRqDgTTk3ZQo3E,"['163tK9Wjr9P9DmM0AVK7lm', '6nxWCVXbOlEVRexSbLsTer']"
They Want To Be You (feat. Future),2SDKEjkjZQxxSt8e9ZiqKx,"['3hcs9uc56yIGFCSy9leWe7', '1RyvyyTE3xzB2ZywiAwp0i']"
Palette (feat. G-DRAGON),3y7ByLZ05tluscOTRgEJ9Y,"['3HqSLMAZ3g3d5poNaI7GOU', '30b9WulBM8sFuBo17nNq9c']"
Wanted You (feat. Lil Uzi Vert),1Faq8G2y56A8fRv7HsLq25,"['7rkW85dBwwrJtlHRDkJDAC', '4O15NlyKLIASxsJ0PrXPfz']"
Believer (feat. Lil Wayne),2sU9EjevkrU9OkPZudvFNN,"['53XhwfbYqKCa1cC15pYq2q', '55Aa2cqylxrFIXC767Z865']"
Smoke,2KFJYXqd3fVEHfWSNhlTEp,"['5he5w2lnU9x7JFhnwcekXX', '4zVCMnjw54nkhGHU4e1Pav']"
on the street (with J. Cole),5wxYxygyHpbgv0EXZuqb9V,"['0b1sIQumIAsNbqAoIClSpy', '6l3HvQ5sa6mXTsMTB19rO5']"
Calling (Lose My Mind) - Radio Edit,6LNjIsgHNs4q75uPt4rYf6,"['6hyMWrxGBsOx6sWcVj1DqP', '4AVFqumd2ogHFlRbKIjp1t']"
butterflies (feat. TAEHYUN of TOMORROW X TOGETHER & Kim Chaewon of LE SSERAFIM),0VdikQbDdOqxdWQyYsLmne,"['164Uj4eKjl6zTBKfJLFKKK', '4SpbR6yFEvexJuaBpgAU5p']"
Go2DaMoon (feat. Kanye West),0F13K9dwYH2zpTWiR8d628,"['699OTQXzgjhIYAHMy9RyPD', '5K4W6rqBFWDnAN6FQUkS6x']"
Home Ain't Home (feat. Rod Wave),0oPpchtgx4hZ2J246g5mqn,"['7wlFDEWiM5OoIAt8RSli8b', '45TgXXqMDdF8BkjA83OM7z']"
Aye (feat. Travis Scott),2Hc1LaV6bzFil3dE71eORA,"['4O15NlyKLIASxsJ0PrXPfz', '0Y5tJX1MQlPlqiwlOH1tJY']"
WITHOUT YOU (with Miley Cyrus),1EHUQesfVKwbthtNcpBi9g,"['2tIP7SsRs7vjIcLrU85W8J', '5YGY8feqx7naU7z4HrwZM6']"
OMG! (From F1® The Movie),2TuVErkUG3BdQR0dsbtakg,"['2o5jDhtHVPhrJdv3cEQ99Z', '3DbwFQlvLxRSi2uX8mf81A']"
Used (feat. Don Toliver),1TweDM3JC49LNeelLVg3yX,"['7tYKF4w9nC0nq9CsPZTHyP', '4Gso3d4CscCijv0lmajZWs']"
I Am Who They Say I Am (feat. Kevin Gates and Quando Rondo),4O1uCappFiU3bisYUdUBWy,"['7wlFDEWiM5OoIAt8RSli8b', '1gPhS1zisyXr5dHTYZyiMe']"
gone girl,7wy1pCS4yuTvTak1b6DD3C,"['6ASri4ePR7RlsvIQgWPJpS', '6Xgp2XMz1fhVYe7i6yNAax']"
Litty (feat. Tory Lanez),5J5PXmMdQ2nh1lZOal8KmK,"['20sxb77xiYeusSH8cVdatc', '2jku7tDXc6XoB6MO2hFuqg']"
Midsummer Madness,0qiMB9VYpBOhTcvi47h4nX,"['1AhjOkOLkbHUfcHDSErXQs', '3MZsBdqDrRTJihTHQrO6Dq', '2IDLDx25HU1nQMKde4n61a', '07ZhipyrvoyNoJejeyM0PQ', '2iB8eFB6flwQculkUrRssi']"
Let Me Love You,6VpLNElCyXW15cBixlnIu8,"['66CXWjxzNUsdJxJ2JdwvnR', '55Aa2cqylxrFIXC767Z865']"
"Fine Whine (feat. Joe Fox, Future & M.I.A.)",2WxzLbJfPA2vJGxQiKd7Jq,"['13ubrt8QOOCPljQ2FL1Kca', '1RyvyyTE3xzB2ZywiAwp0i']"
do re mi,5s06GRv6uzSSHzzRbz179Y,"['2cFrymmkijnjDg9SS92EPM', '13y7CgLHjMVRMDqxdx0Xdo']"
"Angel Pt. 2 (feat. Jimin of BTS, Charlie Puth and Muni Long / FAST X Soundtrack)",0ApadYqa3GRQkJJ3E7pQDJ,"['164Uj4eKjl6zTBKfJLFKKK', '6VuMaDnrHyPL1p4EHjYLi7']"
"Angel Pt. 1 (feat. Jimin of BTS, JVKE & Muni Long)",1vvcEHQdaUTvWt0EIUYcFK,"['46SHBwWsqBkxI7EeeBEQG7', '164Uj4eKjl6zTBKfJLFKKK']"
"Girl, so confusing featuring lorde",2YFhqZvhTpyK13gKXMKV7R,"['25uiPmTg16RbhZWAqwLBy5', '163tK9Wjr9P9DmM0AVK7lm']"
Bestie,6r9xnueU24r4eoG3HXC87E,"['4r63FhuTkUYltbVAg5TQnk', '7wlFDEWiM5OoIAt8RSli8b']"
LV Bag (feat. j-hope of BTS & Pharrell Williams),1MhXchY126AX5Iuv4Odbe8,"['4Gso3d4CscCijv0lmajZWs', '0b1sIQumIAsNbqAoIClSpy']"
BROTHER STONE (FEAT. KODAK BLACK),0l3raueiJ78IsmZGwo6CRm,"['4Gso3d4CscCijv0lmajZWs', '46SHBwWsqBkxI7EeeBEQG7']"
how you did that (feat. Kodak Black),3ABFD8SzXwMbUspLFxbbwK,"['2hlmm7s2ICUX0LVIhVFlZQ', '46SHBwWsqBkxI7EeeBEQG7']"
Jump Out the Face (feat. Future),17AS0y6FnHdYImAPUydAJg,"['20sxb77xiYeusSH8cVdatc', '1RyvyyTE3xzB2ZywiAwp0i']"
LIKE ME (feat. 42 Dugg & Lil Baby),3gOL6mYIq19Oq8raxIntrV,"['1RyvyyTE3xzB2ZywiAwp0i', '5f7VJjfbwm532GiveGC0ZK']"
The Hills - Remix,7iTloMifzZo9ZNZKEe4V2V,"['1Xyo4u8uXC1ZmMpatF05PJ', '7dGJo4pcD2V6oG8kP0tJRR']"
Blasé (feat. Future & Rae Sremmurd),1UYLxZIL4IicS6TaPUZFTH,"['7c0XG5cIJTrrAgEC3ULPiq', '1RyvyyTE3xzB2ZywiAwp0i', '7iZtZyCzp3LItcw1wtPI3D']"
100 Racks (Offset feat. Playboi Carti),4T2dHb8XBYHlVj7Dyo1cW9,"['4DdkRBBYG6Yk9Ka8tdJ9BW', '699OTQXzgjhIYAHMy9RyPD']"
All I Wanna Do (K) (Feat. Hoody & Loco),2FWquqPNxte8iqZ3ATQG0p,"['4XDi67ZENZcbfKnvMnTYsI', '7lXgbtBDcCRbfc5f8FhGUL']"
Radioactive,69yfbpvmkIaB10msnKT7Q5,"['53XhwfbYqKCa1cC15pYq2q', '2YZyLoL8N0Wb9xBt1NhZWg']"
NOT SOBER (feat. Polo G & Stunna Gambino),29t9XYOV65fFXiVzFFJgHH,"['2tIP7SsRs7vjIcLrU85W8J', '6AgTAQt8XS6jRWi4sX7w49']"
Sunshine,54NBD72JXFXzrodbQBSzWh,"['5LHRHt1k9lMyONurDHEdrp', '5ZS223C6JyBfXasXxrRqOk', '0eDvMgVFoNV3TpwtrVCoTj']"
Enemies,4KYf8TBVU4QHZlSnVOn7u8,"['6C1ohJrd5VydigQtaGy5Wa', '46SHBwWsqBkxI7EeeBEQG7']"
Wandered To LA (with Justin Bieber),2DQayQSTaomynGyTLXzGs0,"['4MCBfE4596Uoi2O4DtmEMz', '1uNFoZAHBGtllmzznpCI3s']"
Be Something,65jw6GhwQW3Db55PxlPEpS,"['6AgTAQt8XS6jRWi4sX7w49', '5f7VJjfbwm532GiveGC0ZK']"
Wait For A Minute,1AcJJerSHcXCnevx9oSoWe,"['5LHRHt1k9lMyONurDHEdrp', '1uNFoZAHBGtllmzznpCI3s']"
moonboy,4YoU6VbOH4KigttoGoPFjT,"['164Uj4eKjl6zTBKfJLFKKK', '7zYj9S9SdIunYCfSm7vzAR']"
Already Won (feat. Lil Durk),2wOnrN7fkzV4NsLqym2C6O,"['45TgXXqMDdF8BkjA83OM7z', '3hcs9uc56yIGFCSy9leWe7']"
Legends (with Lil Baby),4LRxmoIbLJDcvEhqFgSF29,"['0VRj0yCOv2FXJNP47XQnx5', '5f7VJjfbwm532GiveGC0ZK']"
Shoong! (feat. LISA of BLACKPINK),5HrIcZOo1DysX53qDRlRnt,"['6udveWUgX4vu75FF0DTrXV', '5L1lO4eRHmJ7a0Q6csE5cT']"
Letting Go (Dutty Love) featuring Nicki Minaj (feat. Nicki Minaj),0wDbYIl4fN2mccHczCJqEf,"['6S0dmVVn4udvppDhZIWxCr', '0hCNtLu0JehylgoiP8L4Gh']"
Youth (feat. Khalid),1h0yImRPIVAjhhHeNVlTuC,"['7n2wHs1TKAczGzO7Dd2rGr', '6LuN9FCkKOj5PcnpouEgny']"
About the Money (feat. Young Thug),1hzJQIkgXwZevaKsc7iA6D,"['4OBJLual30L7gRl5UkeRcT', '50co4Is1HCEo8bhOyUWKpn']"
4 AM,1nX9KhK3Fff27SnrIor2Yb,"['17lzZA2AlOHwCwFALHttmp', '0Y5tJX1MQlPlqiwlOH1tJY']"
Realist In It (feat. Gucci Mane & Offset),2WqTKOAUmv7hz9ZzGnXHrY,"['5f7VJjfbwm532GiveGC0ZK', '13y7CgLHjMVRMDqxdx0Xdo', '4DdkRBBYG6Yk9Ka8tdJ9BW']"
Indica Badu,0jqBo5RYn008f4ZY8kPewW,"['4xRYI6VqpkE3UwrDrAZL8L', '137W8MRPWKqSmrBGDBFSop']"
"Runnin (with A$AP Rocky, A$AP Ferg & Nicki Minaj)",23dwrzeJtEEGl2U4CPWSor,"['13ubrt8QOOCPljQ2FL1Kca', '0hCNtLu0JehylgoiP8L4Gh']"
DAMN SHORTY - feat. Sexyy Red,3ghMzjSfLHEriTZRej6JHm,"['15iVAtD3s3FsQR4w1v6M0P', '3DbwFQlvLxRSi2uX8mf81A']"
Rich MF,59yWjAqWEezHGJbayCkgUh,"['6Xgp2XMz1fhVYe7i6yNAax', '6AgTAQt8XS6jRWi4sX7w49', '3hcs9uc56yIGFCSy9leWe7']"
Powerful (feat. Ellie Goulding & Tarrus Riley),3Q6T5Xwf39j9HTQwUZERMT,"['738wLrAtLtCtFOLvQBXOXp', '0X2BH1fck6amBIoJhDVmmJ']"
Shake The Room,5Hl5kIsyZcEhg2bDWp1bKf,"['0eDvMgVFoNV3TpwtrVCoTj', '0VRj0yCOv2FXJNP47XQnx5']"
Antisocial (with Travis Scott),1DhRbox3xkceP64k3JeYfW,"['6eUKZXaKkcviH0Ku9w2n3V', '0Y5tJX1MQlPlqiwlOH1tJY']"
GBAD (Number_i Remix),0Sc93x1NGL4SbWFlMOvDkN,"['1AhjOkOLkbHUfcHDSErXQs', '1kfWoWgCugPkyxQP8lkRlY']"
Heart over Mind,5jiDsY3XhlJ7TsByrQ4npm,"['7vk5e3vY1uw9plTHJAMwjN', '6Dd3NScHWwnW6obMFbl1BH']"
Inside Our Hearts,7JxHc4FNqdIzIJyrpqYAdH,"['60d24wfXkVzDSfLS6hyCjZ', '4AVFqumd2ogHFlRbKIjp1t']"
Levels - Skrillex Remix,5f6igUw1asUL4AGXSvgTW8,"['1vCWHaC5f2uS3yhpwWbIA6', '5he5w2lnU9x7JFhnwcekXX']"
In Vein,6fUjGXOEVP5dRaMFUO1cqG,"['1sBkRIssrMs1AbVkOJbc7a', '1Xyo4u8uXC1ZmMpatF05PJ']"
Poke It Out (with Nicki Minaj),2rPSFKzGeqUWwfcCFVkkq3,"['699OTQXzgjhIYAHMy9RyPD', '0hCNtLu0JehylgoiP8L4Gh']"
IDOL,54azQnjuDYDFfImXimGFsA,"['3Nrfpe0tUJi4K4DXYWgMUX', '0hCNtLu0JehylgoiP8L4Gh']"
Dream Glow (BTS World Original Soundtrack) (Pt. 1),0GjWvVr7TZzceNwdSDRuXy,"['3Nrfpe0tUJi4K4DXYWgMUX', '25uiPmTg16RbhZWAqwLBy5']"
That’s Not How This Works (feat. Dan + Shay & Sabrina Carpenter) - Sabrina’s Version,2WNHUp4s806SJrsj698ZX3,"['6VuMaDnrHyPL1p4EHjYLi7', '74KM79TiuVKeVCqs8QtB0B']"
Get Low,3oZoXyU0SkDldgS7AcN4y4,"['5R3Hr2cnCCjt220Jmt2xLf', '540vIaP2JwjQb9dm3aArA4']"
Delirious (Boneless) [feat. Kid Ink],2SSFvQBwsxeazzo7z5l9gD,"['77AiFEVeAVj2ORpC85QVJs', '6KZDXtSj0SzGOV705nNeh3']"
WE PRAY - TWICE Version,3wLvOITQt7cbK4KzQ3dufu,"['4gzpq5DPGxSnKTe4SA8HAU', '7n2Ycct7Beij7Dj7meI4X0']"
Close To Me (with Diplo) (feat. Swae Lee),5JEx7HbmvHQQswJCsoo9rA,"['0X2BH1fck6amBIoJhDVmmJ', '5fMUXHkw8R8eOP2RNVYEZX']"
No Blueberries,4lpvCG7eNzHAXwvMxWUNjz,"['2o8gT0fQmFxGNbowbdgeZe', '0siBQaURCli5wn2lqv8WZg']"
Dark Times,6J7PIkhtHwmFjPLq0SyuPj,"['1Xyo4u8uXC1ZmMpatF05PJ', '6eUKZXaKkcviH0Ku9w2n3V']"
Feel Something (With I Prevail),5dAtKXyrQoQW054LZqJ5dP,"['45eNHdiiabvmbp4erw26rg', '5FKchcZpQOkqFvXBj1aCvb']"
Karma (feat. Ice Spice),4i6cwNY6oIUU2XZxPIw82Y,"['06HL4z0CvFAxyc27GXpf02', '3LZZPxNDGDFVSIPqf4JuEf']"
Thunder / Young Dumb & Broke (with Khalid) - Medley,7ER7vcy7u2ajg5IV45WBFw,"['53XhwfbYqKCa1cC15pYq2q', '6LuN9FCkKOj5PcnpouEgny']"
TRAGIC (feat. Youngboy Never Broke Again & Internet Money),6ilmDtTR9yGrZCIOnMLNQy,"['2tIP7SsRs7vjIcLrU85W8J', '7wlFDEWiM5OoIAt8RSli8b', '6MPCFvOQv5cIGfw3jODMF0']"
Your Heart,2DTpP3caqX3QdJIEoS83mD,"['6C1ohJrd5VydigQtaGy5Wa', '6l3HvQ5sa6mXTsMTB19rO5']"
fue mejor,2I9t0e3gLAKOi5syoHxP46,"['1U1el3k54VvEUzo3ybLPlM', '2HPaUgqeutzr3jx5a9WyDV']"
Folded (Remix) [feat. Ne-Yo],2rrWBWOA2Awau0kqANJ435,"['0cGUm45nv7Z6M6qdXYQGTX', '21E3waRsmPlU7jZsS13rcj']"
wRoNg (feat. Kehlani),7iCeaYJSEdGWeFNTAEqUzJ,"['5ZsFI1h6hIdQRw2ti0hz81', '0cGUm45nv7Z6M6qdXYQGTX']"
Institutionalized,4oFtLSgHyZPNYDCcANhTnO,"['2YZyLoL8N0Wb9xBt1NhZWg', '7hJcb9fa4alzcOq3EaNPoG']"
The Question (feat. Lil Wayne),20yacZAKo7OgX2G6t5nZZQ,"['4LLpKhyESsyAXpc4laK94U', '55Aa2cqylxrFIXC767Z865']"
Show Out (with Skepta & Pop Smoke),5CFJRZRq6sdKKtRwNPWbYv,"['0fA0VVWsXO9YnASrzqfmYu', '0eDvMgVFoNV3TpwtrVCoTj']"
Everything Goes On,4C4zy9kfjYjr6IcNAdV7ZD,"['3dz0NnIZhtKKeXZxLOxCam', '47mIJdHORyRerp4os813jD']"
Havin My Way (feat. Lil Durk),3TcKJZF01kCz0yyadk3gsI,"['7d3WFRME3vBY2cgoP38RDo', '3hcs9uc56yIGFCSy9leWe7']"
I know love (feat. The Kid LAROI),4WjjHDBuJL9g5wAkQbIa8X,"['45dkTj5sMRSjrmBSBeiHym', '2tIP7SsRs7vjIcLrU85W8J']"
Split (Only U),1Q4jb2UjtWUDUojHsB8mLY,"['2o5jDhtHVPhrJdv3cEQ99Z', '69GGBxA162lTqCwzJG5jLp']"
Still Be Friends (feat. Tory Lanez & Tyga),0JjM9bKm4wrwohMslcm892,"['2jku7tDXc6XoB6MO2hFuqg', '5LHRHt1k9lMyONurDHEdrp']"
Young Grizzley World (feat. A Boogie Wit Da Hoodie & YNW Melly),2HsSzwrvvgiYSCdsYLiJWB,"['31W5EY0aAly4Qieq6OFu6I', '1cNDP5yjU5vjeR8qMf4grg']"
Big Shot (with Travis Scott),5cXg9IQS34FzLVdHhp7hu7,"['2YZyLoL8N0Wb9xBt1NhZWg', '0Y5tJX1MQlPlqiwlOH1tJY']"
Beez In The Trap,0x335qdLBS6o30hYdc8h2I,"['0hCNtLu0JehylgoiP8L4Gh', '17lzZA2AlOHwCwFALHttmp']"
Holy Smokes,6E1DcEzZ4ESfkrWL3bSFXJ,"['6Xgp2XMz1fhVYe7i6yNAax', '4O15NlyKLIASxsJ0PrXPfz']"
Death,6l45AMUGFsx0yZ2rxnzrKA,"['6Xgp2XMz1fhVYe7i6yNAax', '4r63FhuTkUYltbVAg5TQnk']"
Good Good,0J1YRLYhTG1MBosjidD7OI,"['23zg3TcAtWQy7J6upgbUnj', '1URnnhqYAYcrqrcwql10ft']"
hibachi (feat. Kodak Black & 21 Savage),7FCDmAel69bzxRkOxbh2dB,"['757aE44tKEUQEqRuT6GnEB', '1URnnhqYAYcrqrcwql10ft', '46SHBwWsqBkxI7EeeBEQG7']"
Fractures,6g4FbLU3XJmczmR1JjHnyg,"['45eNHdiiabvmbp4erw26rg', '3RTklnRcfHgkQJwFpgOq3t']"
"A$AP Forever REMIX (feat. Moby, T.I. & Kid Cudi)",3oHkMCVJyOcjg5FhfLc2Rq,"['13ubrt8QOOCPljQ2FL1Kca', '4OBJLual30L7gRl5UkeRcT', '0fA0VVWsXO9YnASrzqfmYu']"
durag activity (with Travis Scott),6c5wQFfJApRMooKE7UQnlH,"['5SXuuuRpukkTvsLuUknva1', '0Y5tJX1MQlPlqiwlOH1tJY']"
OUTERSPACE (feat. Baby Keem),3dVsUkabHea7AVFjm92gZ4,"['4Gso3d4CscCijv0lmajZWs', '5SXuuuRpukkTvsLuUknva1']"
DELRESTO (ECHOES) (feat. Beyoncé),0OEe83mMZ5kaNw5uZQ7ilG,"['0Y5tJX1MQlPlqiwlOH1tJY', '6vWDO969PvNqNYHIOW5v0m']"
Bet You Wanna (feat. Cardi B),7iAgNZdotu40NwtoIWJHFe,"['41MozSoPIsD1dJM0CLPjZF', '4kYSro6naA4h99UJvo89HB']"
Faking It (feat. Kehlani & Lil Yachty),0pJPdSVti6cTM1Q6xYGmcf,"['7CajNmpbOovFoOoasH2HaY', '0cGUm45nv7Z6M6qdXYQGTX', '6icQOAFXDZKsumw3YXyusw']"
Baby When the Light (feat. Cozi),5bJ3imTI0ErWNsFWEgi5F8,"['1Cs0zKBU1kc0i8ypK3B9ai', '4FqPRilb0Ja0TKG3RS3y4s']"
Trillionaire (feat. Youngboy Never Broke Again),740kQ8xwSGloumdiKR5Cwz,"['1RyvyyTE3xzB2ZywiAwp0i', '7wlFDEWiM5OoIAt8RSli8b']"
I Invented Sex (feat. Drake),1Ug1mV9h5qVSs4rvvnQWux,"['2iojnBLj0qIMiKPvVhLnsH', '3TVXtAsR1Inumwj472S9r4']"
Summit (feat. Ellie Goulding),1SbqxemPdwGlvmirtQVkCU,"['5he5w2lnU9x7JFhnwcekXX', '0X2BH1fck6amBIoJhDVmmJ']"
Like A Taylor (feat. Wiz Khalifa),2pLvaFpeGmPcqzAP6a5vVj,"['6PXS4YHDkKvl1wkIl4V8DL', '137W8MRPWKqSmrBGDBFSop']"
No Limit (feat. Young Thug),1CDBn2Lm7E63XKQDsdCq6O,"['23zg3TcAtWQy7J6upgbUnj', '50co4Is1HCEo8bhOyUWKpn']"
All You Need To Know (feat. Calle Lehmann),4TIkSdsNSfqpuq6ZYvCjAz,"['2ZRQcIgzPCVaT9XKhXZIzh', '20DZAfCuP1TKZl5KcY7z3Q']"
Love Somebody (feat. Young Thug),7jXaTTqkOupMhGhQdyXDTN,"['13y7CgLHjMVRMDqxdx0Xdo', '50co4Is1HCEo8bhOyUWKpn']"
Million Days,0DzPnTBSmVRKBQAmH3EomR,"['4OaSyxqlkp7aVpAZwF02QZ', '2KjxvxgJvbwweNVRMSuIRG']"
WRONG (feat. Lil Mosey),32cDvfCsazF1frFWcaMjc1,"['2tIP7SsRs7vjIcLrU85W8J', '5zctI4wO9XSKS8XwcnqEHk']"
Sativa,5oKxax66OjT1ZD8UTCy61h,"['5ZS223C6JyBfXasXxrRqOk', '7iZtZyCzp3LItcw1wtPI3D']"
Pretty Boy (feat. Lil Yachty),5XDNLG1uf1GuxVvLfGRhqO,"['3MZsBdqDrRTJihTHQrO6Dq', '6icQOAFXDZKsumw3YXyusw']"
Deep End,31FZEw4eoEZxWx0XUYnXP5,"['6C1ohJrd5VydigQtaGy5Wa', '7wlFDEWiM5OoIAt8RSli8b']"
MoshPit (feat. Juice WRLD),4KX8vXbouybtUptEyYxtIk,"['46SHBwWsqBkxI7EeeBEQG7', '4MCBfE4596Uoi2O4DtmEMz']"
M3tamorphosis (feat. Kid Cudi),7zLMYtNJcabv4h4wBnjNQI,"['699OTQXzgjhIYAHMy9RyPD', '0fA0VVWsXO9YnASrzqfmYu']"
"My Family - from ""The Addams Family""",62rchuhJrm5JSlIfHz7cH3,"['6oMuImdp5ZcFhWP0ESe6mG', '790FomKkXshlbRYZFtlgla', '7hJcb9fa4alzcOq3EaNPoG']"
Like It Is,3frUvGrmGcay91lvFbOgsN,"['23fqKkggKUBHNkbKtXEls4', '1Xylc3o4UrD53lo9CvFvVg', '5LHRHt1k9lMyONurDHEdrp']"
"Get Along (feat. Lil Yachty, LUCKI & Veeze)",0jjGs0KRZIxjp39gHpncDo,"['5f7VJjfbwm532GiveGC0ZK', '6icQOAFXDZKsumw3YXyusw']"
Don't Play (feat. The 1975 & Big Sean),1qXQmENykriAHunVaZc6FW,"['0Y5tJX1MQlPlqiwlOH1tJY', '0c173mlxpT3dSFRgMO8XPh']"
Fire Your Manager (feat. Playboi Carti),3kdAWcII7Co6Lv9Rw1pbIo,"['7wlFDEWiM5OoIAt8RSli8b', '699OTQXzgjhIYAHMy9RyPD']"
I Heard You’re Married (feat. Lil Wayne),5XbA7TAqsD0fj0dGBrbb0D,"['1Xyo4u8uXC1ZmMpatF05PJ', '55Aa2cqylxrFIXC767Z865']"
Good Drank,39pS70eeDvyCAF3t8NAlVV,"['17lzZA2AlOHwCwFALHttmp', '13y7CgLHjMVRMDqxdx0Xdo', '0VRj0yCOv2FXJNP47XQnx5']"
Feel,7MTIDmToGs0I5Oue9V0CHl,"['246dkjvS1zLTtiykXe5h60', '0cGUm45nv7Z6M6qdXYQGTX']"
Run It (feat. Rick Ross & Rich Brian),5x4vgABKiGp4Vg7ZyFRxhn,"['540vIaP2JwjQb9dm3aArA4', '1sBkRIssrMs1AbVkOJbc7a', '2IDLDx25HU1nQMKde4n61a']"
"I'M HIS, HE'S MINE (feat. Doechii)",7EIPVo13rl0uwKbjubMnc7,"['6jJ0s89eD6GaHleKKya26X', '4E2rKHVDssGJm2SCDOMMJB']"
Coco (feat. DaBaby),6MGRweoLPBAaPcXTMpMWsA,"['6fWVd57NKTalqvmjRd2t8Z', '4r63FhuTkUYltbVAg5TQnk']"
Cross Me (feat. Chance the Rapper & PnB Rock),4wuCQX7JvAZLlrcmH4AeZF,"['6eUKZXaKkcviH0Ku9w2n3V', '1anyVhU62p31KFi8MEzkbf']"
24 Hours (feat. Lil Durk),0YH1xT3Z7wR6dZyaCwSziK,"['31W5EY0aAly4Qieq6OFu6I', '3hcs9uc56yIGFCSy9leWe7']"
AGATS2 (Insecure) [with Nicki Minaj],2iVpUQJaQjOWGja05zyIj9,"['4MCBfE4596Uoi2O4DtmEMz', '0hCNtLu0JehylgoiP8L4Gh']"
Mine (feat. Drake),63FrXif0Pdu4NAPvTh87mw,"['6vWDO969PvNqNYHIOW5v0m', '3TVXtAsR1Inumwj472S9r4']"
Superpower (feat. Frank Ocean),49sXkAcR5LvOrtq5Qcn5cf,"['6vWDO969PvNqNYHIOW5v0m', '2h93pZq0e7k5yf4dywlkpM']"
No Surprise (feat. Don Toliver & Bslime),5yjcHfRu0LWD9XpvWabQGj,"['50co4Is1HCEo8bhOyUWKpn', '4Gso3d4CscCijv0lmajZWs']"
Tongue Tied (with YUNGBLUD & blackbear),3xvthxS30q9iPgDKputvyM,"['64KEffDW9EtZ1y2vBYgq8T', '2cFrymmkijnjDg9SS92EPM']"
LET IT GO (feat. Justin Bieber & 21 Savage),1cEhrSF6EylAEqdhUGuNpX,"['0QHgL1lAIqAw0HtD7YldmP', '1URnnhqYAYcrqrcwql10ft', '1uNFoZAHBGtllmzznpCI3s']"
Butter (Megan Thee Stallion Remix),474VqnPDr0251lsQBB8sQB,"['3Nrfpe0tUJi4K4DXYWgMUX', '181bsRPaVXVlUKXrxwZfHK']"
A Brand New Day (BTS World Original Soundtrack) (Pt. 2),3amNzwQ9muL0ZwDCbe9gWy,"['3Nrfpe0tUJi4K4DXYWgMUX', '1Xylc3o4UrD53lo9CvFvVg']"
What's Hatnin',1p5M91qghUkzS4gwuMM22B,"['1uNFoZAHBGtllmzznpCI3s', '1RyvyyTE3xzB2ZywiAwp0i']"
TYPE SH*T,6aBm5lBiBcEBc8moW055LI,"['5lCekoJW9jNq01B1wiqdAb', '76M2Ekj8bG8W7X2nbx2CpF']"
Locked In (feat. Trippie Redd),55oaId1IHZV9XfvHB3P7PJ,"['1Cs0zKBU1kc0i8ypK3B9ai', '6Xgp2XMz1fhVYe7i6yNAax']"
Dientes,4vAMy0dxoyoIHGuIgKqcwm,"['23zg3TcAtWQy7J6upgbUnj', '0QHgL1lAIqAw0HtD7YldmP']"
5 Star - feat. Gunna,00H3q5D7iXFIms4VYbsMP0,"['137W8MRPWKqSmrBGDBFSop', '2hlmm7s2ICUX0LVIhVFlZQ']"
Not In The Mood (feat. Fivio Foreign & Kay Flock),25GyyK9CyZRiDCsPY51fIT,"['6jGMq4yGs7aQzuGsMgVgZR', '14CHVeJGrR5xgUGQFV5BVM']"
RELENTLESS (feat. Lil Uzi Vert),6nDSLDomNqfet6w0r1GHAz,"['2hlmm7s2ICUX0LVIhVFlZQ', '4O15NlyKLIASxsJ0PrXPfz']"
Mind of Melvin (feat. Lil Uzi Vert),5xyLeb2q1lxDf7hXKYlC1H,"['1cNDP5yjU5vjeR8qMf4grg', '4O15NlyKLIASxsJ0PrXPfz']"
Wasting Angels (with The Kid LAROI),2OcSE0EXzgUuqkM1NIJPHJ,"['246dkjvS1zLTtiykXe5h60', '2tIP7SsRs7vjIcLrU85W8J']"
Don't Need Friends (feat. Lil Baby),4x3mum2YGHtIBrgUKiNt4F,"['7rkW85dBwwrJtlHRDkJDAC', '5f7VJjfbwm532GiveGC0ZK']"
R.I.P. (feat. Trippie Redd),4HKWrGhNxub4PTLg5CM5fW,"['3MZsBdqDrRTJihTHQrO6Dq', '6Xgp2XMz1fhVYe7i6yNAax']"
Overboard (Live),5h4Z1fyzlAZhGPRaQz7ima,"['1uNFoZAHBGtllmzznpCI3s', '5YGY8feqx7naU7z4HrwZM6']"
Hero,4Wu62DoQg1ECGlDKDfo30R,"['60d24wfXkVzDSfLS6hyCjZ', '164Uj4eKjl6zTBKfJLFKKK']"
At My Worst (feat. Kehlani),306ediRjbmuizOLWtjDG3Z,"['1W7FNibLa0O0b572tB2w7t', '0cGUm45nv7Z6M6qdXYQGTX']"
Love Is Like (feat. Lil Wayne),46XtsFriNQjGM5enGQViSQ,"['04gDigrS5kc9YWfZHwBETP', '55Aa2cqylxrFIXC767Z865']"
Wild Boy,5jcMhhJ0gXhtruaFIBbL3t,"['6TIYQ3jFPwQSRmorSezPxX', '6f4XkbvYlXMH0QgVRzW0sM']"
MUTT,2hk1qsUurNhymuTIQKoCws,"['7rkW85dBwwrJtlHRDkJDAC', '0VRj0yCOv2FXJNP47XQnx5']"
Lost In Japan - Remix,575NJxNUVDqwJGdzBrlLbv,"['7n2wHs1TKAczGzO7Dd2rGr', '2qxJFvFYMEDqd7ui6kSAcq']"
Back To U,19m23w2ANVhtB7rApM6pbN,"['20DZAfCuP1TKZl5KcY7z3Q', '7d5SfGXKpgS3JK8BFIq59h']"
Alive (with Offset & 2 Chainz),7w8SYlPLA9bqj7vRHvYNDz,"['4DdkRBBYG6Yk9Ka8tdJ9BW', '17lzZA2AlOHwCwFALHttmp']"
Don’t Stop (feat. Young Thug),0W7R5wlb4rjvowSPOY7c8m,"['181bsRPaVXVlUKXrxwZfHK', '50co4Is1HCEo8bhOyUWKpn']"
All We Got (feat. Kanye West & Chicago Children's Choir),3ZLyt2ndLFBh148XRYjYYZ,"['1anyVhU62p31KFi8MEzkbf', '5K4W6rqBFWDnAN6FQUkS6x']"
66,6tarvNiKnEjYMj1VZhlDqR,"['6icQOAFXDZKsumw3YXyusw', '6Xgp2XMz1fhVYe7i6yNAax']"
"My Moment (feat. 2 Chainz, Meek Mill and Jeremih)",3Gva0j7oBU6MdvUMQyDRTJ,"['17lzZA2AlOHwCwFALHttmp', '20sxb77xiYeusSH8cVdatc']"
Extravagant (feat. Nicki Minaj),7MXhQVhuMQP3xDSmzfvKGR,"['3hcs9uc56yIGFCSy9leWe7', '0hCNtLu0JehylgoiP8L4Gh']"
FLIP THE SWITCH (feat. Drake),1rlIrbWboTRGeKfHhgbJRZ,"['0VRj0yCOv2FXJNP47XQnx5', '3TVXtAsR1Inumwj472S9r4']"
Beast Mode (feat. PnB Rock & YoungBoy Never Broke Again),1AH60dMaEfNjzDoUIFwIQi,"['31W5EY0aAly4Qieq6OFu6I', '7wlFDEWiM5OoIAt8RSli8b']"
Red Light (feat. Trippie Redd),4LjylDK1ilK0Ab7ylRdO3Z,"['31W5EY0aAly4Qieq6OFu6I', '6Xgp2XMz1fhVYe7i6yNAax']"
Can't Leave You Alone (feat. Juice WRLD),5kS3Kw2elRTrodnsyQuhvI,"['04gDigrS5kc9YWfZHwBETP', '4MCBfE4596Uoi2O4DtmEMz']"
Lonely Together - (feat. Rita Ora) Alan Walker Remix,4QwNKEWMM7dyLB7Ew9DHHg,"['1vCWHaC5f2uS3yhpwWbIA6', '7vk5e3vY1uw9plTHJAMwjN']"
Crawl Outta Love,49o6YjBAnjwPKLcXwIH53Z,"['45eNHdiiabvmbp4erw26rg', '0kErUwb6xgWfkdn0RyZWHZ']"
Break Your Heart Right Back,0HGcQDbRen8luCnwH53sNl,"['66CXWjxzNUsdJxJ2JdwvnR', '73sIBHcqh3Z3NyqHKZ7FOL']"
Multiply (feat. Juicy J),21tQ61tNj6qbXbDwmSIPt9,"['13ubrt8QOOCPljQ2FL1Kca', '5gCRApTajqwbnHHPbr2Fpi']"
Celebrate (with Offset),6hEzT3fE6ecwWvhlqiFCLF,"['4MCBfE4596Uoi2O4DtmEMz', '4DdkRBBYG6Yk9Ka8tdJ9BW']"
Miracles (Someone Special),6uJwPeBGb3swi85TSr9iIz,"['4gzpq5DPGxSnKTe4SA8HAU', '0c173mlxpT3dSFRgMO8XPh']"
Versace on the Floor (Bruno Mars vs. David Guetta),5UJshy5HDHdNEVqlJwzsQB,"['0du5cEVh5yTK9QJze8zA0C', '1Cs0zKBU1kc0i8ypK3B9ai']"
It Depends (The Remix) (feat. Bryson Tiller & USHER),3ecZ2CLwfGbj4wkPoFkMFB,"['2EMAnMvWE2eb56ToJVfCWs', '23zg3TcAtWQy7J6upgbUnj']"
Wind,5zkZkBTygtZcOgWCWzzKB2,"['6Xgp2XMz1fhVYe7i6yNAax', '2tIP7SsRs7vjIcLrU85W8J']"
"Stay With Me (with Justin Timberlake, Halsey, & Pharrell)",5lfWrciYtohtIMVDVZd0Rf,"['7CajNmpbOovFoOoasH2HaY', '26VFTg2z8YR0cCuwLzESi2']"
OMG (feat. Quavo),4xBjsLUSjcx2h7PcRikpQp,"['4nDoRrQiYLoBzwC5BhVJzF', '0VRj0yCOv2FXJNP47XQnx5']"
Thrusting,4ZrutH1rzpA4v3Bg9nma55,"['6MPCFvOQv5cIGfw3jODMF0', '1RyvyyTE3xzB2ZywiAwp0i']"
Backpack,0jX97Hk6L8ImeVdTTWXZ2D,"['1uNFoZAHBGtllmzznpCI3s', '55Aa2cqylxrFIXC767Z865']"
Prospect,19WJ1TEz7RlwUrt7NFEW7t,"['6ASri4ePR7RlsvIQgWPJpS', '5f7VJjfbwm532GiveGC0ZK']"
Baby Sitter (feat. Offset),7f1zjZG77S891Uv4O68yfk,"['4r63FhuTkUYltbVAg5TQnk', '4DdkRBBYG6Yk9Ka8tdJ9BW']"
DONNY DARKO (FEAT. LIL UZI VERT),4Uho2PKf7lBRYfRasw1J0n,"['4Gso3d4CscCijv0lmajZWs', '4O15NlyKLIASxsJ0PrXPfz']"
I Won (feat. Kanye West),2T4JE91t7Js1DJ4rSHltcQ,"['1RyvyyTE3xzB2ZywiAwp0i', '5K4W6rqBFWDnAN6FQUkS6x']"
Who We Love (feat. Ed Sheeran),16axxBqfSvis8mjhrLHWeH,"['2wY79sveU1sp5g7SokKOiI', '6eUKZXaKkcviH0Ku9w2n3V']"
You Da Baddest (feat. Nicki Minaj),4AFgK4wP1iD5i8BYaLr9Vf,"['1RyvyyTE3xzB2ZywiAwp0i', '0hCNtLu0JehylgoiP8L4Gh']"
Turn Yo Clic Up (feat. Future),7LTCmtMpf3JPfBE8gAl64z,"['0VRj0yCOv2FXJNP47XQnx5', '1RyvyyTE3xzB2ZywiAwp0i']"
Mask Off - Marshmello Remix,5rK0pyEObO4DBFLy682QvR,"['1RyvyyTE3xzB2ZywiAwp0i', '64KEffDW9EtZ1y2vBYgq8T']"
Whatever You Need (feat. Chris Brown & Ty Dolla $ign),6yMxfx9wpiuhhdb8vHDVMu,"['20sxb77xiYeusSH8cVdatc', '7c0XG5cIJTrrAgEC3ULPiq']"
Curve (feat. The Weeknd),2yuyaYAELoMG4ApV5wJsWR,"['13y7CgLHjMVRMDqxdx0Xdo', '1Xyo4u8uXC1ZmMpatF05PJ']"
REPEAT IT (with Gunna),21AJQhGZpujjZQXByZAXpr,"['4Ga1P7PMIsmqEZqhYZQgDo', '2hlmm7s2ICUX0LVIhVFlZQ']"
What's the Move (feat. Lil Uzi Vert),3pTScODwk9tggZzmuH6xDY,"['50co4Is1HCEo8bhOyUWKpn', '4O15NlyKLIASxsJ0PrXPfz']"
Story Of My Life (feat. Trippie Redd),1g7j5AxiNKTGjryhFIlAsA,"['45eNHdiiabvmbp4erw26rg', '6Xgp2XMz1fhVYe7i6yNAax']"
FEEL SOMETHING (feat. Marshmello),7uIgmq5lixaNDaYcUDSsC3,"['2tIP7SsRs7vjIcLrU85W8J', '64KEffDW9EtZ1y2vBYgq8T']"
I Wanna Know,5NYiAtgAFWCwEpfSZOHFA7,"['5eIbEEQnDM8yuDVB0bimSP', '6Dd3NScHWwnW6obMFbl1BH']"
Life's A Mess II (with Clever & Post Malone),4O3RwH1TFG1EjPezLIYehI,"['4MCBfE4596Uoi2O4DtmEMz', '246dkjvS1zLTtiykXe5h60']"
Body Language (feat. Usher & Tinashe),7F51q96XofOD2lntm7hzvQ,"['6KZDXtSj0SzGOV705nNeh3', '23zg3TcAtWQy7J6upgbUnj', '0NIIxcxNHmOoyBx03SfTCD']"
SUPERPOWER,7y97RbibcWt5kv9RYpZdWy,"['3wrFoI9EVjWg6m8xXeWr5t', '4TEK9tIkcoxib4GxT3O4ky']"
Hit Bout It,6SN1H9p6A0UbsNpfkxEEX6,"['6icQOAFXDZKsumw3YXyusw', '46SHBwWsqBkxI7EeeBEQG7']"
Danger (with Migos & Marshmello),0nhVrTiCGiGRCoZOJiWzm1,"['6oMuImdp5ZcFhWP0ESe6mG', '64KEffDW9EtZ1y2vBYgq8T']"
You The Boss,24XPxbzGwOlPKf1pdf1ZtW,"['1sBkRIssrMs1AbVkOJbc7a', '0hCNtLu0JehylgoiP8L4Gh']"
OUTSIDE,22itRNJ0N4sB8RSeofp7pW,"['0Y5tJX1MQlPlqiwlOH1tJY', '7wlFDEWiM5OoIAt8RSli8b']"
Richer (feat. Polo G),0mehSdTadpXbHAWTrnrIXO,"['45TgXXqMDdF8BkjA83OM7z', '6AgTAQt8XS6jRWi4sX7w49']"
Money Made Me Do It,1ysAvOdJgUjc6CqOQxepaz,"['246dkjvS1zLTtiykXe5h60', '17lzZA2AlOHwCwFALHttmp']"
BBO (Bad Bitches Only),4BHzHISX21PYwGXiBEUQ70,"['6oMuImdp5ZcFhWP0ESe6mG', '1URnnhqYAYcrqrcwql10ft']"
Willing To Trust (with Ty Dolla $ign),1OFQT3lHGbnn3x9jPtagXk,"['0fA0VVWsXO9YnASrzqfmYu', '7c0XG5cIJTrrAgEC3ULPiq']"
Bounce It (feat. Wale & Trey Songz),3N5oiETJEStSB71TjTFkWV,"['5gCRApTajqwbnHHPbr2Fpi', '2iojnBLj0qIMiKPvVhLnsH']"
One of Those Nights (feat. The Weeknd),6Jc69KjFo9QNailcyDJh2I,"['5gCRApTajqwbnHHPbr2Fpi', '1Xyo4u8uXC1ZmMpatF05PJ']"
Demeanor,2Kt9LINxBIJJOIW4axGEqg,"['0eDvMgVFoNV3TpwtrVCoTj', '6M2wZ9GZgrQXHCFfjv46we']"
Tell The Vision,4KAsDy2wUBQCx41kseXU1L,"['0eDvMgVFoNV3TpwtrVCoTj', '5K4W6rqBFWDnAN6FQUkS6x']"
Want Me Dead (feat. 21 Savage),3GXjlz7evuodm50dfiDDWo,"['50co4Is1HCEo8bhOyUWKpn', '1URnnhqYAYcrqrcwql10ft']"
Family,3TKpJrY9q49Mj1JOsM9zGL,"['69GGBxA162lTqCwzJG5jLp', '23fqKkggKUBHNkbKtXEls4']"
Going Dumb (with Stray Kids),3Ea1CNsTqBY4RtAESrBeNI,"['4AVFqumd2ogHFlRbKIjp1t', '2dIgFjalVxs4ThymZ67YCE']"
City of Gods,4huBDGP4I3S0pYI0EaRN1c,"['14CHVeJGrR5xgUGQFV5BVM', '5K4W6rqBFWDnAN6FQUkS6x', '3DiDSECUqqY1AuBP8qtaIa']"
M'$ (feat. Lil Wayne),29ZSk6XmWPx3DX69xBb7Yi,"['13ubrt8QOOCPljQ2FL1Kca', '55Aa2cqylxrFIXC767Z865']"
There She Go (feat. Lil Uzi Vert),7i2xVGqiF5FBPvLg6PLHX3,"['1uNFoZAHBGtllmzznpCI3s', '4O15NlyKLIASxsJ0PrXPfz']"
Know No Better (feat. DaBaby),6iKFUkq6GmaW4UQGED1tSd,"['1uNFoZAHBGtllmzznpCI3s', '4r63FhuTkUYltbVAg5TQnk']"
Still Yours (feat. Big Sean),0vaurfXBWA3owUdvkfhEGy,"['2EMAnMvWE2eb56ToJVfCWs', '0c173mlxpT3dSFRgMO8XPh']"
Start Again (feat. Logic),1Nj2oBISdFDSF8eDuXcALz,"['5Pwc4xIPtQLFEnJriah9YJ', '4xRYI6VqpkE3UwrDrAZL8L']"
What Would You Do?,1D2ZNECRd7KIlA4pyOUGsv,"['1Cs0zKBU1kc0i8ypK3B9ai', '2EMAnMvWE2eb56ToJVfCWs']"
HOT UPTOWN (feat. Drake),4sFnOjqO3s7Iphbg2MPKDd,"['4nDoRrQiYLoBzwC5BhVJzF', '3TVXtAsR1Inumwj472S9r4']"
Hot Shit (feat. Ye & Lil Durk),3uJFmluXzYedoJcvhpC1AW,"['4kYSro6naA4h99UJvo89HB', '5K4W6rqBFWDnAN6FQUkS6x', '3hcs9uc56yIGFCSy9leWe7']"
In The City,3xY5aYJcdvZX9xQxNd02ku,"['25uiPmTg16RbhZWAqwLBy5', '2wY79sveU1sp5g7SokKOiI']"
"Gold Slugs (feat. Chris Brown, August Alsina & Fetty Wap)",4Ai8D5oSRQgkU74V3azbwu,"['0QHgL1lAIqAw0HtD7YldmP', '6PXS4YHDkKvl1wkIl4V8DL']"
Something Wrong (with Don Toliver),1LR9rQCGhM0MqESvRQ9EFX,"['540vIaP2JwjQb9dm3aArA4', '4Gso3d4CscCijv0lmajZWs']"
Say So (feat. Nicki Minaj),11VApNQCWLJdzxWrlmwzUa,"['5cj0lLjcoR7YOSnhnX0Po5', '0hCNtLu0JehylgoiP8L4Gh']"
Demons (feat. Fivio Foreign & Sosa Geek),05aZ9sAU1YXndHv0FMi9iW,"['3TVXtAsR1Inumwj472S9r4', '14CHVeJGrR5xgUGQFV5BVM']"
No Regrets (feat. Don Toliver),1lO9CZo6eDrOy0S7khgryG,"['7dGJo4pcD2V6oG8kP0tJRR', '4Gso3d4CscCijv0lmajZWs']"
Clueless (with Pop Smoke & Fivio Foreign),4CPcZHzSvIBM8AKhdHUwnL,"['6AgTAQt8XS6jRWi4sX7w49', '0eDvMgVFoNV3TpwtrVCoTj', '14CHVeJGrR5xgUGQFV5BVM']"
Ride Out,59PL9AwYjIrIpP04n9gmMR,"['6KZDXtSj0SzGOV705nNeh3', '5LHRHt1k9lMyONurDHEdrp']"
Tap (feat. Meek Mill),5rU6kDNXZLXIinFezpbWbO,"['7rkW85dBwwrJtlHRDkJDAC', '20sxb77xiYeusSH8cVdatc']"
Bones (feat. OneRepublic),53Ji6ZvVjsBl4pIuiETfhN,"['4sTQVOfp9vEMCemLw50sbu', '5Pwc4xIPtQLFEnJriah9YJ']"
I Cannot Be (A Sadder Song) (with Gunna),4IxeKzzxUSEgivgtbSbyIK,"['246dkjvS1zLTtiykXe5h60', '2hlmm7s2ICUX0LVIhVFlZQ']"
SMACK TALK,5rzHkSHRyZUdQcCX6noFDB,"['4zVCMnjw54nkhGHU4e1Pav', '6mmSS7itNWKbapgG2eZbIg', '5eIbEEQnDM8yuDVB0bimSP', '0mmIPiJ8l2gAProE7THr37']"
"Pricey (feat. Ari Lennox, Young Dro & Gucci Mane)",2w5BtuWXISpB6NM4xPoeiR,"['6l3HvQ5sa6mXTsMTB19rO5', '13y7CgLHjMVRMDqxdx0Xdo']"
Can't Hide It (feat. Jhené Aiko),0jl2VaNUWun3uwy5LPbDyx,"['3hcs9uc56yIGFCSy9leWe7', '5ZS223C6JyBfXasXxrRqOk']"
Change Your Life (feat. Jhené Aiko),1YqXXJDSlDHrp66g9as4uo,"['0cGUm45nv7Z6M6qdXYQGTX', '5ZS223C6JyBfXasXxrRqOk']"
working,31sSFHIe4NaxltVFOEIcTa,"['45dkTj5sMRSjrmBSBeiHym', '6LuN9FCkKOj5PcnpouEgny']"
Cuban Links (feat. Kevin Gates),1upQoQBckBvpwN4lewptFd,"['45TgXXqMDdF8BkjA83OM7z', '1gPhS1zisyXr5dHTYZyiMe']"
My Window (feat. Lil Wayne),7IECs9d4Rrlpa7tiHOCE1w,"['7wlFDEWiM5OoIAt8RSli8b', '55Aa2cqylxrFIXC767Z865']"
Glow,28irpKCCK9nn9DZSik2zEx,"['3TVXtAsR1Inumwj472S9r4', '5K4W6rqBFWDnAN6FQUkS6x']"
Wasted (feat. Juicy J),3dtBVBClM5ms0qCBBrqpUb,"['0Y5tJX1MQlPlqiwlOH1tJY', '5gCRApTajqwbnHHPbr2Fpi']"
Multiple Flows (with Lil Uzi Vert),33NAQaVm6TRv1phc0fPsfb,"['55Aa2cqylxrFIXC767Z865', '4O15NlyKLIASxsJ0PrXPfz']"
Bout A Million,4JfyaqKAw2u2smAMJpFYfp,"['0eDvMgVFoNV3TpwtrVCoTj', '1URnnhqYAYcrqrcwql10ft']"
Cross The Globe (feat. Juice WRLD),52WWw9qNZXZZtWU336TtKG,"['3hcs9uc56yIGFCSy9leWe7', '4MCBfE4596Uoi2O4DtmEMz']"
Juice WRLD DID (feat. Juice WRLD),47IySiC5o08gz0z5VDiH93,"['0QHgL1lAIqAw0HtD7YldmP', '4MCBfE4596Uoi2O4DtmEMz']"
P.I.M.P. - Snoop Dogg Remix,7D8gRgQ161fqXNOkcanJfa,"['3q7HBObVc0L8jNeTe5Gofh', '7hJcb9fa4alzcOq3EaNPoG']"
3Hunna,4NVyCPbCkbmMEESIErpRXq,"['15iVAtD3s3FsQR4w1v6M0P', '1sBkRIssrMs1AbVkOJbc7a']"
Wait (feat. A Boogie Wit da Hoodie),0SvxydoxEEkXt9aMAqTfpB,"['04gDigrS5kc9YWfZHwBETP', '31W5EY0aAly4Qieq6OFu6I']"
Girl On Fire (feat. Nicki Minaj) - Inferno Version,3XyMPyuWwHcGMvXeJY6Qt0,"['3DiDSECUqqY1AuBP8qtaIa', '0hCNtLu0JehylgoiP8L4Gh']"
I’m Not The Only One (feat. Alicia Keys),0XYCqYGz1t26UfKCePwCID,"['2wY79sveU1sp5g7SokKOiI', '3DiDSECUqqY1AuBP8qtaIa']"
Sympathy is a knife featuring ariana grande,6xrTHtSg2SDBLilLxhbhof,"['25uiPmTg16RbhZWAqwLBy5', '66CXWjxzNUsdJxJ2JdwvnR']"
Ruby Rosary (feat. J. Cole),1lloYB6uHOTDmheiWsq4DL,"['13ubrt8QOOCPljQ2FL1Kca', '6l3HvQ5sa6mXTsMTB19rO5']"
Heaven - David Guetta & MORTEN Remix,4QAUGy6k7c3IOAhgWz52r7,"['1vCWHaC5f2uS3yhpwWbIA6', '1Cs0zKBU1kc0i8ypK3B9ai']"
I Found You (with Calvin Harris),1kQhi22kyluRCnIPAXtxEZ,"['5CiGnKThu5ctn9pBxv7DGa', '7CajNmpbOovFoOoasH2HaY']"
Feeling Lucky,53x0Yk1qOyurd2MefyF3Ny,"['6UbmqUEgjLA6jAcXwbM1Z9', '1kfWoWgCugPkyxQP8lkRlY']"
Hot Shower,6TagqfYkLRIo8SPNdyaJ4f,"['1anyVhU62p31KFi8MEzkbf', '4r63FhuTkUYltbVAg5TQnk']"
The Way (feat. Chance the Rapper),0Kz9XqLxIeMQveGISrWvz3,"['0cGUm45nv7Z6M6qdXYQGTX', '1anyVhU62p31KFi8MEzkbf']"
Feel Alive,0EYoVxpvCLOoPMYz0ZEexD,"['45eNHdiiabvmbp4erw26rg', '7lZauDnRoAC3kmaYae2opv']"
I Can Only Imagine (feat. Chris Brown & Lil Wayne),4f3uZW3Wc1uO2cN4WJs5nu,"['1Cs0zKBU1kc0i8ypK3B9ai', '55Aa2cqylxrFIXC767Z865']"
Peek A Boo,5hx4FpDZOnDVYlyoG3rMks,"['6icQOAFXDZKsumw3YXyusw', '6oMuImdp5ZcFhWP0ESe6mG']"
Payday (feat. Young Thug),2HolBGR6tpiWI80MXoV1dJ,"['5cj0lLjcoR7YOSnhnX0Po5', '50co4Is1HCEo8bhOyUWKpn']"
Tuition Remix (feat. Lil Baby),65ljzAo3PFVv1VFArQbA1k,"['4Gso3d4CscCijv0lmajZWs', '5f7VJjfbwm532GiveGC0ZK']"
Roman's Revenge,0eUzRaG60gimqQJ02oSUnH,"['0hCNtLu0JehylgoiP8L4Gh', '7dGJo4pcD2V6oG8kP0tJRR']"
The Adventures of Moon Man & Slim Shady (with Eminem),38iBrrbbXyWaSPkmuDNgjZ,"['0fA0VVWsXO9YnASrzqfmYu', '7dGJo4pcD2V6oG8kP0tJRR']"
Bonebreaker,5FQ5Ijl6HQsJYD6QaZseFo,"['5FKchcZpQOkqFvXBj1aCvb', '2fNr4ldujwq97v1jWeqs8K']"
Say It - Illenium Remix,6Q7t38DomY82oaHmXuuqLq,"['6nxWCVXbOlEVRexSbLsTer', '45eNHdiiabvmbp4erw26rg']"
Conscience (feat. Future),16dXg2YuFOxwDC3cTf5jde,"['46SHBwWsqBkxI7EeeBEQG7', '1RyvyyTE3xzB2ZywiAwp0i']"
Droptop in the Rain (feat. Tory Lanez),2ZN1EnypRwsD38EoFRwmu9,"['7c0XG5cIJTrrAgEC3ULPiq', '2jku7tDXc6XoB6MO2hFuqg']"
Legendary (feat. Gunna),4yn0ftNHQSwsWE81h33y4K,"['5LHRHt1k9lMyONurDHEdrp', '2hlmm7s2ICUX0LVIhVFlZQ']"
Dip (feat. Nicki Minaj),73xXDeBMlC5cdvWoOLWVLo,"['5LHRHt1k9lMyONurDHEdrp', '0hCNtLu0JehylgoiP8L4Gh']"
Not Even Love,65s9dLrylbHp60IYIcUZEz,"['6fcTRFpz0yH79qSKfof7lp', '45eNHdiiabvmbp4erw26rg']"
talk is overrated,7cflqPPi3zWfLFRRBTWeh6,"['3gIRvgZssIb9aiirIg0nI3', '2cFrymmkijnjDg9SS92EPM']"
Foreign Remix (feat. Justin Bieber),20lNCcjbwZMkpD4rckpFga,"['2iojnBLj0qIMiKPvVhLnsH', '1uNFoZAHBGtllmzznpCI3s']"
"Memories Back Then (feat. B.o.B, Kendrick Lamar & Kris Stephens)",0A2lJqfi04TKDTJYoKBxa9,"['4OBJLual30L7gRl5UkeRcT', '2YZyLoL8N0Wb9xBt1NhZWg']"
"FTCU (feat. Travis Scott, Chris Brown & Sexyy Red) - SLEEZEMIX",2oTFuT1tKLHlTJsnBSJJiN,"['0hCNtLu0JehylgoiP8L4Gh', '0Y5tJX1MQlPlqiwlOH1tJY', '3DbwFQlvLxRSi2uX8mf81A']"
The Purge,3gGyzpBLb7pqOw5oC47QaV,"['4XDi67ZENZcbfKnvMnTYsI', '2u7CP5T30c8ctenzXgEV1W', '5DIi2JWfQPTKffaVBlIYRn']"
Gospel,6xMqcXfvg3HyN5fDPvF8is,"['2IDLDx25HU1nQMKde4n61a', '15UsOTVnJzReFVN1VCnxy4']"
SICKO MODE - Skrillex Remix,0u695M7KyzXaPIjpEbxOkB,"['0Y5tJX1MQlPlqiwlOH1tJY', '5he5w2lnU9x7JFhnwcekXX']"
Deadz (feat. 2 Chainz),3sTsxjv7yb0cM3rWvQdVan,"['6oMuImdp5ZcFhWP0ESe6mG', '17lzZA2AlOHwCwFALHttmp']"
Somewhere to Fly (with Don Toliver),1irXetrpIyLUtvkNw2F2tu,"['0fA0VVWsXO9YnASrzqfmYu', '4Gso3d4CscCijv0lmajZWs']"
They Wanna Have Fun,7c2TmvPFi0AG5Vbw21XovM,"['0iEtIxbK0KxaSlF7G42ZOp', '13y7CgLHjMVRMDqxdx0Xdo']"
We Still in this Bitch (feat. T.I. and Juicy J),3aHkbJXFYpPrup2K8wvDOV,"['4OBJLual30L7gRl5UkeRcT', '5gCRApTajqwbnHHPbr2Fpi']"
"Jealous (feat. Chris Brown, Lil Wayne & Big Sean)",6Dq8FZrvx9S28iyaKSwn9x,"['0QHgL1lAIqAw0HtD7YldmP', '55Aa2cqylxrFIXC767Z865', '0c173mlxpT3dSFRgMO8XPh']"
Obsessed (with Charlie Puth & Shenseea),0b5CzUhyShYuDdtW5J4wm2,"['7CajNmpbOovFoOoasH2HaY', '6VuMaDnrHyPL1p4EHjYLi7']"
Climb,31HAs6RBC8mv5pyqK0tXxY,"['6fWVd57NKTalqvmjRd2t8Z', '6TIYQ3jFPwQSRmorSezPxX']"
Right Back (feat. A Boogie Wit Da Hoodie),6PYnUsNEpYC7A4BS2sjw3L,"['6LuN9FCkKOj5PcnpouEgny', '31W5EY0aAly4Qieq6OFu6I']"
Face Of My City (feat. Lil Baby),6MDdceLYec4AxohmorE4vH,"['2LIk90788K0zvyj2JJVwkJ', '5f7VJjfbwm532GiveGC0ZK']"
"Fire! (feat. YUQI ((G)I-DLE), JVKE)",7Lz6XFFdhLLI6JKLoNbWsQ,"['7vk5e3vY1uw9plTHJAMwjN', '164Uj4eKjl6zTBKfJLFKKK']"
Lil Freak (feat. Nicki Minaj),2sdarYql1R0GAdFsdb4LDM,"['23zg3TcAtWQy7J6upgbUnj', '0hCNtLu0JehylgoiP8L4Gh']"
Play No Games,3rsOs39rDAYxIOrDTHAgR9,"['0c173mlxpT3dSFRgMO8XPh', '7c0XG5cIJTrrAgEC3ULPiq']"
Living Single,36xxq7VDZZsGwARsn6Clo7,"['0c173mlxpT3dSFRgMO8XPh', '1anyVhU62p31KFi8MEzkbf']"
Alright,0lwkTJnLBVWvEnxtku7Msy,"['4xRYI6VqpkE3UwrDrAZL8L', '0c173mlxpT3dSFRgMO8XPh']"
Hard On Yourself,6o4LOloYJc8yu0CdvOvifU,"['6VuMaDnrHyPL1p4EHjYLi7', '2cFrymmkijnjDg9SS92EPM']"
"Freak (feat. Lil Wayne, Joyner Lucas & Tee Grizzley)",4FXL19CnaMVS1HzRFl1BzS,"['55Aa2cqylxrFIXC767Z865', '6C1ohJrd5VydigQtaGy5Wa']"
ON (Feat. Sia),4JWbH50WabthGhmtduR8b9,"['3Nrfpe0tUJi4K4DXYWgMUX', '5WUlDfRSoLAfcVSX1WnrxN']"
"T.D (Lil Yachty & Tierra Whack feat. A$AP Rocky & Tyler, The Creator)",0gO3E51A3fqp0ypJ26QbVP,"['6icQOAFXDZKsumw3YXyusw', '13ubrt8QOOCPljQ2FL1Kca']"
Piece of You,55gGG4igzQyM60Ps35N55U,"['3MZsBdqDrRTJihTHQrO6Dq', '4fxd5Ee7UefO4CUXgwJ7IP']"
Run It Up (feat. Pop Smoke),6LUE5WlMgrpLouGxzJAUVv,"['7rkW85dBwwrJtlHRDkJDAC', '0eDvMgVFoNV3TpwtrVCoTj']"
UNLIMITED (FT PLAYBOI CARTI),4j8n7cA99r729g1nAtA6qV,"['7rkW85dBwwrJtlHRDkJDAC', '699OTQXzgjhIYAHMy9RyPD']"
Betrayal (feat. Drake),0XqGHtlXsdVW2n8HJ3KyeE,"['6Xgp2XMz1fhVYe7i6yNAax', '3TVXtAsR1Inumwj472S9r4']"
Day Before (with Mac Miller),2eYsZ2JEq63Q0S8LQVscBm,"['50co4Is1HCEo8bhOyUWKpn', '4LLpKhyESsyAXpc4laK94U']"
"My Love (feat. Major Lazer, WizKid, Dua Lipa)",7rfiXyFb5M9BqdkvKvVEiB,"['738wLrAtLtCtFOLvQBXOXp', '6M2wZ9GZgrQXHCFfjv46we']"
BROAD DAY (feat. Future),6Qc90FMwNUjJ2M893RdYUg,"['4DdkRBBYG6Yk9Ka8tdJ9BW', '1RyvyyTE3xzB2ZywiAwp0i']"
CLOSE (feat. Travis Scott) - From SR3MM,1oUudyBYVGMIC8JXeIsFzq,"['7iZtZyCzp3LItcw1wtPI3D', '0Y5tJX1MQlPlqiwlOH1tJY']"
"Coca Coca (feat. Rocko, OJ Da Juiceman, Waka Flocka Flame, Shawty Lo, Yo Gotti, & Nicki Minaj)",5vHjgb2CyCGBflVvttMvp6,"['13y7CgLHjMVRMDqxdx0Xdo', '0hCNtLu0JehylgoiP8L4Gh', '6f4XkbvYlXMH0QgVRzW0sM']"
Fr Fr (feat. Lil Skies),1RagpNpkD3KcjXMLGMe99V,"['137W8MRPWKqSmrBGDBFSop', '7d3WFRME3vBY2cgoP38RDo']"
MAMA (feat. Nicki Minaj & Kanye West),5SOYmkRawOJrpufdWsAfo8,"['5K4W6rqBFWDnAN6FQUkS6x', '0hCNtLu0JehylgoiP8L4Gh']"
Bless Em (Takeoff feat. Travis Scott),3aaRK3htdVkK2pqOI64FEb,"['3EW0kQ1skZiK1NHg3Spt9J', '0Y5tJX1MQlPlqiwlOH1tJY']"
Pills (feat. YoungBoy Never Broke Again),2zdcIatMRVWqbYshX4nIR7,"['4DdkRBBYG6Yk9Ka8tdJ9BW', '7wlFDEWiM5OoIAt8RSli8b']"
Yungen (feat. Jack Harlow),1NtyeXryylf8HWXnxVTD3v,"['45TgXXqMDdF8BkjA83OM7z', '2LIk90788K0zvyj2JJVwkJ']"
Get Ready (feat. Kodak Black),04EHa1ZzBl8OPvcnddph4p,"['45TgXXqMDdF8BkjA83OM7z', '46SHBwWsqBkxI7EeeBEQG7']"
"Blueberry Eyes (feat. Lil Mosey, SUGA of BTS & Olivia O'Brien)",2uYd9NblsDfDePyEJp2GrM,"['5zctI4wO9XSKS8XwcnqEHk', '1QRj3hoop9Mv5VvHQkwPEp']"
UnFazed (feat. The Weeknd),5O8x1YlmLQopQHErxtDfi9,"['4O15NlyKLIASxsJ0PrXPfz', '1Xyo4u8uXC1ZmMpatF05PJ']"
Still Got Time (feat. PARTYNEXTDOOR),000xQL6tZNLJzIrtIgxqSl,"['5ZsFI1h6hIdQRw2ti0hz81', '2HPaUgqeutzr3jx5a9WyDV']"
I Stand On That (feat. Joyner Lucas & T.I.),2OPmBE9njSrDBdhpHIfDn2,"['4OBJLual30L7gRl5UkeRcT', '6C1ohJrd5VydigQtaGy5Wa']"
"The Business, Pt. II",0SZPXD0uEl72YjUVY2K3E9,"['2o5jDhtHVPhrJdv3cEQ99Z', '7c0XG5cIJTrrAgEC3ULPiq']"
So Good (feat. Ty Dolla $ign),54LGxQGf5LPXNGjtzDZ5IE,"['1Xylc3o4UrD53lo9CvFvVg', '7c0XG5cIJTrrAgEC3ULPiq']"
Rule The World (feat. Ariana Grande),1R6VwZ8TuHRzxZUxe88n4I,"['17lzZA2AlOHwCwFALHttmp', '66CXWjxzNUsdJxJ2JdwvnR']"
Smoke Break (feat. Future),1Uq3IOIy1CUlHUgP6vWpum,"['1anyVhU62p31KFi8MEzkbf', '1RyvyyTE3xzB2ZywiAwp0i']"
Echo (feat. blackbear),54WpJSyO81dpA40MKJHd0C,"['04gDigrS5kc9YWfZHwBETP', '2cFrymmkijnjDg9SS92EPM']"
Tired - Kygo Remix,3t0J8vI9StQD8KIBkT2Cp5,"['7vk5e3vY1uw9plTHJAMwjN', '23fqKkggKUBHNkbKtXEls4']"
That's What I Like - Alan Walker Remix,1KtU0WCq472KzqCXgMOxkS,"['0du5cEVh5yTK9QJze8zA0C', '7vk5e3vY1uw9plTHJAMwjN']"
Chasing Stars (feat. James Bay),6y6xhAgZjvxy5kR5rigpY3,"['4AVFqumd2ogHFlRbKIjp1t', '64KEffDW9EtZ1y2vBYgq8T']"
ROBBERY (feat. Doechii),6b2oJD0igcwhNzMZ8VQjzJ,"['13ubrt8QOOCPljQ2FL1Kca', '4E2rKHVDssGJm2SCDOMMJB']"
"Heatstroke (feat. Young Thug, Pharrell Williams & Ariana Grande)",60APt5N2NRaKWf5xzJdzyC,"['7CajNmpbOovFoOoasH2HaY', '50co4Is1HCEo8bhOyUWKpn', '66CXWjxzNUsdJxJ2JdwvnR']"
Hey Ma (with Pitbull & J Balvin feat. Camila Cabello),2Vdub5mY4lad7w64bFPUez,"['0TnOYISbd1XYRBk9myaseg', '4nDoRrQiYLoBzwC5BhVJzF']"
Dinero,22mQXNE0nCuWq4yOwcadIn,"['0QHgL1lAIqAw0HtD7YldmP', '4kYSro6naA4h99UJvo89HB']"
POP STAR (feat. Kevin Gates),2TsD9kSbgYx5fSNRsoNURE,"['4r63FhuTkUYltbVAg5TQnk', '1gPhS1zisyXr5dHTYZyiMe']"
BLIND (feat. Young Thug),2T5NBwKRySiCR78vVk08vr,"['4r63FhuTkUYltbVAg5TQnk', '50co4Is1HCEo8bhOyUWKpn']"
Big Booty (feat. Megan Thee Stallion),3gTK8TzE4on9Xe05QlVIFI,"['13y7CgLHjMVRMDqxdx0Xdo', '181bsRPaVXVlUKXrxwZfHK']"
Don't Let Me Let Go (with ILLENIUM & Evan Giia),79dcn5vP9HwgyeyrUGlAVZ,"['5R3Hr2cnCCjt220Jmt2xLf', '45eNHdiiabvmbp4erw26rg']"
Antisocial (feat. Juice WRLD),3lakLxKgelrvKBTyGwDXhX,"['6oMuImdp5ZcFhWP0ESe6mG', '4MCBfE4596Uoi2O4DtmEMz']"
Walk On Water (feat. Beyoncé),7CcoUAtUcYhUfBsmtn0ajO,"['7dGJo4pcD2V6oG8kP0tJRR', '6vWDO969PvNqNYHIOW5v0m']"
Focused (feat. Young Thug),3fX6IqwpcIYjyJwQFdJF8c,"['0VRj0yCOv2FXJNP47XQnx5', '50co4Is1HCEo8bhOyUWKpn']"
Pretty Please,31Hawv3aezG8cfzEyuRLlG,"['1kfWoWgCugPkyxQP8lkRlY', '4sTQVOfp9vEMCemLw50sbu']"
Peta (feat. Meek Mill),4bl1HBZliBuYpFZjWgefE4,"['757aE44tKEUQEqRuT6GnEB', '20sxb77xiYeusSH8cVdatc']"
Tip Toe (feat. A Boogie Wit da Hoodie),6ztvsy3C6hPjVg9j4x1XKJ,"['757aE44tKEUQEqRuT6GnEB', '31W5EY0aAly4Qieq6OFu6I']"
Dior (Remix),69clyVcgalYuGrC1YQssvD,"['0eDvMgVFoNV3TpwtrVCoTj', '2hlmm7s2ICUX0LVIhVFlZQ']"
Goddamn (feat. A Boogie wit da Hoodie),4TCG827sk5fDEmUvcQlStk,"['5LHRHt1k9lMyONurDHEdrp', '31W5EY0aAly4Qieq6OFu6I']"
Colors - Audien Remix,3WtCu35qpzGCLIGa8pczdu,"['26VFTg2z8YR0cCuwLzESi2', '4xnMDfgEmXZEEDdITKcGuE']"
Gangsta Boo (with Lil Tjay),2g5q0UpOOFMNOcHGaMG4b0,"['3LZZPxNDGDFVSIPqf4JuEf', '6jGMq4yGs7aQzuGsMgVgZR']"
Drive You Home,72ZVVjZL6PXfUziM0ewm85,"['1kfWoWgCugPkyxQP8lkRlY', '6MPCFvOQv5cIGfw3jODMF0']"
Dolly (with Lil Uzi Vert),77Xwqkw7VrV8E5FCq9JhO8,"['4Ga1P7PMIsmqEZqhYZQgDo', '4O15NlyKLIASxsJ0PrXPfz']"
GANADARA (Feat. IU),5quFr5s5PXYfUX5jV2EBZ1,"['4XDi67ZENZcbfKnvMnTYsI', '3HqSLMAZ3g3d5poNaI7GOU']"
Let It Fly (feat. Travis Scott),0CBQ0m3mufWH75LTYB3s6h,"['55Aa2cqylxrFIXC767Z865', '0Y5tJX1MQlPlqiwlOH1tJY']"
Only The Team (with Lil Mosey & Lil Tjay),6UHfW9PmGAUjIVeIkPzPQ2,"['5zctI4wO9XSKS8XwcnqEHk', '6jGMq4yGs7aQzuGsMgVgZR']"
Decline (feat. Lil Baby),4jkalyYVL46RGyWphOzphd,"['6jGMq4yGs7aQzuGsMgVgZR', '5f7VJjfbwm532GiveGC0ZK']"
Keep Floatin' (feat. Wiz Khalifa),00T5FHWPVK7PPiBSsBm8vI,"['4LLpKhyESsyAXpc4laK94U', '137W8MRPWKqSmrBGDBFSop']"
Follow,5aXTfpNOqLj35ydEiLio67,"['60d24wfXkVzDSfLS6hyCjZ', '2qxJFvFYMEDqd7ui6kSAcq']"
Free,1eGJxyyyQn4s8NVLLtkNkm,"['20DZAfCuP1TKZl5KcY7z3Q', '76M2Ekj8bG8W7X2nbx2CpF']"
Back To Sleep REMIX (feat. Usher & ZAYN),4wM4c5ly3GR4YYgWSePlSG,"['23zg3TcAtWQy7J6upgbUnj', '5ZsFI1h6hIdQRw2ti0hz81']"
DECEMBER 31ST (feat. A$AP Rocky & Tommy Revenge),0YUd3iXqJA4YPhqHbPHAQ0,"['7c0XG5cIJTrrAgEC3ULPiq', '13ubrt8QOOCPljQ2FL1Kca']"
"That's On Me [Feat. 2 Chainz, T.I., Rich The Kid, Jeezy, Boosie Badazz, Trapboy Freddy] - Remix",3hJ78Resg9H57TG1YbJDvp,"['17lzZA2AlOHwCwFALHttmp', '4OBJLual30L7gRl5UkeRcT']"
"Psilocybae (Millennial Love) (feat. 21 Savage, Ink & Kadhja Bonet)",6ajiOUVtxRjYcf1EvBDoV4,"['73sIBHcqh3Z3NyqHKZ7FOL', '1URnnhqYAYcrqrcwql10ft']"
Do You Mean,5vDCp6yZAikAoJ6NOEEFdp,"['69GGBxA162lTqCwzJG5jLp', '7c0XG5cIJTrrAgEC3ULPiq']"
Power Powder Respect,7zGg1UqqPxk17H19zNUlJe,"['3q7HBObVc0L8jNeTe5Gofh', '3hcs9uc56yIGFCSy9leWe7']"
We Up,4VnYL2m6J9kWrBSw22CXwx,"['3q7HBObVc0L8jNeTe5Gofh', '2YZyLoL8N0Wb9xBt1NhZWg']"
New York Times (feat. 50 Cent & Bas),2O1vTF3y8Jq1XSrgSto6YL,"['6l3HvQ5sa6mXTsMTB19rO5', '3q7HBObVc0L8jNeTe5Gofh']"
All My Love,1hfaeLP0VoQ9Cb6y401NGh,"['738wLrAtLtCtFOLvQBXOXp', '66CXWjxzNUsdJxJ2JdwvnR']"
Stay Down,49hdeJtcG2zgK4Nd83JcJN,"['3hcs9uc56yIGFCSy9leWe7', '50co4Is1HCEo8bhOyUWKpn']"
bank account (with Lil Uzi Vert),5BvfdAtqZXGbR3Ub1Bejb6,"['5SXuuuRpukkTvsLuUknva1', '4O15NlyKLIASxsJ0PrXPfz']"
It Is What It Is (feat. Gunna),5oq7ssOOA3U6UbQ5vjYQvO,"['0c173mlxpT3dSFRgMO8XPh', '2hlmm7s2ICUX0LVIhVFlZQ']"
u love u (with Tate McRae),4RCpHnkhMmm67EKbI4aEO7,"['2cFrymmkijnjDg9SS92EPM', '45dkTj5sMRSjrmBSBeiHym']"
Dirty Sexy Money (feat. Charli XCX & French Montana),0tPQPaOKM32WgMSbPCYyRH,"['1Cs0zKBU1kc0i8ypK3B9ai', '25uiPmTg16RbhZWAqwLBy5']"
Walk Me Home,5fWRLdgfMlbKDncAhdN9zI,"['4LZ4De2MoO3lP6QaNCfvcu', '45eNHdiiabvmbp4erw26rg', '5JMLG56F1X5mFmWNmS0iAp']"
Dandelion,4NexTaCZZ7Ehnf03A6SVjt,"['4sTQVOfp9vEMCemLw50sbu', '164Uj4eKjl6zTBKfJLFKKK']"
Hollow - Lø's Version,5vxYlfDlOeNRx9YgE9k2dQ,"['7lZauDnRoAC3kmaYae2opv', '2fNr4ldujwq97v1jWeqs8K']"
Receipts (feat. Gunna),5fiKIc9nFfSt1FsBHrSvWZ,"['5fMUXHkw8R8eOP2RNVYEZX', '2hlmm7s2ICUX0LVIhVFlZQ']"
edamame (Diplo Remix),6zngi7VIMwoTrQqVGSnHi2,"['2IDLDx25HU1nQMKde4n61a', '5fMUXHkw8R8eOP2RNVYEZX']"
Without Me - ILLENIUM Remix,2031g1Fr1ZxIFSjonvuM1S,"['26VFTg2z8YR0cCuwLzESi2', '45eNHdiiabvmbp4erw26rg']"
Leave the Club (feat. Lil Durk & GloRilla),2avmc6AW7RbsYOC77jJhmi,"['4Gso3d4CscCijv0lmajZWs', '3hcs9uc56yIGFCSy9leWe7']"
Fragments,4TKGj4J6W0CeLZahL9ihtc,"['3MZsBdqDrRTJihTHQrO6Dq', '4Gso3d4CscCijv0lmajZWs']"
What You See (feat. Justin Bieber),58H8cWvvaFLFg2g7SdOO44,"['6oMuImdp5ZcFhWP0ESe6mG', '1uNFoZAHBGtllmzznpCI3s']"
Love Game,0iMN420Q45isZVNlAqzPTW,"['7dGJo4pcD2V6oG8kP0tJRR', '2YZyLoL8N0Wb9xBt1NhZWg']"
GANG GANG (with Lil Wayne),0ezwvY7TkCwDEkKR49084k,"['6AgTAQt8XS6jRWi4sX7w49', '55Aa2cqylxrFIXC767Z865']"
Project Walls (feat. YoungBoy Never Broke Again),0wdlLb695gFP3CSiUAqxls,"['6jGMq4yGs7aQzuGsMgVgZR', '7wlFDEWiM5OoIAt8RSli8b']"
Nothin on Ya (feat. Wiz Khalifa),1Z5TsWELtBDCANaEubKGCf,"['13y7CgLHjMVRMDqxdx0Xdo', '137W8MRPWKqSmrBGDBFSop']"
Forever (feat. Lil Wayne),3EVzllf30zIBAtKb75bs1W,"['5f7VJjfbwm532GiveGC0ZK', '55Aa2cqylxrFIXC767Z865']"
SEASIDE (feat. iann dior),45bXTH6SuR2MKjypu4ksNz,"['4Ga1P7PMIsmqEZqhYZQgDo', '6ASri4ePR7RlsvIQgWPJpS']"
Purple Emoji (feat. J. Cole),3OJ4LEE50iFELaHiZ09zif,"['7c0XG5cIJTrrAgEC3ULPiq', '6l3HvQ5sa6mXTsMTB19rO5']"
that way - with Jeremy Zucker,6W4SftknKhWj0iFoHN7aYU,"['45dkTj5sMRSjrmBSBeiHym', '3gIRvgZssIb9aiirIg0nI3']"
Ice Tray,3wdfLVUhmX64lIyWIIEW8s,"['0VRj0yCOv2FXJNP47XQnx5', '6icQOAFXDZKsumw3YXyusw']"
Jewels N' Drugs,2MqhCzdw8Py25ZHY2Di3Sr,"['1HY2Jd0NmPuamShAr6KMms', '4OBJLual30L7gRl5UkeRcT']"
Krabby Step (with Tyga & Lil Mosey),54VtNjzhAyLvPxuJlw0Z3q,"['5LHRHt1k9lMyONurDHEdrp', '5zctI4wO9XSKS8XwcnqEHk']"
All Star (with Lil Tjay),62uolmVjOio9xIfwDM1ZvC,"['4Ga1P7PMIsmqEZqhYZQgDo', '6jGMq4yGs7aQzuGsMgVgZR']"
Pose (feat. Megan Thee Stallion & Lil Uzi Vert),57ciWTOKgrXVBxktMJyUB1,"['181bsRPaVXVlUKXrxwZfHK', '4O15NlyKLIASxsJ0PrXPfz']"
I Changed Her Life (feat. Rick Ross),1SaxT2eggG2xalUM21tUSw,"['15UsOTVnJzReFVN1VCnxy4', '1sBkRIssrMs1AbVkOJbc7a']"
Breathe Deeper - Lil Yachty Remix,6GtOsEzNUhJghrIf6UTbRV,"['5INjqkS1o8h1imAzPqGZBb', '6icQOAFXDZKsumw3YXyusw']"
DJ's Chord Organ (feat. SZA),1JtAIBbCgomz38qPBSJzCn,"['4LLpKhyESsyAXpc4laK94U', '7tYKF4w9nC0nq9CsPZTHyP']"
Miss You (with Major Lazer & Tory Lanez),7HdZY9UJTylIiNcSDFyUDc,"['738wLrAtLtCtFOLvQBXOXp', '2jku7tDXc6XoB6MO2hFuqg']"
I Admit (feat. Nicki Minaj),7d60THs9nBNnlDg1hksDnJ,"['7wlFDEWiM5OoIAt8RSli8b', '0hCNtLu0JehylgoiP8L4Gh']"
Potions,5uGCoNepb3NfYHzdVDXQtC,"['20DZAfCuP1TKZl5KcY7z3Q', '4LZ4De2MoO3lP6QaNCfvcu']"
So Good (& Metro Boomin),0fWBFDRTIuk8ZgNdZqhCer,"['0c173mlxpT3dSFRgMO8XPh', '0iEtIxbK0KxaSlF7G42ZOp']"
Bad Vibe (feat. A Boogie Wit da Hoodie & 2 Chainz),1GqluCmHkW69FPpe8OlnB5,"['17lzZA2AlOHwCwFALHttmp', '31W5EY0aAly4Qieq6OFu6I']"
"Turn Down for What (feat. Juicy J, 2 Chainz & French Montana) - Official Remix",6h5yOjQNDaLZ0rW2OGoXTB,"['540vIaP2JwjQb9dm3aArA4', '5gCRApTajqwbnHHPbr2Fpi', '17lzZA2AlOHwCwFALHttmp']"
Company (feat. Future),3JVTsvTldB6arHVlmxmTnM,"['6fWVd57NKTalqvmjRd2t8Z', '1RyvyyTE3xzB2ZywiAwp0i']"
Easier – Remix (with Charlie Puth),5iTaLzgPI5jRMVAxITcZwT,"['5Rl15oVamLq7FbSb0NNBNy', '6VuMaDnrHyPL1p4EHjYLi7']"
"Family (feat. Bebe Rexha, Ty Dolla $ign & A Boogie Wit da Hoodie)",0HLhptvI8NozbOHRLNniFz,"['1Cs0zKBU1kc0i8ypK3B9ai', '7c0XG5cIJTrrAgEC3ULPiq', '31W5EY0aAly4Qieq6OFu6I']"
Another Me,2eU3rmE6zV2h7ixKK3dXUx,"['6fcTRFpz0yH79qSKfof7lp', '5FKchcZpQOkqFvXBj1aCvb', '1Uyqa2sdHm1bL5JK4IC4zc']"
Same Guy (feat. Adam Levine),2InNHqO69Nu6lH8169ncxR,"['2LIk90788K0zvyj2JJVwkJ', '4bYPcJP5jwMhSivRcqie2n']"
Locked Away Again (The Remix) (feat. Adam Levine & Lil Wayne),7BWTTA7mBQTX4jxSLApzQ6,"['4bYPcJP5jwMhSivRcqie2n', '55Aa2cqylxrFIXC767Z865']"
Out Here Grindin,1ebk891vw3HHLkwI4p6lga,"['0QHgL1lAIqAw0HtD7YldmP', '0z4gvV4rjIZ9wHck67ucSV', '1sBkRIssrMs1AbVkOJbc7a']"
Just Look Up (From Don’t Look Up),3QPBocWfIcOCdFFvmqn60F,"['66CXWjxzNUsdJxJ2JdwvnR', '0fA0VVWsXO9YnASrzqfmYu']"
You (with Marshmello & Vance Joy),1GkHyypTFkUf0QQKwYoXH4,"['5CiGnKThu5ctn9pBxv7DGa', '64KEffDW9EtZ1y2vBYgq8T']"
MOOD 4 EVA (feat. Oumou Sangaré),7oqftogUN82Q7VNy2TmTJW,"['6vWDO969PvNqNYHIOW5v0m', '73sIBHcqh3Z3NyqHKZ7FOL']"
Party (feat. J. Cole),7GjNPaxtLRJxPy1U6bLYrK,"['6vWDO969PvNqNYHIOW5v0m', '6l3HvQ5sa6mXTsMTB19rO5']"
Still Got It,51B1RzOwX8ybRMb66Rhsmu,"['5LHRHt1k9lMyONurDHEdrp', '3TVXtAsR1Inumwj472S9r4']"
cheers (with Wiz Khalifa),294CLJ9yQQZ7fg9QB7ve16,"['2cFrymmkijnjDg9SS92EPM', '137W8MRPWKqSmrBGDBFSop']"
That's What I Like - PARTYNEXTDOOR Remix,64TkpV7m7f09JY7K436pju,"['0du5cEVh5yTK9QJze8zA0C', '2HPaUgqeutzr3jx5a9WyDV']"
Rambo (Last Blood) (feat. The Weeknd),62itulOgU4flQFuI7f7JF8,"['2EMAnMvWE2eb56ToJVfCWs', '1Xyo4u8uXC1ZmMpatF05PJ']"
Don't Go Yet - Major Lazer Remix,5Ay8r4qxJ1OYLS91tWysRf,"['4nDoRrQiYLoBzwC5BhVJzF', '738wLrAtLtCtFOLvQBXOXp']"
Writing on the Wall (feat. Post Malone & Cardi B),7x9nXsowok1JszkVztI5NI,"['246dkjvS1zLTtiykXe5h60', '4kYSro6naA4h99UJvo89HB']"
Not Ok,6aoGtdWXBkYQ2O2wnyIz2x,"['23fqKkggKUBHNkbKtXEls4', '5JMLG56F1X5mFmWNmS0iAp']"
Decline,0xoXf02i81X9msUjvwaJZb,"['3hcs9uc56yIGFCSy9leWe7', '15iVAtD3s3FsQR4w1v6M0P']"
PICK UP (feat. Quavo),5gNOINI5dXZVom2b36LMOd,"['4r63FhuTkUYltbVAg5TQnk', '0VRj0yCOv2FXJNP47XQnx5']"
Simon Says (feat. Juicy J),4l2maonUDTMvGGT4bmkB3h,"['181bsRPaVXVlUKXrxwZfHK', '5gCRApTajqwbnHHPbr2Fpi']"
Worlds Away,1NYXrU1mlnnoV6k2p1xBl8,"['7lZauDnRoAC3kmaYae2opv', '4YpLN8ZByubASuWnxWokRT']"
In The End,7JkcBxBKYgD1vmkIEtKE12,"['7lZauDnRoAC3kmaYae2opv', '4LZ4De2MoO3lP6QaNCfvcu']"
Loitering (ft. Kodak Black),1jMhBGKs5FSWcFSqXOlyW9,"['5fMUXHkw8R8eOP2RNVYEZX', '46SHBwWsqBkxI7EeeBEQG7']"
Cold,4eOJxoVUcN0kFX3ymAoREV,"['5K4W6rqBFWDnAN6FQUkS6x', '0QHgL1lAIqAw0HtD7YldmP']"
Way Back,6aE1kHca8lxdIDMgZwAwfJ,"['5he5w2lnU9x7JFhnwcekXX', '6Xgp2XMz1fhVYe7i6yNAax']"
Malibu (feat. Polo G),3v1zVVdzNVNt7vmI9VG2gq,"['6oMuImdp5ZcFhWP0ESe6mG', '6AgTAQt8XS6jRWi4sX7w49']"
Picasso (feat. Future),2kPlWEOm2tQlaZRE01IbBQ,"['6oMuImdp5ZcFhWP0ESe6mG', '1RyvyyTE3xzB2ZywiAwp0i']"
Light It Up (feat. Pop Smoke),5rIjbX7rQMj8Gh9Oxd4Vrc,"['6oMuImdp5ZcFhWP0ESe6mG', '0eDvMgVFoNV3TpwtrVCoTj']"
Pullin Up (feat. The Weeknd),1oxRy7LzzzV9g6oaWoFON5,"['20sxb77xiYeusSH8cVdatc', '1Xyo4u8uXC1ZmMpatF05PJ']"
Let Me Calm Down (feat. J. Cole),44gmXwbdHjwQsQvsiraj14,"['0hCNtLu0JehylgoiP8L4Gh', '6l3HvQ5sa6mXTsMTB19rO5']"
Don't Want Your Love,7qJbM8znxgNEI59393l3wu,"['45eNHdiiabvmbp4erw26rg', '0X2BH1fck6amBIoJhDVmmJ']"
I'll Come Runnin,7zoBIrpqAdN41YbGWGy3q2,"['45eNHdiiabvmbp4erw26rg', '67qogtRNI0GjUr8PlaG6Zh']"
The Hills - Remix,42bUsj5M2olT2wRMRaro9g,"['1Xyo4u8uXC1ZmMpatF05PJ', '0hCNtLu0JehylgoiP8L4Gh']"
No Auto (feat. Lil Durk),5erLs80hB2TbFWgSAbVQpe,"['4O15NlyKLIASxsJ0PrXPfz', '3hcs9uc56yIGFCSy9leWe7']"
Reminder (feat. A$AP Rocky & Young Thug) - Remix,2rlEZYWZFE84YTbrwypBr0,"['1Xyo4u8uXC1ZmMpatF05PJ', '13ubrt8QOOCPljQ2FL1Kca', '50co4Is1HCEo8bhOyUWKpn']"
Bedtime Stories (feat. The Weeknd) - From SR3MM,6nI74KsH94IN0J2vp5shdT,"['7iZtZyCzp3LItcw1wtPI3D', '1Xyo4u8uXC1ZmMpatF05PJ']"
BABY I'M BACK - Remix,2vlUAb1FCGBt2hLKIOVjN7,"['2tIP7SsRs7vjIcLrU85W8J', '2hlmm7s2ICUX0LVIhVFlZQ']"
Moonwalkin (feat. Lil Durk),33NoCir8q4WA4HNmyrD3fu,"['757aE44tKEUQEqRuT6GnEB', '3hcs9uc56yIGFCSy9leWe7']"
[The Jackie] (with J. Cole & Lil Tjay),2cny5OSTr2976U3o018GoV,"['6l3HvQ5sa6mXTsMTB19rO5', '6jGMq4yGs7aQzuGsMgVgZR']"
Whipski (feat. Lil Skies & Internet Money),0a2Yk4ORO4MsGaJ4DI03qx,"['7d3WFRME3vBY2cgoP38RDo', '6MPCFvOQv5cIGfw3jODMF0']"
All My Life (Stray Kids Remix),5OHNBi6tsE0acRA9Kt4ybC,"['3hcs9uc56yIGFCSy9leWe7', '2dIgFjalVxs4ThymZ67YCE']"
Dreams Unfold,5ChX0Yt1wPpRJFPPecJZPh,"['6C1ohJrd5VydigQtaGy5Wa', '6jGMq4yGs7aQzuGsMgVgZR']"
Lucky Ass Bitch (with Juicy J),4TyiRT4zX0FlLgDEfhG1HB,"['4LLpKhyESsyAXpc4laK94U', '5gCRApTajqwbnHHPbr2Fpi']"
Pepper,0OCFIEsSrmKueOiPK6S3xq,"['5f7VJjfbwm532GiveGC0ZK', '5he5w2lnU9x7JFhnwcekXX']"
Bussin,7lcI4X8RZxK4zIknJcwpBq,"['0hCNtLu0JehylgoiP8L4Gh', '5f7VJjfbwm532GiveGC0ZK']"
Run Up,4Ezpn0nl7RC8lDXQSuC72j,"['738wLrAtLtCtFOLvQBXOXp', '2HPaUgqeutzr3jx5a9WyDV', '0hCNtLu0JehylgoiP8L4Gh']"
If I Never See Your Face Again,2CtaTmkRB7csW9XAZbWHDq,"['04gDigrS5kc9YWfZHwBETP', '5pKCCKE2ajJHZ9KAiaK11H']"
Grown Man,5VKG8ary0JW6iKemhmznzS,"['64KEffDW9EtZ1y2vBYgq8T', '6AgTAQt8XS6jRWi4sX7w49']"
Peace of Flood,70LDxWCoJKuxpgtErYHDQb,"['6hyMWrxGBsOx6sWcVj1DqP', '60d24wfXkVzDSfLS6hyCjZ']"
FREAK,0HIj0uo7zaFIpkzUIkDlmL,"['5LHRHt1k9lMyONurDHEdrp', '181bsRPaVXVlUKXrxwZfHK']"
Muddy Feet (feat. Sia),6QSR2OrZOICOXfFB5Wswt1,"['5YGY8feqx7naU7z4HrwZM6', '5WUlDfRSoLAfcVSX1WnrxN']"
Let It Go (feat. Nevve),4jx7rWh4h1MoYxiUDFxnbx,"['4AT7XlLBevgZIiKvZQ83ye', '3RTklnRcfHgkQJwFpgOq3t']"
I’m Not The Only One (feat. A$AP Rocky),5RYtz3cpYb28SV8f1FBtGc,"['2wY79sveU1sp5g7SokKOiI', '13ubrt8QOOCPljQ2FL1Kca']"
California (from Songland) (feat. Tyga),0TLnTwqXslKsovat4bz0jp,"['23zg3TcAtWQy7J6upgbUnj', '5LHRHt1k9lMyONurDHEdrp']"
Trigger Finger,7gj2lWAhnEbfGVHFijrEQq,"['55Aa2cqylxrFIXC767Z865', '6GMYJwaziB4ekv1Y6wCDWS']"
"Blessings (feat. Ty Dolla $ign, Anderson .Paak, BJ The Chicago Kid, Raury & Jamila Woods)",5IdQEHgtmj9th3OkfQKhf8,"['1anyVhU62p31KFi8MEzkbf', '7c0XG5cIJTrrAgEC3ULPiq']"
Clap,6rZhHYL6eDo1lxBkgu09Dc,"['0iEtIxbK0KxaSlF7G42ZOp', '6f4XkbvYlXMH0QgVRzW0sM']"
KeeP IN tOUcH (feat. Bryson Tiller),0VM5acl9Q1cPTZH9BvKI2U,"['2jku7tDXc6XoB6MO2hFuqg', '2EMAnMvWE2eb56ToJVfCWs']"
F With U (feat. Ty Dolla $ign),6mLfR7fHVDcCKpLwGLWCWw,"['6KZDXtSj0SzGOV705nNeh3', '7c0XG5cIJTrrAgEC3ULPiq']"
What’s Crackin,3PkCuB0I7aR2ZflhIYHApQ,"['0eDvMgVFoNV3TpwtrVCoTj', '3EW0kQ1skZiK1NHg3Spt9J']"
Mr. Jones,4B1FwBjnCqSpHrSqImzbtP,"['0eDvMgVFoNV3TpwtrVCoTj', '1RyvyyTE3xzB2ZywiAwp0i']"
How Did I Get Here (feat. J. Cole),32iPykTXUNZ9oGyACGUybq,"['4DdkRBBYG6Yk9Ka8tdJ9BW', '6l3HvQ5sa6mXTsMTB19rO5']"
Murder (feat. 21 Savage) [Remix],7iCzsKbAuYry6SBjvIPJbg,"['7wlFDEWiM5OoIAt8RSli8b', '1URnnhqYAYcrqrcwql10ft']"
Prada (feat. Lil Tecca),4wuMS7NGVbU7hdu94K5icd,"['6fWVd57NKTalqvmjRd2t8Z', '4Ga1P7PMIsmqEZqhYZQgDo']"
Best Friend (feat. Tory Lanez),7GNKDhpJtw7G7nodKz4NOH,"['31W5EY0aAly4Qieq6OFu6I', '2jku7tDXc6XoB6MO2hFuqg']"
TOO BAD - Alan Walker Remix,6JcKisIcNS6Pe3As4Alvmg,"['30b9WulBM8sFuBo17nNq9c', '7vk5e3vY1uw9plTHJAMwjN']"
Best Life (feat. Chance The Rapper),00B7TZ0Xawar6NZ00JFomN,"['4kYSro6naA4h99UJvo89HB', '1anyVhU62p31KFi8MEzkbf']"
Prayers Up (feat. Travis Scott & A-Trak),4KaIJ1FWXUoAAnOts1YWjD,"['7CajNmpbOovFoOoasH2HaY', '0Y5tJX1MQlPlqiwlOH1tJY']"
Lord Knows / Fighting Stronger,767T5vqvDToZ8LtqT8iZx9,"['20sxb77xiYeusSH8cVdatc', '5ZS223C6JyBfXasXxrRqOk']"
Open The Pit,1HComaUOXdl7jRuGB3KsVB,"['5lCekoJW9jNq01B1wiqdAb', '5gCRApTajqwbnHHPbr2Fpi']"
Pretty Low,0svMffDGjaAgtQHL0Pn8DA,"['5R3Hr2cnCCjt220Jmt2xLf', '4sTQVOfp9vEMCemLw50sbu']"
Skittles (ft. Juicy J & Project Pat),2A7LpORJxFQ8UqbqXXpGuJ,"['5fMUXHkw8R8eOP2RNVYEZX', '5gCRApTajqwbnHHPbr2Fpi']"
Rake It Up - Diplo & Party Favor Remix,3wAbP40X5P9EVWkwmszInb,"['5fMUXHkw8R8eOP2RNVYEZX', '0hCNtLu0JehylgoiP8L4Gh']"
COUP D'ETAT,3q0evJwZohI2FfXkfC5tSR,"['30b9WulBM8sFuBo17nNq9c', '5fMUXHkw8R8eOP2RNVYEZX']"
Run,7Ay1JeXkSBpZRMB6dYHc3k,"['2fNr4ldujwq97v1jWeqs8K', '6d0ZjIp5L7Ygy2l02HskRX']"
Don’t Leave,3nbnyZb8F60d9vHLm8RX9N,"['6fcTRFpz0yH79qSKfof7lp', '0X2BH1fck6amBIoJhDVmmJ']"
Touchdown,4ZjwZxHFro05u2CvZUYCCs,"['4OBJLual30L7gRl5UkeRcT', '7dGJo4pcD2V6oG8kP0tJRR']"
Broken,2yg53XBaQDtIk6hYT2VFSD,"['7d5SfGXKpgS3JK8BFIq59h', '3L7JnVovGbYSUmRyqhXMYO']"
Westside (feat. Snoop Dogg),7fy2ZJGYU1ll1BiTLEMUzx,"['6PXS4YHDkKvl1wkIl4V8DL', '7hJcb9fa4alzcOq3EaNPoG']"
Blackout,0B0Xu2ih8fWpcwyxAt1c7m,"['6C1ohJrd5VydigQtaGy5Wa', '1RyvyyTE3xzB2ZywiAwp0i']"
Payback,5cXAuTYvFXkL0ombvLGmci,"['5gCRApTajqwbnHHPbr2Fpi', '1gPhS1zisyXr5dHTYZyiMe', '1RyvyyTE3xzB2ZywiAwp0i']"
No Time Wasted (feat. Future),4MUlNqSrMeFAHA6VpJKMo8,"['6AgTAQt8XS6jRWi4sX7w49', '1RyvyyTE3xzB2ZywiAwp0i']"
If I Can't Have You - Gryffin Remix,1IXGILkPm0tOCNeq00kCPa,"['7n2wHs1TKAczGzO7Dd2rGr', '2ZRQcIgzPCVaT9XKhXZIzh']"
Ecstasy (feat. Machine Gun Kelly),1yBbxDXEfr8boXM1ubvBHi,"['50co4Is1HCEo8bhOyUWKpn', '6TIYQ3jFPwQSRmorSezPxX']"
"CHOPPA SHOOT THE LOUDEST (with Chief Keef, feat.Trippie Redd)",2MyQK6cKu9IAzNXiBm7TD0,"['4Ga1P7PMIsmqEZqhYZQgDo', '15iVAtD3s3FsQR4w1v6M0P', '6Xgp2XMz1fhVYe7i6yNAax']"
Oh Shhh...(with Travis Scott),4hLoReufV6TYnpZWf5e41f,"['3LZZPxNDGDFVSIPqf4JuEf', '0Y5tJX1MQlPlqiwlOH1tJY']"
Damage,0GYSkimHYYaiL2AE9dz9Dl,"['2HPaUgqeutzr3jx5a9WyDV', '26VFTg2z8YR0cCuwLzESi2']"
The Secret Recipe,51RaJOy09JMFHyPaDgXxBO,"['6icQOAFXDZKsumw3YXyusw', '6l3HvQ5sa6mXTsMTB19rO5']"
TITANIC (feat. Rich Brian),7b7TdtSTjo0PhrMVJciQyh,"['1kfWoWgCugPkyxQP8lkRlY', '2IDLDx25HU1nQMKde4n61a']"
One Chance,1rFjOggo1LDoT6wqX41baU,"['6mmSS7itNWKbapgG2eZbIg', '76M2Ekj8bG8W7X2nbx2CpF']"
"Game (feat. Lil Durk, Tee Grizzley, Sada Baby & YNW Melly)",2rmtuIBWYzZZb7P2QU0QO6,"['3hcs9uc56yIGFCSy9leWe7', '1cNDP5yjU5vjeR8qMf4grg']"
NorthStar (feat. Joyner Lucas) - Remix,7t27DLlJCOCt0Y3XTUGAbc,"['15UsOTVnJzReFVN1VCnxy4', '6C1ohJrd5VydigQtaGy5Wa']"
Insomniak (feat. Rick Ross),0qdSK9Nr5OAvWzPA5OHxw7,"['4LLpKhyESsyAXpc4laK94U', '1sBkRIssrMs1AbVkOJbc7a']"
Cut the Check (feat. Chief Keef),6U1ueRYXTjFHuJ9Ld2LBIW,"['4LLpKhyESsyAXpc4laK94U', '15iVAtD3s3FsQR4w1v6M0P']"
Too Much (feat. Usher),39umHdGKfpnjY4TFtnoQ51,"['64KEffDW9EtZ1y2vBYgq8T', '23zg3TcAtWQy7J6upgbUnj']"
Burning Memories (feat. Lil Skies),1xGxSCtX96DB7inpF2wKIS,"['6TIYQ3jFPwQSRmorSezPxX', '7d3WFRME3vBY2cgoP38RDo']"
Mr. Right Now (feat. Akon & DJ Frank E),1d5dIwX0QGabBASb3gI3VA,"['0TnOYISbd1XYRBk9myaseg', '0z4gvV4rjIZ9wHck67ucSV']"
Pleading The Fifth (feat. Quavo),3LUPftNsM4KOk7kINY8keB,"['7wlFDEWiM5OoIAt8RSli8b', '0VRj0yCOv2FXJNP47XQnx5']"
The Hills - RL Grime Remix,6SNUuxeg0NWXSEkFirAkAM,"['1Xyo4u8uXC1ZmMpatF05PJ', '5eIbEEQnDM8yuDVB0bimSP']"
Permanent Scar (feat. Young Thug and Quando Rondo),56y48l3RslFer22WytV6KU,"['7wlFDEWiM5OoIAt8RSli8b', '50co4Is1HCEo8bhOyUWKpn']"
Shining (feat. Beyoncé & JAY-Z),7Fa5UNizycSms5jP3SQD3F,"['0QHgL1lAIqAw0HtD7YldmP', '6vWDO969PvNqNYHIOW5v0m']"
RONDO,5e4AYaVnzJnR5H7tVbox9S,"['2jku7tDXc6XoB6MO2hFuqg', '50co4Is1HCEo8bhOyUWKpn']"
PILL BREAKER,0zjLX4HQdA6f8RBVUPrSQV,"['6Xgp2XMz1fhVYe7i6yNAax', '2cFrymmkijnjDg9SS92EPM']"
Mac 10,7vanOPJ8GpUOxgqzAU2Tuu,"['6Xgp2XMz1fhVYe7i6yNAax', '5f7VJjfbwm532GiveGC0ZK']"
"New To You (with Normani, Tinashe & Offset)",5Axapk6xMmSHK2A75EZiYo,"['7CajNmpbOovFoOoasH2HaY', '0NIIxcxNHmOoyBx03SfTCD', '4DdkRBBYG6Yk9Ka8tdJ9BW']"
06 Gucci (feat. DaBaby & 21 Savage),4mWbFYZ9P14Ulf1LIFZGhH,"['13y7CgLHjMVRMDqxdx0Xdo', '4r63FhuTkUYltbVAg5TQnk', '1URnnhqYAYcrqrcwql10ft']"
"Wild Horses (feat. Adam Levine) - Unplugged Live at the Brooklyn Academy of Music, Brooklyn, NY - July 2005",6zo52JP3T62BJWN1Fd802D,"['3DiDSECUqqY1AuBP8qtaIa', '4bYPcJP5jwMhSivRcqie2n']"
Faded - Tiesto's Northern Lights Remix,7MDobIiZKLbDDibHDA1fl8,"['7vk5e3vY1uw9plTHJAMwjN', '2o5jDhtHVPhrJdv3cEQ99Z']"
Lonely (with Chandler Leighton),2tPzQueGEjxjmBvJrYe02u,"['45eNHdiiabvmbp4erw26rg', '5zUeHMatct7zGjyIji9T4C']"
Lay It Down,0dxAvCV7LGcGIJQZuqhmgL,"['45eNHdiiabvmbp4erw26rg', '0Cd6nHYwecCNM1sVEXKlYr', '20DZAfCuP1TKZl5KcY7z3Q']"
Trust Nobody (feat. Selena Gomez & Tory Lanez),5qYp1Wf3gh0lGWdIS5lIrX,"['0C8ZW7ezQVs4URX5aX7Kqx', '2jku7tDXc6XoB6MO2hFuqg']"
Alone (Feat. Big Sean & Stefflon Don),3tbNT2X5tfMIVeUflYbZUZ,"['26VFTg2z8YR0cCuwLzESi2', '0c173mlxpT3dSFRgMO8XPh']"
Anxiety Wins,1rP2IyoNiSPFIwp6b8zMGL,"['6C1ohJrd5VydigQtaGy5Wa', '2cFrymmkijnjDg9SS92EPM']"
if I were u (with Lauv),2ttGfRawDPWlkAoXxP5Z72,"['2cFrymmkijnjDg9SS92EPM', '5JZ7CnR6gTvEMKX4g70Amv']"
Wish I Could Forget (with blackbear & Bring Me The Horizon),4QcfHUpGxGGKh7VIVs3LYI,"['20DZAfCuP1TKZl5KcY7z3Q', '2cFrymmkijnjDg9SS92EPM']"
"Cash Out (feat. ScHoolboy Q, PARTYNEXTDOOR & D.R.A.M.)",0Ws8D3EWUDgY962Xftb0h5,"['7CajNmpbOovFoOoasH2HaY', '2HPaUgqeutzr3jx5a9WyDV']"
RAW SHIT (feat. Migos),1CCDIow4pPYyJYzhtTUYz2,"['4r63FhuTkUYltbVAg5TQnk', '6oMuImdp5ZcFhWP0ESe6mG']"
"Show Me Love (feat. Chance The Rapper, Moses Sumney and Robin Hannibal) - Skrillex Remix",5PnBpKOVvQxeFvXVNYSoxs,"['1anyVhU62p31KFi8MEzkbf', '5he5w2lnU9x7JFhnwcekXX']"
Midnight - Kygo Remix,2CoWJhDYVENsByS7rPInSr,"['4gzpq5DPGxSnKTe4SA8HAU', '23fqKkggKUBHNkbKtXEls4']"
Kneel Before Me,0qwMoAstkTXlWE8lQJBRzY,"['20DZAfCuP1TKZl5KcY7z3Q', '5lCekoJW9jNq01B1wiqdAb']"
This Ain't That,1ATuaGdb7I8LfTZl3qai99,"['6Xgp2XMz1fhVYe7i6yNAax', '5zctI4wO9XSKS8XwcnqEHk']"
Bloom,0bey95Gcplo3PsvEubZjv1,"['7lZauDnRoAC3kmaYae2opv', '3ppkM4QtM781APpaX7H9t7']"
Coming Over (feat. James Hersey),6m3ZWIXhjoV76syT1j2oE9,"['5R3Hr2cnCCjt220Jmt2xLf', '23fqKkggKUBHNkbKtXEls4']"
The Half,69bDRy5MeWQl1lNeEJQIBE,"['540vIaP2JwjQb9dm3aArA4', '50co4Is1HCEo8bhOyUWKpn']"
Ain't Safe (feat. Don Toliver),22sJiw8rbuiiDEpdKNMRVP,"['6Xgp2XMz1fhVYe7i6yNAax', '4Gso3d4CscCijv0lmajZWs']"
Tic Tac Toe (feat. Kodak Black),35J4wXQeRuHNOEArMy6FOe,"['20sxb77xiYeusSH8cVdatc', '46SHBwWsqBkxI7EeeBEQG7']"
Nowhere Fast (feat. Kehlani),4xs1uoAjiWAEecX9yKGSF6,"['7dGJo4pcD2V6oG8kP0tJRR', '0cGUm45nv7Z6M6qdXYQGTX']"
Air (feat. Julia Michaels),7jc0ABEKe6svpZxSnBhQgx,"['2ZRQcIgzPCVaT9XKhXZIzh', '5FKchcZpQOkqFvXBj1aCvb']"
Same Old Love Remix,4SeE2RMYotbYBtc9zQ225k,"['0C8ZW7ezQVs4URX5aX7Kqx', '6PXS4YHDkKvl1wkIl4V8DL']"
Paris to Tokyo,5QvW5lK6mkfTegpAK9JOO7,"['14CHVeJGrR5xgUGQFV5BVM', '2tIP7SsRs7vjIcLrU85W8J']"
Party Lyfe (with DaBaby),38Z8SRBxln5pP7yWLqRYwC,"['6AgTAQt8XS6jRWi4sX7w49', '4r63FhuTkUYltbVAg5TQnk']"
Pressurelicious (feat. Future),16knHihZqSUCl07ablNPPl,"['181bsRPaVXVlUKXrxwZfHK', '1RyvyyTE3xzB2ZywiAwp0i']"
After You (feat. Calle Lehmann),3TO4rCwrEgzkH20pG7DK4G,"['2ZRQcIgzPCVaT9XKhXZIzh', '6CCTvLyIHqUhY6VQizt150']"
We Steady Mobbin (feat. Lil Wayne),53tVRDwjexwMWsC2kOCAje,"['13y7CgLHjMVRMDqxdx0Xdo', '55Aa2cqylxrFIXC767Z865']"
ABOUT YOU (with NAV),098a0ODkRj8IUbEGVZMsyN,"['4Ga1P7PMIsmqEZqhYZQgDo', '7rkW85dBwwrJtlHRDkJDAC']"
Lie,1rgFfeSt94CGtggxTqb63m,"['26VFTg2z8YR0cCuwLzESi2', '0VRj0yCOv2FXJNP47XQnx5']"
In My Arms - Wooli Remix,62z0VrPN4cAUSGqbQlSGFI,"['45eNHdiiabvmbp4erw26rg', '1Uyqa2sdHm1bL5JK4IC4zc']"
Anti-Hero - ILLENIUM Remix,6C0H8ts9M6deezz0yYR6LK,"['06HL4z0CvFAxyc27GXpf02', '45eNHdiiabvmbp4erw26rg']"
Cozy,5mRFZlOAptPpimncCeBxoJ,"['3gIRvgZssIb9aiirIg0nI3', '5JZ7CnR6gTvEMKX4g70Amv']"
Take It Away,7yIowaMtc0QkqX9WtRiPNH,"['5eIbEEQnDM8yuDVB0bimSP', '7c0XG5cIJTrrAgEC3ULPiq']"
Normal People (feat. rei brown),6dZg0S14kE0UEwkexyPp5v,"['3MZsBdqDrRTJihTHQrO6Dq', '4N7IToHBlPXqlrXiv1Nij6']"
Late to the Party,4nOr5Mas8g2cF5CfTHZfpY,"['6C1ohJrd5VydigQtaGy5Wa', '7c0XG5cIJTrrAgEC3ULPiq']"
lavender (feat. Pink Sweat$),4WkmcS7sW41aVsFdJ2PfT7,"['164Uj4eKjl6zTBKfJLFKKK', '1W7FNibLa0O0b572tB2w7t']"
Dope Niggaz (feat. Snoop Dogg),2AwyHlbA6f641SEkizD5JG,"['55Aa2cqylxrFIXC767Z865', '7hJcb9fa4alzcOq3EaNPoG']"
Young Dumb & Broke REMIX (feat. Rae Sremmurd & Lil Yachty),6LxEtvMKSwmPdd5Fh1PCof,"['6LuN9FCkKOj5PcnpouEgny', '7iZtZyCzp3LItcw1wtPI3D', '6icQOAFXDZKsumw3YXyusw']"
Whatever (with Ava Max) - Tiësto Remix,2e0Lsi6FfpmjKtdKkaZHuO,"['23fqKkggKUBHNkbKtXEls4', '2o5jDhtHVPhrJdv3cEQ99Z']"
Leaked (feat. Lil Wayne) - Remix,7x9Am1UW3C5yCZLSysEWxX,"['6jGMq4yGs7aQzuGsMgVgZR', '55Aa2cqylxrFIXC767Z865']"
Pull Up (feat. Lil Uzi Vert),6LTsvaebP6V9tJFvZxqi5M,"['137W8MRPWKqSmrBGDBFSop', '4O15NlyKLIASxsJ0PrXPfz']"
Callin (feat. Snoop Dogg),0IUW6b1taJKyKt6hyagmTG,"['7wlFDEWiM5OoIAt8RSli8b', '7hJcb9fa4alzcOq3EaNPoG']"
Hot Gyal (feat. Tory Lanez & Mavado),2sssyogPeYk581LqeMZOQu,"['15UsOTVnJzReFVN1VCnxy4', '2jku7tDXc6XoB6MO2hFuqg']"
Beauty In The Benz (feat. Snoop Dogg),0BpYTh0O2ut5wvt0QtDGt4,"['2jku7tDXc6XoB6MO2hFuqg', '7hJcb9fa4alzcOq3EaNPoG']"
Still Waiting (feat. Trey Songz),5rPhugY1JSJCJWIRiniDta,"['2jku7tDXc6XoB6MO2hFuqg', '2iojnBLj0qIMiKPvVhLnsH']"
Pray (feat. Logic),4S76QxyCdlTHpgDv7gWFe8,"['2wY79sveU1sp5g7SokKOiI', '4xRYI6VqpkE3UwrDrAZL8L']"
"Freal Luv (feat. Marshmello, Chanyeol & Tinashe)",7IAXZyP3QSuvd5NQNOOYQB,"['64KEffDW9EtZ1y2vBYgq8T', '0NIIxcxNHmOoyBx03SfTCD']"
On the Run (feat. Offset),04yv0dtqVm9u745efIuxbZ,"['50co4Is1HCEo8bhOyUWKpn', '4DdkRBBYG6Yk9Ka8tdJ9BW']"
Soy Así 2,2cG2Vmnu4qtHpWkY84hj97,"['0TnOYISbd1XYRBk9myaseg', '137W8MRPWKqSmrBGDBFSop']"
SLOW IT DOWN,6EBHz85BW58iHN9yuT35Od,"['2tIP7SsRs7vjIcLrU85W8J', '0VRj0yCOv2FXJNP47XQnx5']"
Can't Feel My Face - Martin Garrix Remix,22SXyL6pUjwIvGWvgGjLov,"['1Xyo4u8uXC1ZmMpatF05PJ', '60d24wfXkVzDSfLS6hyCjZ']"
Talk About Love (feat. Young Thug),5UkMXb3IfK9fTCCrMr0v9A,"['1Xylc3o4UrD53lo9CvFvVg', '50co4Is1HCEo8bhOyUWKpn']"
Freaky Girls (feat. SZA),4RAEVQeHanpXyK2lrEUkMk,"['181bsRPaVXVlUKXrxwZfHK', '7tYKF4w9nC0nq9CsPZTHyP']"
Oh Yeah (feat. Snoop Dogg & 2 Chainz),3x8tqtAYzW0y2Er1zCKVSu,"['7hJcb9fa4alzcOq3EaNPoG', '17lzZA2AlOHwCwFALHttmp']"
Trap House 3 (feat. Rick Ross),0kGv0IfNGY9AQZrVnaeDUR,"['13y7CgLHjMVRMDqxdx0Xdo', '1sBkRIssrMs1AbVkOJbc7a']"
"Run (feat. Tyga, 21 Savage & BIA)",7ItXHU9yVm8AUkMyo4kffF,"['5LHRHt1k9lMyONurDHEdrp', '1URnnhqYAYcrqrcwql10ft']"
Manslaughter,2uvkFD4VJL5SBVJB7GMunj,"['0eDvMgVFoNV3TpwtrVCoTj', '1sBkRIssrMs1AbVkOJbc7a']"
moved to miami (feat. Lil Baby),3rjwafyisDpLdoJ4RecHp6,"['757aE44tKEUQEqRuT6GnEB', '5f7VJjfbwm532GiveGC0ZK']"
I Bet (feat. 50 Cent),7wT9MGMmMO9IcOjiE9u5Fg,"['5LHRHt1k9lMyONurDHEdrp', '3q7HBObVc0L8jNeTe5Gofh']"
Reply (feat. Lil Uzi Vert),1njRzdfGNUY2RZU0lVO787,"['31W5EY0aAly4Qieq6OFu6I', '4O15NlyKLIASxsJ0PrXPfz']"
Malibu - Tiësto Remix,1NvSQe0i4ApmQCnBI8Jwzq,"['5YGY8feqx7naU7z4HrwZM6', '2o5jDhtHVPhrJdv3cEQ99Z']"
Years - Radio Edit,5pVk15sR3OgIeKBKqG9jWw,"['4AVFqumd2ogHFlRbKIjp1t', '1mU61l2mcjEFraXZLpvVMo']"
First Time,4s9eMbBfWUDtBEFHC7sNp7,"['45eNHdiiabvmbp4erw26rg', '6ASri4ePR7RlsvIQgWPJpS']"
CALLDROPS (feat. Kodak Black),1wGYcpJZ59rePkNu4zHmLu,"['13ubrt8QOOCPljQ2FL1Kca', '46SHBwWsqBkxI7EeeBEQG7']"
Sacrifices,1r0faljjM2b876iNoaDUh5,"['0c173mlxpT3dSFRgMO8XPh', '6oMuImdp5ZcFhWP0ESe6mG']"
Active,7eeur7ly3m419qzU2r4gIf,"['6C1ohJrd5VydigQtaGy5Wa', '0c173mlxpT3dSFRgMO8XPh']"
Trigger,0Z26mbSHJ1dkUu7g9DDgif,"['738wLrAtLtCtFOLvQBXOXp', '6LuN9FCkKOj5PcnpouEgny']"
"Girls (feat. Cardi B, Bebe Rexha & Charli XCX)",1YNQscOx6OqBQjxgJVhEeW,"['25uiPmTg16RbhZWAqwLBy5', '4kYSro6naA4h99UJvo89HB']"
Hot In It - Tiësto’s Hotter Mix,0TejbZNnypwBQDwkUPjPrT,"['2o5jDhtHVPhrJdv3cEQ99Z', '25uiPmTg16RbhZWAqwLBy5']"
Blick Blick (with Nicki Minaj),7LczcBaamU9pTkV4Cl9NyX,"['6AMd49uBDJfhf30Ak2QR5s', '0hCNtLu0JehylgoiP8L4Gh']"
No More Parties - Remix,5A4WcRuy0FFEAC5pAK43oa,"['6AMd49uBDJfhf30Ak2QR5s', '3hcs9uc56yIGFCSy9leWe7']"
1738 (feat. Coi Leray),4dwUU7nwU1zKapVA4ebO7H,"['6PXS4YHDkKvl1wkIl4V8DL', '6AMd49uBDJfhf30Ak2QR5s']"
I'm Good (Blue) - Tiësto Remix,7gLKUPLGMzPhw90Ara5ZEc,"['1Cs0zKBU1kc0i8ypK3B9ai', '2o5jDhtHVPhrJdv3cEQ99Z']"
Big (feat. Gunna),78oZ26xvmtCfarveRXs3dq,"['1Cs0zKBU1kc0i8ypK3B9ai', '2hlmm7s2ICUX0LVIhVFlZQ']"
Slow Grenade,5z8uLrYMcUVvzTV28twt44,"['0X2BH1fck6amBIoJhDVmmJ', '5JZ7CnR6gTvEMKX4g70Amv']"
2step (feat. Lil Baby),1qqSQhDwPXl8WY0Fxx9kIt,"['6eUKZXaKkcviH0Ku9w2n3V', '5f7VJjfbwm532GiveGC0ZK']"
Say Ya Grace (with Chief Keef & Lil Yachty),4m4CMXt4jTczOLC14kG8cx,"['15iVAtD3s3FsQR4w1v6M0P', '6icQOAFXDZKsumw3YXyusw']"
Heaven Feels Like,0nSxiyRH74IpDiVdYLVjsv,"['20DZAfCuP1TKZl5KcY7z3Q', '3L7JnVovGbYSUmRyqhXMYO']"
Whatever I Want,6BqnF9KSPIgLqO4EG9erJr,"['20sxb77xiYeusSH8cVdatc', '14CHVeJGrR5xgUGQFV5BVM']"
WHAT'S THE MOVE? (feat. Future and BabyDrill),0oqnZWNBvobs1t181f45Ck,"['2tIP7SsRs7vjIcLrU85W8J', '1RyvyyTE3xzB2ZywiAwp0i']"
Rich Nigga (feat. Lil Uzi Vert),64YhfeTI1gvL2xRI9P7lXq,"['7wlFDEWiM5OoIAt8RSli8b', '4O15NlyKLIASxsJ0PrXPfz']"
HATRED,4qjUzU7liGURmzCCSNJoOE,"['2tIP7SsRs7vjIcLrU85W8J', '6icQOAFXDZKsumw3YXyusw']"
Best Friends 4L (feat. Lil Tjay),5zOm9ZAuAiJMb5G6uXGVlu,"['1cNDP5yjU5vjeR8qMf4grg', '6jGMq4yGs7aQzuGsMgVgZR']"
Beat It Up (feat. Trey Songz),3xkt8JggoSSXoZ8xjjNi3a,"['13y7CgLHjMVRMDqxdx0Xdo', '2iojnBLj0qIMiKPvVhLnsH']"
Drip or Drown Remix (feat. Lil Yachty),4rTwXrxC6fyn3g5y3DGTIJ,"['2hlmm7s2ICUX0LVIhVFlZQ', '6icQOAFXDZKsumw3YXyusw']"
Bad Girls (feat. Gucci Mane),0hCHNYL8ApQCGNwJrYN1FY,"['7d3WFRME3vBY2cgoP38RDo', '13y7CgLHjMVRMDqxdx0Xdo']"
Bake Sale (feat. Travis Scott),2okC0OWtgS86P2LC18IzHy,"['137W8MRPWKqSmrBGDBFSop', '0Y5tJX1MQlPlqiwlOH1tJY']"
Blue Notes 2 (feat. Lil Uzi Vert),2kdhiombBoiHjvSKG3EI0m,"['20sxb77xiYeusSH8cVdatc', '4O15NlyKLIASxsJ0PrXPfz']"
Yonce Freestyle (feat. Sexyy Red & B.G.),1fo2w2ikXyQjnmH1AVVyJ8,"['1gPhS1zisyXr5dHTYZyiMe', '3DbwFQlvLxRSi2uX8mf81A']"
Rockstar Knights (with Trippie Redd),4J9SI7do4KOEsCexqEbjmR,"['0fA0VVWsXO9YnASrzqfmYu', '6Xgp2XMz1fhVYe7i6yNAax']"
I GOT YOU (Feat. Lauv),3X8L4DUPjLUE1cr8omydPT,"['7n2Ycct7Beij7Dj7meI4X0', '5JZ7CnR6gTvEMKX4g70Amv']"
Sweet & Sour (feat. Lauv & Tyga),3ZWhRS2EJVL5B0IEzkcvZa,"['5JZ7CnR6gTvEMKX4g70Amv', '5LHRHt1k9lMyONurDHEdrp']"
My Friends (feat. Lil Durk),0wTTf3msjDJ8NcZGTmQJQV,"['7c0XG5cIJTrrAgEC3ULPiq', '3hcs9uc56yIGFCSy9leWe7']"
Pain Away (feat. Lil Durk),1SBgI8NDCkKLFFQgwzmsVX,"['20sxb77xiYeusSH8cVdatc', '3hcs9uc56yIGFCSy9leWe7']"
I'm Not Human,1LWlpRhu9jUkDK47xzUzu1,"['15UsOTVnJzReFVN1VCnxy4', '4O15NlyKLIASxsJ0PrXPfz']"
BUZZIN' (feat. Lil Yachty & Murda Beatz),3PIRRhdrbPdwXXXQmZgjMn,"['2HPaUgqeutzr3jx5a9WyDV', '6icQOAFXDZKsumw3YXyusw']"
Do Not Disturb (feat. Lil Yachty & Offset),5Ojb9dF8VoBHUwbDfPxMlg,"['6icQOAFXDZKsumw3YXyusw', '4DdkRBBYG6Yk9Ka8tdJ9BW']"
Tatted ASF (feat. Metro Boomin),4NJb2tuolDoJyY7SSWNw6I,"['3DbwFQlvLxRSi2uX8mf81A', '0iEtIxbK0KxaSlF7G42ZOp']"
Big 14 (feat. Moneybagg Yo),6QwxfYarykL4lGiNLixdHd,"['6Xgp2XMz1fhVYe7i6yNAax', '4DdkRBBYG6Yk9Ka8tdJ9BW']"
JUS KNOW (feat. Travis Scott),1pg2gguxmrrD4rYUeRSmGj,"['2HPaUgqeutzr3jx5a9WyDV', '0Y5tJX1MQlPlqiwlOH1tJY']"
Broken Hearted (feat. Julia Church),6cmYMueidIP3Q2vLDrJWrv,"['20DZAfCuP1TKZl5KcY7z3Q', '0jNDKefhfSbLR9sFvcPLHo']"
No Enemies (feat. Namasenda),55gp7v87CYS1lxWQ5ho5nK,"['6hyMWrxGBsOx6sWcVj1DqP', '4FqPRilb0Ja0TKG3RS3y4s']"
Cold Skin - MitiS Remix,22szgJ9WufVHgefSgOD6Dv,"['6fcTRFpz0yH79qSKfof7lp', '16yUpGkBRgc2eDMd3bB3Uw']"
Movie (feat. Lil Durk),7Ge141qhUeuglcOvgAkWBy,"['181bsRPaVXVlUKXrxwZfHK', '3hcs9uc56yIGFCSy9leWe7']"
Burn (feat. Big Sean),1tv6IvWoOilhj0XbBoVVMo,"['20sxb77xiYeusSH8cVdatc', '0c173mlxpT3dSFRgMO8XPh']"
Can't Believe It (feat. 2 Chainz),1r3qUIDhMvoTct7cxPnbdN,"['0fA0VVWsXO9YnASrzqfmYu', '17lzZA2AlOHwCwFALHttmp']"
Boom,4ZhwldiTvsIyKnWxQmjqhq,"['738wLrAtLtCtFOLvQBXOXp', '7c0XG5cIJTrrAgEC3ULPiq']"
What About Me (feat. Post Malone),3FKj2zOWuAt8wbpv3F2h6b,"['55Aa2cqylxrFIXC767Z865', '246dkjvS1zLTtiykXe5h60']"
Do My Dance,7Hk12JkCFwLO4s1jRGBS6s,"['5LHRHt1k9lMyONurDHEdrp', '17lzZA2AlOHwCwFALHttmp']"
PASS OUT (feat. 21 Savage),3edzl4zvKFi0D3iuF6cs2f,"['0VRj0yCOv2FXJNP47XQnx5', '1URnnhqYAYcrqrcwql10ft']"
Krippy Kush (feat. 21 Savage & Rvssian) - Remix,038kavjqUaGIYZL5lYocvX,"['0hCNtLu0JehylgoiP8L4Gh', '4q3ewBCX7sLwd24euuV69X', '1URnnhqYAYcrqrcwql10ft']"
Smoke,3Y3iC7f2ypojLMgr7yn9ZC,"['3q7HBObVc0L8jNeTe5Gofh', '2iojnBLj0qIMiKPvVhLnsH']"
New Day,2swCZgyEIdacDpUNcSQMQI,"['3q7HBObVc0L8jNeTe5Gofh', '3DiDSECUqqY1AuBP8qtaIa']"
Feels (feat. Young Thug & J Hus),1Bdptrvb7nQkq8kCw3siE9,"['6eUKZXaKkcviH0Ku9w2n3V', '50co4Is1HCEo8bhOyUWKpn']"
1000 Nights (feat. Meek Mill & A Boogie Wit da Hoodie),4vIKzWqtn44umal5jXq4wE,"['6eUKZXaKkcviH0Ku9w2n3V', '20sxb77xiYeusSH8cVdatc', '31W5EY0aAly4Qieq6OFu6I']"
Way To Break My Heart (feat. Skrillex),5d1rmWWF1725tnYjq6rMDB,"['6eUKZXaKkcviH0Ku9w2n3V', '5he5w2lnU9x7JFhnwcekXX']"
Somebody (feat. Future),27wHINa0EyMyU55WyiEV9l,"['31W5EY0aAly4Qieq6OFu6I', '1RyvyyTE3xzB2ZywiAwp0i']"
Strings,6XgePBEtC8kcXybummLElW,"['6ASri4ePR7RlsvIQgWPJpS', '2hlmm7s2ICUX0LVIhVFlZQ']"
Sing Me to Sleep - Marshmello Remix,2BcwzjPvVSkek2ZLdh7C9J,"['7vk5e3vY1uw9plTHJAMwjN', '64KEffDW9EtZ1y2vBYgq8T']"
So Done (feat. Khalid),0DC6yJLAPwIEeZh6EZpn1f,"['3DiDSECUqqY1AuBP8qtaIa', '6LuN9FCkKOj5PcnpouEgny']"
Superheroes,3RScS2iOVfGmav3QrkP31a,"['15iVAtD3s3FsQR4w1v6M0P', '13ubrt8QOOCPljQ2FL1Kca']"
Easy Lover (feat. Big Sean),3nwd2gUT7l10HDUAOKXrhs,"['0X2BH1fck6amBIoJhDVmmJ', '0c173mlxpT3dSFRgMO8XPh']"
Aries (YuGo) Part 2 (with Rae Sremmurd & Big Sean feat. Quavo & Pharrell),5NkfVQS8BkceRgoSQwcW6H,"['7iZtZyCzp3LItcw1wtPI3D', '0c173mlxpT3dSFRgMO8XPh', '0VRj0yCOv2FXJNP47XQnx5']"
Time Is Money,3H5Ma7XOEONF7kwcA73pME,"['6C1ohJrd5VydigQtaGy5Wa', '4r63FhuTkUYltbVAg5TQnk']"
Driving Ms Daisy,6IlQTriFgUeEbVx3Y10sia,"['4xRYI6VqpkE3UwrDrAZL8L', '73sIBHcqh3Z3NyqHKZ7FOL']"
After the Afterparty (feat. Lil Yachty),0y8Wf6ltWpGCpgqVa21QNX,"['25uiPmTg16RbhZWAqwLBy5', '6icQOAFXDZKsumw3YXyusw']"
Nothing but Trouble - Instagram Models,7rdjfrTBMNt3KaaGvSv3YG,"['55Aa2cqylxrFIXC767Z865', '6VuMaDnrHyPL1p4EHjYLi7']"
Movement - Wooli & Kompany Remix,4nUr676TfZJbZ8Fva7LIU9,"['5lCekoJW9jNq01B1wiqdAb', '1Uyqa2sdHm1bL5JK4IC4zc']"
THE LINE (feat. d4vd),1ZZysBWIMgrRNlbnDH5N3J,"['2tIP7SsRs7vjIcLrU85W8J', '5y8tKLUfMvliMe8IKamR32']"
I See You,1oC620LrHUCE68sPUREVcE,"['7lZauDnRoAC3kmaYae2opv', '757FXqX0Osk2pqtgv4E5v4']"
Alive - Trivecta Remix,4uZuF80Yw8KgW6d7wtmRlw,"['7lZauDnRoAC3kmaYae2opv', '4AT7XlLBevgZIiKvZQ83ye']"
Big FU,2HbTwmup8SWz5tMcKZXFLh,"['1Cs0zKBU1kc0i8ypK3B9ai', '3hcs9uc56yIGFCSy9leWe7']"
Over My Head,01ft7EehsvcgF5sjwG7LrH,"['2fNr4ldujwq97v1jWeqs8K', '3ppkM4QtM781APpaX7H9t7']"
Forever Young,4CwumbYOUtgSylJnSrZ7oY,"['6icQOAFXDZKsumw3YXyusw', '5fMUXHkw8R8eOP2RNVYEZX']"
Why Why (feat. Gunna),5OQnuRwGJTDwk4PNq21Som,"['5cj0lLjcoR7YOSnhnX0Po5', '2hlmm7s2ICUX0LVIhVFlZQ']"
Back Up (feat. Wiz Khalifa),6OGsUPdeKbO1I7E1AnW8RF,"['4Gso3d4CscCijv0lmajZWs', '137W8MRPWKqSmrBGDBFSop']"
Favorite Bitch (feat. Ty Dolla $ign),2KBRNUt33CrlaFPEz4bQYs,"['7dGJo4pcD2V6oG8kP0tJRR', '7c0XG5cIJTrrAgEC3ULPiq']"
My Business (feat. Future),2AEtYwT9qg2eY6G9m8wOxW,"['7rkW85dBwwrJtlHRDkJDAC', '1RyvyyTE3xzB2ZywiAwp0i']"
On Me (feat. Cardi B),3DnZfpfe8wLeJgzc00gKeW,"['20sxb77xiYeusSH8cVdatc', '4kYSro6naA4h99UJvo89HB']"
Pay You Back (feat. 21 Savage),0UNeNA0dcfUMsGxvLwf2p3,"['20sxb77xiYeusSH8cVdatc', '1URnnhqYAYcrqrcwql10ft']"
Shape of You (feat. Nyla & Kranium) - Major Lazer Remix,1KqvRRQd3lfM0pAlkGPrgD,"['6eUKZXaKkcviH0Ku9w2n3V', '738wLrAtLtCtFOLvQBXOXp']"
Like Home (feat. Alicia Keys),2Ie7pnF3ZKNTde30TQWlWx,"['7dGJo4pcD2V6oG8kP0tJRR', '3DiDSECUqqY1AuBP8qtaIa']"
Fame & Riches (with Roddy Ricch),7oPHGO39MQVukHZjdz4b9S,"['6AgTAQt8XS6jRWi4sX7w49', '757aE44tKEUQEqRuT6GnEB']"
"Bend Ya (feat. Frank Ocean, Kendrick Lamar, Shawn Chrys & Jah-Free)",4FItdNoOT2CpVhSJy87hTz,"['2h93pZq0e7k5yf4dywlkpM', '2YZyLoL8N0Wb9xBt1NhZWg']"
Play With Us (feat. Kevin Gates),7KsFqtPMvzsuM4QEOuDeRO,"['3hcs9uc56yIGFCSy9leWe7', '1gPhS1zisyXr5dHTYZyiMe']"
Rivals (feat. Future),73PUc2G469kE7CVuEiPmNP,"['23zg3TcAtWQy7J6upgbUnj', '1RyvyyTE3xzB2ZywiAwp0i']"
You Were Loved (with OneRepublic),5gzZnru34wdecgMUQR2UO0,"['2ZRQcIgzPCVaT9XKhXZIzh', '5Pwc4xIPtQLFEnJriah9YJ']"
you broke me first - Gryffin Remix,3Ni9jLlq3xPoOKv1HYlQrH,"['45dkTj5sMRSjrmBSBeiHym', '2ZRQcIgzPCVaT9XKhXZIzh']"
CASH COW,007DJN0UoRS4IoJER4P8vq,"['76M2Ekj8bG8W7X2nbx2CpF', '2hlmm7s2ICUX0LVIhVFlZQ']"
Better Than Heaven,5yHvGn616eJSHay3d2SuyR,"['20DZAfCuP1TKZl5KcY7z3Q', '6CCTvLyIHqUhY6VQizt150']"
Wake Up Alone,0dj1CtyRxZ4bnIT4Q20jNT,"['69GGBxA162lTqCwzJG5jLp', '5ZS223C6JyBfXasXxrRqOk']"
The War (feat. Young Thug),2o1dvKh58G11C51Y9EgBs3,"['6C1ohJrd5VydigQtaGy5Wa', '50co4Is1HCEo8bhOyUWKpn']"
"FOREVER, forever",5G6eAyYEfhH694fEPRlO8I,"['0jNDKefhfSbLR9sFvcPLHo', '04p1jV00pBnrmh2rKl0jnT']"
Formula,0hifwrIIj8dehC66ygYodh,"['5eIbEEQnDM8yuDVB0bimSP', '04p1jV00pBnrmh2rKl0jnT']"
Hell & Back (Remix) [feat. Machine Gun Kelly],2oQ7BMTdgpDl2SGXmap92X,"['6KZDXtSj0SzGOV705nNeh3', '6TIYQ3jFPwQSRmorSezPxX']"
"Down Like That (feat. Rick Ross, Lil Baby & S-X)",5pybOIjjjpi0of3DCp1qyR,"['1sBkRIssrMs1AbVkOJbc7a', '5f7VJjfbwm532GiveGC0ZK']"
On Me - Remix,2uUFVnVFERNxUdcmvEs7LB,"['5f7VJjfbwm532GiveGC0ZK', '181bsRPaVXVlUKXrxwZfHK']"
2 Reasons (feat. T.I.),6lgzJuBX3iqevLdtgNlyAU,"['2iojnBLj0qIMiKPvVhLnsH', '4OBJLual30L7gRl5UkeRcT']"
"East Coast REMIX (feat. Busta Rhymes, A$AP Rocky, Dave East, French Montana, Rick Ross & Snoop Dogg)",3m4khUCvqSz5Rv2QS14rUh,"['13ubrt8QOOCPljQ2FL1Kca', '1sBkRIssrMs1AbVkOJbc7a', '7hJcb9fa4alzcOq3EaNPoG']"
Welcome To The Party (Remix),7EluMB5QM9J2nMKGNoF1bG,"['0eDvMgVFoNV3TpwtrVCoTj', '0hCNtLu0JehylgoiP8L4Gh']"
Still Here (with the ones that I came with),4cagZASntpw5soVIOcqRSF,"['5he5w2lnU9x7JFhnwcekXX', '3dz0NnIZhtKKeXZxLOxCam']"
Mixtape (feat. Young Thug & Lil Yachty),0WCbhE2evMrIwRM0DlMy9k,"['1anyVhU62p31KFi8MEzkbf', '50co4Is1HCEo8bhOyUWKpn', '6icQOAFXDZKsumw3YXyusw']"
Show Out (feat. Big Sean & Jeezy),5ML9t3cfvJuDTeOLcOH2Bl,"['5gCRApTajqwbnHHPbr2Fpi', '0c173mlxpT3dSFRgMO8XPh']"
FlEXiBle (feat. Chris Brown & Lil Baby),7xfo9csQ9xvv8f2mL7sp4m,"['2jku7tDXc6XoB6MO2hFuqg', '5f7VJjfbwm532GiveGC0ZK']"
Jermaine's Interlude (feat. J. Cole),4LAp0EFUdBeVCkusdw8i77,"['0QHgL1lAIqAw0HtD7YldmP', '6l3HvQ5sa6mXTsMTB19rO5']"
Shimmy (with Doja Cat),2z4eJOcmzeopzffNpor4vt,"['55Aa2cqylxrFIXC767Z865', '5cj0lLjcoR7YOSnhnX0Po5']"
Triggered - Remix,1vXFnAO7zu7n0ErcJmGLZF,"['5ZS223C6JyBfXasXxrRqOk', '1URnnhqYAYcrqrcwql10ft']"
all good (feat. Future),4tEArA9SQlyNrBHpjNZAWM,"['757aE44tKEUQEqRuT6GnEB', '1RyvyyTE3xzB2ZywiAwp0i']"
Clout (feat. 21 Savage),1u0CD4fcBUB1xrG9fNgejh,"['7c0XG5cIJTrrAgEC3ULPiq', '1URnnhqYAYcrqrcwql10ft']"
Josslyn (with 24kGoldn),0sgPj1qwzTDn6aM0kHbM9b,"['1QRj3hoop9Mv5VvHQkwPEp', '6fWVd57NKTalqvmjRd2t8Z']"
Real Thing (feat. Future),5XOmSGj94D3jHvFwxOjzVD,"['2jku7tDXc6XoB6MO2hFuqg', '1RyvyyTE3xzB2ZywiAwp0i']"
Rewind (feat. Akon) (feat. Akon),3NIGNOy2IYovypzQl6QxJZ,"['6KZDXtSj0SzGOV705nNeh3', '0z4gvV4rjIZ9wHck67ucSV']"
Caught A Body (with Ty Dolla $ign),4JvJj733DNy6nuVcC1NzCq,"['4AVFqumd2ogHFlRbKIjp1t', '7c0XG5cIJTrrAgEC3ULPiq']"
Needed You,69hRZ2PUkMc61HXFicoMUk,"['45eNHdiiabvmbp4erw26rg', '3ppkM4QtM781APpaX7H9t7']"
Sideways,0PMNxtgeNSmPPp4aiA4T8F,"['45eNHdiiabvmbp4erw26rg', '757FXqX0Osk2pqtgv4E5v4']"
URRRGE!!!!!!!!!! (feat. A$AP Rocky),7jwU5Pfd995ZGv2bFJbewU,"['5cj0lLjcoR7YOSnhnX0Po5', '13ubrt8QOOCPljQ2FL1Kca']"
Give It Up,5dhOWHLE6k2uBeKRwDOniw,"['4q3ewBCX7sLwd24euuV69X', '2jku7tDXc6XoB6MO2hFuqg']"
"Thinkin (feat. Anuel AA, Bad Bunny & Future)",31e9lCl1p0tGbz3Sk15i9S,"['4q3ewBCX7sLwd24euuV69X', '1RyvyyTE3xzB2ZywiAwp0i']"
"Untitled, 2014 - BIGBANG JAPAN DOME TOUR 2017 -LAST DANCE- : THE FINAL",2C0LOJPcnVcSKCX3N0DqEn,"['4Kxlr1PRlDKEB0ekOCyHgX', '30b9WulBM8sFuBo17nNq9c']"
"Holiday (feat. Snoop Dogg, John Legend & Takeoff)",08Wc3X7XNSyF8WYBPt2L8E,"['7CajNmpbOovFoOoasH2HaY', '7hJcb9fa4alzcOq3EaNPoG', '3EW0kQ1skZiK1NHg3Spt9J']"
Bad Things (with Camila Cabello),1KzGj3xvi9IiY05kBlkm2G,"['6TIYQ3jFPwQSRmorSezPxX', '4nDoRrQiYLoBzwC5BhVJzF']"
iPHONE (with Nicki Minaj),3GX2hFAekmSduZzcS52OnR,"['4r63FhuTkUYltbVAg5TQnk', '0hCNtLu0JehylgoiP8L4Gh']"
Paradise - Tiësto Remix,0pjMTISKHTJkogN1BPZxaC,"['4gzpq5DPGxSnKTe4SA8HAU', '2o5jDhtHVPhrJdv3cEQ99Z']"
BOOMERANG (with Coi Leray),4oqDtRwOFu8Ejw4SB3Toql,"['4r63FhuTkUYltbVAg5TQnk', '6AMd49uBDJfhf30Ak2QR5s']"
Ones I Used To Love,6lwrXY2HMpgLmT5guSmev1,"['6fcTRFpz0yH79qSKfof7lp', '7lZauDnRoAC3kmaYae2opv']"
Shivers (Dillon Francis Remix) [Main Mix],59zbXPD0j7JxsVVm480g3b,"['6eUKZXaKkcviH0Ku9w2n3V', '5R3Hr2cnCCjt220Jmt2xLf']"
Stressed (with J. Cole & T-Shyne),0uqsdBw9KvD8jSWmfMmMAp,"['50co4Is1HCEo8bhOyUWKpn', '6l3HvQ5sa6mXTsMTB19rO5']"
Magic (feat. T.I.) - Remix,3OdeZ1MhdHaRqAZLpowKWn,"['1RyvyyTE3xzB2ZywiAwp0i', '4OBJLual30L7gRl5UkeRcT']"
Not Ordinary,6ELJ7iLoLzGyNJjumh4ufR,"['45eNHdiiabvmbp4erw26rg', '0fA0VVWsXO9YnASrzqfmYu']"
Icy (feat. Gucci Mane),2FzgbCcszptrQpdJOr2Soi,"['4xRYI6VqpkE3UwrDrAZL8L', '13y7CgLHjMVRMDqxdx0Xdo']"
We Go Up (feat. Fivio Foreign),3zQ61IRdlSbEyYQlwQZZxS,"['0hCNtLu0JehylgoiP8L4Gh', '14CHVeJGrR5xgUGQFV5BVM']"
Losses (with Young Thug),0f6U1lMWlbjnyYBctfjji1,"['6AgTAQt8XS6jRWi4sX7w49', '50co4Is1HCEo8bhOyUWKpn']"
On GOD (with YG & Tyga feat. A$AP Ferg & A$AP Rocky),3O7lxdQoe1aNWs93VSHsJg,"['5LHRHt1k9lMyONurDHEdrp', '13ubrt8QOOCPljQ2FL1Kca']"
DON'T LEAVE ME (feat. G Herbo & Lil Durk),2n1XN46reBpu5I9wDwzZMP,"['2tIP7SsRs7vjIcLrU85W8J', '3hcs9uc56yIGFCSy9leWe7']"
Animals - Remix,6Q4MTey3rFum5yq4kTMHUX,"['04gDigrS5kc9YWfZHwBETP', '6l3HvQ5sa6mXTsMTB19rO5']"
TTM (feat. Wiz Khalifa & NGHTMRE),2lH43POZa4XHxydnZizET5,"['137W8MRPWKqSmrBGDBFSop', '76M2Ekj8bG8W7X2nbx2CpF']"
"Confessions Part II Remix (feat. Shyne, Twista & Kanye West)",6xcz5MXwY36hItZg5PZj78,"['23zg3TcAtWQy7J6upgbUnj', '5K4W6rqBFWDnAN6FQUkS6x']"
My Go To (feat. Kehlani),17GwUSpTy04lYWHHmwMvTD,"['7wlFDEWiM5OoIAt8RSli8b', '0cGUm45nv7Z6M6qdXYQGTX']"
A Sweeter Place (feat. Kid Cudi),4bb94wZVF1cX66vQjNeJTX,"['0C8ZW7ezQVs4URX5aX7Kqx', '0fA0VVWsXO9YnASrzqfmYu']"
Fuck with You (feat. Tory Lanez),6jLzD3MKPmRp58AWTTQnBw,"['46SHBwWsqBkxI7EeeBEQG7', '2jku7tDXc6XoB6MO2hFuqg']"
Anti-Hero (feat. Lil Tecca),5HZ5NjyJVMaboBgG6uQMpK,"['55Aa2cqylxrFIXC767Z865', '4Ga1P7PMIsmqEZqhYZQgDo']"
Don't Mind (feat. Pitbull & Lil Wayne) - Remix,3dE7TTIV3oQGf6m7uARXXC,"['0TnOYISbd1XYRBk9myaseg', '55Aa2cqylxrFIXC767Z865']"
My Darlin' (feat. Future),7hJ1fEr1nf2e4qsE4bfmcc,"['5YGY8feqx7naU7z4HrwZM6', '1RyvyyTE3xzB2ZywiAwp0i']"
Leaning,6midvzCjV9WBjpVmFQF2pk,"['2jku7tDXc6XoB6MO2hFuqg', '2HPaUgqeutzr3jx5a9WyDV']"
Midnight Hour with Boys Noize & Ty Dolla $ign,5AFrctm65wWIqJsjHPPx85,"['5he5w2lnU9x7JFhnwcekXX', '7c0XG5cIJTrrAgEC3ULPiq']"
Breakn' a Sweat - Zedd Remix,3IBMJLY5uN014W1hTzdTRl,"['5he5w2lnU9x7JFhnwcekXX', '2qxJFvFYMEDqd7ui6kSAcq']"
Too Good To Be True,1LlGbAFZl65KdGFb8dICwM,"['7d5SfGXKpgS3JK8BFIq59h', '4YpLN8ZByubASuWnxWokRT']"
Trippy,5RlLub78x2FhFhSNs1D2nE,"['55Aa2cqylxrFIXC767Z865', '5gCRApTajqwbnHHPbr2Fpi']"
Culture (feat. DJ Khaled),3zrks1xFx1ATYzEx5mX3Q8,"['6oMuImdp5ZcFhWP0ESe6mG', '0QHgL1lAIqAw0HtD7YldmP']"
MiAMi (feat. Gunna),3Z52thjMFyjbF5L35dcBwG,"['2jku7tDXc6XoB6MO2hFuqg', '2hlmm7s2ICUX0LVIhVFlZQ']"
Molly,0hdiDzQu1FsfaYM1NIL8ma,"['5LHRHt1k9lMyONurDHEdrp', '137W8MRPWKqSmrBGDBFSop']"
Chloraseptic (feat. 2 Chainz & Phresher) - Remix,756ZV0boQJ6Kbk3WFBuVjD,"['7dGJo4pcD2V6oG8kP0tJRR', '17lzZA2AlOHwCwFALHttmp']"
Grandson (feat. Kodak Black),2iUQCloOfXTzjZAyW23pGf,"['3hcs9uc56yIGFCSy9leWe7', '46SHBwWsqBkxI7EeeBEQG7']"
paid my dues (feat. Takeoff),61TWTSHcrFVgaRr6U4MKBs,"['757aE44tKEUQEqRuT6GnEB', '3EW0kQ1skZiK1NHg3Spt9J']"
IT AIN'T SAFE (feat. Nardo Wick & Kodak Black),2d4XHh61JufZpNdm88TXXx,"['0QHgL1lAIqAw0HtD7YldmP', '46SHBwWsqBkxI7EeeBEQG7']"
Pardon (feat. Lil Baby),5W3z7a1dBlERTBAye0murh,"['4OBJLual30L7gRl5UkeRcT', '5f7VJjfbwm532GiveGC0ZK']"
Undefeated (feat. 21 Savage),2vaMWMPMgsWX4fwJiKmdWm,"['31W5EY0aAly4Qieq6OFu6I', '1URnnhqYAYcrqrcwql10ft']"
Love Thru the Computer (feat. Justin Bieber),3dxioHwH6wvCkQwt0rgvQt,"['13y7CgLHjMVRMDqxdx0Xdo', '1uNFoZAHBGtllmzznpCI3s']"
Put It In a Love Song (feat. Beyoncé Knowles),2PxefLyJ3Fw7ZZlROnbpTp,"['3DiDSECUqqY1AuBP8qtaIa', '6vWDO969PvNqNYHIOW5v0m']"
New Rules - Alison Wonderland Remix,5Fx2UrcQobzM1h2ihdhsmm,"['6M2wZ9GZgrQXHCFfjv46we', '11gWrKZMBsGQWmobv3oNfW']"
Would You Even Know,07FMnItEdDXZ2WAgNR9n6a,"['4xnMDfgEmXZEEDdITKcGuE', '7d5SfGXKpgS3JK8BFIq59h']"
GangBang (feat. Big Sean),11K8O0UiVKFCsPTxD2ybig,"['137W8MRPWKqSmrBGDBFSop', '0c173mlxpT3dSFRgMO8XPh']"
Me Gusta - Remix (feat. Cardi B & 24kGoldn),6vrsT2dvgbttZXmPYNfY8i,"['4kYSro6naA4h99UJvo89HB', '6fWVd57NKTalqvmjRd2t8Z']"
Tree (feat. Lil Wayne & Smino),58nLLDEP28jLGbqbGZD7OB,"['1anyVhU62p31KFi8MEzkbf', '55Aa2cqylxrFIXC767Z865']"
Still Get Chanel (feat. Chance The Rapper),3CwLcNeac7m8ideW4m7AC6,"['46SHBwWsqBkxI7EeeBEQG7', '1anyVhU62p31KFi8MEzkbf']"
I Love You (feat. Chance The Rapper),6qEbKsvhAQjV3GfSGn1A8K,"['6Xgp2XMz1fhVYe7i6yNAax', '1anyVhU62p31KFi8MEzkbf']"
Slide (with Gunna),5zYmGeAGeqM4pA4jb64NHI,"['6AMd49uBDJfhf30Ak2QR5s', '2hlmm7s2ICUX0LVIhVFlZQ']"
What It Feels Like,3QVcmMnWPTcuCSRPzO7Iuf,"['5R3Hr2cnCCjt220Jmt2xLf', '6Dd3NScHWwnW6obMFbl1BH']"
Bad Girl - JVKE Remix,5RL2Bu8rn2WiyWh9h8bPHt,"['6Dd3NScHWwnW6obMFbl1BH', '164Uj4eKjl6zTBKfJLFKKK']"
Bun Up the Dance,2cgZfcnb639TaZhd1AU8iz,"['5R3Hr2cnCCjt220Jmt2xLf', '5he5w2lnU9x7JFhnwcekXX']"
Frontlines,0c8X4ApJu6CNEXoIb5VKMo,"['67qogtRNI0GjUr8PlaG6Zh', '76M2Ekj8bG8W7X2nbx2CpF']"
I Got the Keys (feat. JAY-Z & Future),51Nwg5wCDDiqcTntgJUlLo,"['0QHgL1lAIqAw0HtD7YldmP', '1RyvyyTE3xzB2ZywiAwp0i']"
Super High,1GxvjSEB6lQOLz2KITn32r,"['1sBkRIssrMs1AbVkOJbc7a', '21E3waRsmPlU7jZsS13rcj']"
Far Apart (feat. Kevin Gates),4S5bNy4OhDbCi47IfxaZpJ,"['1cNDP5yjU5vjeR8qMf4grg', '1gPhS1zisyXr5dHTYZyiMe']"
Take Kare (feat. Rich Gang & Lil Wayne),6vjmAbHHdXDSGz3Di6RmVC,"['50co4Is1HCEo8bhOyUWKpn', '55Aa2cqylxrFIXC767Z865']"
Favorite Girl (feat. Ty Dolla $ign),0DxPhn3YbUAvY1P3ygkq9u,"['4DdkRBBYG6Yk9Ka8tdJ9BW', '7c0XG5cIJTrrAgEC3ULPiq']"
You should be sad - Tiësto Remix,030m7PvxrSMog3Y8nYCmp0,"['26VFTg2z8YR0cCuwLzESi2', '2o5jDhtHVPhrJdv3cEQ99Z']"
Mirage,2DN97n8HVmamCfL9WGphFt,"['6CCTvLyIHqUhY6VQizt150', '7d5SfGXKpgS3JK8BFIq59h']"
Sociopath,4DAcGCqgdTk02tDMx92sfx,"['3gIRvgZssIb9aiirIg0nI3', '3pc0bOVB5whxmD50W79wwO']"
You Can Cry,3ZbJMlEL4Kcme0ONRO7Slx,"['64KEffDW9EtZ1y2vBYgq8T', '5gCRApTajqwbnHHPbr2Fpi']"
Dame Tu Cosita (feat. Cutty Ranks) - Radio Version,5BVMLKioofuSf51g1DKDP9,"['790FomKkXshlbRYZFtlgla', '0TnOYISbd1XYRBk9myaseg']"
Ride For You (feat. Kehlani),4YFPUYwA9Jmk9xQYCbz3zb,"['20sxb77xiYeusSH8cVdatc', '0cGUm45nv7Z6M6qdXYQGTX']"
Active (feat. Kevin Gates),7EnJVHUDRzkTu45mTjiqr7,"['4OBJLual30L7gRl5UkeRcT', '1gPhS1zisyXr5dHTYZyiMe']"
X & CUD (with XXXTENTACION),5GVnG0RU7fpFBObc0DANz3,"['0fA0VVWsXO9YnASrzqfmYu', '15UsOTVnJzReFVN1VCnxy4']"
Worlds Collide (Inspired by Arcane League of Legends),2ZL03Xr0Eiy23lCYFIj9yy,"['164Uj4eKjl6zTBKfJLFKKK', '47mIJdHORyRerp4os813jD']"
My Side (feat. Youngboy Never Broke Again),2SGOMAnQG0f7q3as0O51KZ,"['3hcs9uc56yIGFCSy9leWe7', '7wlFDEWiM5OoIAt8RSli8b']"
Painless 2 (with NAV feat. Lil Durk),71Ih7wOeWd2EJxKi77Yiqi,"['7rkW85dBwwrJtlHRDkJDAC', '3hcs9uc56yIGFCSy9leWe7']"
Pretender (feat. Lil Yachty & AJR),4edSvphSxQkc5WAhJ9tuF6,"['77AiFEVeAVj2ORpC85QVJs', '6icQOAFXDZKsumw3YXyusw']"
Love Money Party (feat. Big Sean),1pzSeZfdQODtB9xmkH0Q91,"['5YGY8feqx7naU7z4HrwZM6', '0c173mlxpT3dSFRgMO8XPh']"
Boo'd Up (with Nicki Minaj & Quavo) - Remix,1kcEx8qhKKHjHkM4bj5s8F,"['0hCNtLu0JehylgoiP8L4Gh', '0VRj0yCOv2FXJNP47XQnx5']"
No Candle No Light (feat. Nicki Minaj),5tH8UbEHc3seBxOlnzvoAs,"['5ZsFI1h6hIdQRw2ti0hz81', '0hCNtLu0JehylgoiP8L4Gh']"
DOORS UNLOCKED (feat. Ty Dolla $ign & Polo G),7CmNyEQUpNSX6RMM5Fw3os,"['6AgTAQt8XS6jRWi4sX7w49', '7c0XG5cIJTrrAgEC3ULPiq']"
Real Chill,1pF3VcWYHeuVPflRwGBaWV,"['7iZtZyCzp3LItcw1wtPI3D', '46SHBwWsqBkxI7EeeBEQG7']"
Drop That Kitty (feat. Charli XCX & Tinashe),0Bi1amRigSOIzLc21hOH6p,"['7c0XG5cIJTrrAgEC3ULPiq', '25uiPmTg16RbhZWAqwLBy5', '0NIIxcxNHmOoyBx03SfTCD']"
SMILE BODY PRETTY FACE (feat. Kodak Black & YG),6sJJyjNbhmx69lukYRygR2,"['7c0XG5cIJTrrAgEC3ULPiq', '46SHBwWsqBkxI7EeeBEQG7']"
Dope,55DuTmvSGwNQR4cBgqYuYL,"['5LHRHt1k9lMyONurDHEdrp', '1sBkRIssrMs1AbVkOJbc7a']"
I Don't Sleep (ft. Takeoff),03TzvVWdkVbLT9pzewYiDw,"['55Aa2cqylxrFIXC767Z865', '3EW0kQ1skZiK1NHg3Spt9J']"
New Money (with 21 Savage),5ycvEFxPeQqqkdOUgWhrJl,"['7CajNmpbOovFoOoasH2HaY', '1URnnhqYAYcrqrcwql10ft']"
Moon Juice (feat. Jeremih),6hhHBi9xrYwjtQK1T4mYD0,"['4OBJLual30L7gRl5UkeRcT', '7hJcb9fa4alzcOq3EaNPoG']"
I Won,1viUV5EGlKGCiSveBfFeQg,"['7c0XG5cIJTrrAgEC3ULPiq', '2LIk90788K0zvyj2JJVwkJ', '6fWVd57NKTalqvmjRd2t8Z']"
Dance For Me (feat. NAV),2MyCT1iCuBUhcO8zbjOyRW,"['2jku7tDXc6XoB6MO2hFuqg', '7rkW85dBwwrJtlHRDkJDAC']"
fast (Remix) [feat. Offset & A Boogie Wit da Hoodie],2xKQj6P0TgxBVaRiojP2s2,"['31W5EY0aAly4Qieq6OFu6I', '4DdkRBBYG6Yk9Ka8tdJ9BW']"
See The End,1dDDVfAfms7M6VLLKmubaJ,"['10gzBoINW3cLJfZUka8Zoe', '6fcTRFpz0yH79qSKfof7lp']"
In Your Arms (with X Ambassadors) [Alan Walker Remix],2eemPFHIpC4Leycb1wLCbM,"['45eNHdiiabvmbp4erw26rg', '7vk5e3vY1uw9plTHJAMwjN']"
Millionaire (feat. Nelly) - Alan Walker Remix,2SexyIISEw8wdzDx61YdYb,"['1LOB7jTeEV14pHai6EXSzF', '7vk5e3vY1uw9plTHJAMwjN']"
This Summer - Maroon 5 vs. Alesso,4Fqf6sRaSGQppXHwO0gZs3,"['04gDigrS5kc9YWfZHwBETP', '4AVFqumd2ogHFlRbKIjp1t']"
911 - Charli XCX & A. G. Cook Remix,4xx8LCv4tUv7PNk6g7VQmY,"['1HY2Jd0NmPuamShAr6KMms', '25uiPmTg16RbhZWAqwLBy5']"
"Way Hii (feat. A$AP Rocky, Wiz Khalifa, BJ The Chicago Kid & Buddy)",4ISLRAqJbSgvkqRgiCaikS,"['13ubrt8QOOCPljQ2FL1Kca', '137W8MRPWKqSmrBGDBFSop']"
Guilty (feat. T.I.),7ERcLgXeNSWG3ktsgaH56i,"['23zg3TcAtWQy7J6upgbUnj', '4OBJLual30L7gRl5UkeRcT']"
Deserve It,4DhcorFL5TTEMuh17ZQUqY,"['0c173mlxpT3dSFRgMO8XPh', '2HPaUgqeutzr3jx5a9WyDV']"
Replace Me (feat. Big Sean & Don Toliver),1uJ5X7MrxTr21lG5ssm5fT,"['0c173mlxpT3dSFRgMO8XPh', '4Gso3d4CscCijv0lmajZWs']"
"Go Dumb (feat. blackbear, The Kid LAROI and Bankrol Hayden)",64YAQSR4jfmtHeJudcQix2,"['2tIP7SsRs7vjIcLrU85W8J', '2cFrymmkijnjDg9SS92EPM']"
Skrt On Me (feat. Nicki Minaj),7iDxZ5Cd0Yg08d4fI5WVtG,"['7CajNmpbOovFoOoasH2HaY', '0hCNtLu0JehylgoiP8L4Gh']"
Handsome,2lZ762j19RX5cYuw52B69y,"['1anyVhU62p31KFi8MEzkbf', '181bsRPaVXVlUKXrxwZfHK']"
PSYCHO,0VnPlYSJBh7t1LfOIMvM0d,"['6Xgp2XMz1fhVYe7i6yNAax', '1RyvyyTE3xzB2ZywiAwp0i']"
GANGSTA,2LqhExnzUzHlXJQ71P2X7O,"['738wLrAtLtCtFOLvQBXOXp', '5fMUXHkw8R8eOP2RNVYEZX']"
Blame,5eh17lUQtcqtDyHTkNQp19,"['67qogtRNI0GjUr8PlaG6Zh', '5fMUXHkw8R8eOP2RNVYEZX']"
Sahara,5GokpIAufFJxKqkJgRtdKD,"['540vIaP2JwjQb9dm3aArA4', '5he5w2lnU9x7JFhnwcekXX']"
Summertime,70FzWtNYH2pT8yCD3HG4h2,"['5he5w2lnU9x7JFhnwcekXX', '0fA0VVWsXO9YnASrzqfmYu']"
"Last One Standing (feat. Polo G, Mozzy & Eminem) - From Venom: Let There Be Carnage",3r9m79pHykbs4FrCXlq1oO,"['6AgTAQt8XS6jRWi4sX7w49', '7dGJo4pcD2V6oG8kP0tJRR']"
When I See Ya (feat. Fetty Wap),2dUS20hzHApoQeQbzZ57Ms,"['7c0XG5cIJTrrAgEC3ULPiq', '6PXS4YHDkKvl1wkIl4V8DL']"
For the Love of New York (with Nicki Minaj),09b7tlISM5nQic0l2Qv9lP,"['6AgTAQt8XS6jRWi4sX7w49', '0hCNtLu0JehylgoiP8L4Gh']"
Consistency (feat. Jhene Aiko),0pA1KdUSZEDAL0swN18Mh8,"['181bsRPaVXVlUKXrxwZfHK', '5ZS223C6JyBfXasXxrRqOk']"
Faded Love (feat. Future),17uivGWu6kfAvH6UgR7j4x,"['0NIIxcxNHmOoyBx03SfTCD', '1RyvyyTE3xzB2ZywiAwp0i']"
Only A Fool (with Pink Sweat$),4iWKQu7GcqRl1aVll2PD20,"['4sTQVOfp9vEMCemLw50sbu', '1W7FNibLa0O0b572tB2w7t']"
Hit My Phone (feat. Kehlani),6DxQb1QXBymgaMBZJujxV2,"['181bsRPaVXVlUKXrxwZfHK', '0cGUm45nv7Z6M6qdXYQGTX']"
Don't Wanna Fall,1X4n2WfCjWgjo1zg9oa0gY,"['6fcTRFpz0yH79qSKfof7lp', '1sKIizVYeHkGy7Tjmn9QRj']"
With All My Heart,1ENQZlb9iVUnCoN2QtI77e,"['45eNHdiiabvmbp4erw26rg', '164Uj4eKjl6zTBKfJLFKKK']"
Keep It Sexy (MOMMAE 2) (Feat. JEON SOMI),349vRUzitG48j0mYch7Ega,"['4XDi67ZENZcbfKnvMnTYsI', '7zYj9S9SdIunYCfSm7vzAR']"
BlackOut,39y0zj3hnqlGphL1gaH4ov,"['5gCRApTajqwbnHHPbr2Fpi', '5LHRHt1k9lMyONurDHEdrp']"
How Do I Make You Love Me? - Sebastian Ingrosso & Salvatore Ganacci Remix,2urqWNGpjl07PLAafoa5nT,"['1Xyo4u8uXC1ZmMpatF05PJ', '6hyMWrxGBsOx6sWcVj1DqP']"
CUFFED UP (feat. Quavo),1Fvwwdc1OMPXXelzEot3mk,"['2HPaUgqeutzr3jx5a9WyDV', '0VRj0yCOv2FXJNP47XQnx5']"
Ain't My Fault (feat. Lil Yachty) - Remix,4Un6pB4KZKekFh3SVIa9qB,"['1Xylc3o4UrD53lo9CvFvVg', '6icQOAFXDZKsumw3YXyusw']"
"100 Bands (feat. Quavo, 21 Savage, YG & Meek Mill)",5duCElafuovM4ZSmkQL4hn,"['0VRj0yCOv2FXJNP47XQnx5', '20sxb77xiYeusSH8cVdatc']"
"Pissy (feat. Roddy Ricch, Nardo Wick)",3xOEfEmsrLwf9jcG4gErdA,"['13y7CgLHjMVRMDqxdx0Xdo', '757aE44tKEUQEqRuT6GnEB']"
Accidents Happen (with Lil Tjay),26nWw7LWlId9myIxHMHXmm,"['2jku7tDXc6XoB6MO2hFuqg', '6jGMq4yGs7aQzuGsMgVgZR']"
Let It Go (feat. Akon),5Ur3FZ0DkRPDwXdyjmx64i,"['137W8MRPWKqSmrBGDBFSop', '0z4gvV4rjIZ9wHck67ucSV']"
Sometimes - feat. Future,3AH0jj54A0BNMOXz34neIB,"['13y7CgLHjMVRMDqxdx0Xdo', '1RyvyyTE3xzB2ZywiAwp0i']"
Options,7dyN1f4F5SulsWVhTb9QgE,"['6MPCFvOQv5cIGfw3jODMF0', '6fWVd57NKTalqvmjRd2t8Z']"
Outlawz (feat. Jazmine Sullivan & 21 Savage),6rdKv5xmdOs3zsg6mpBK53,"['1sBkRIssrMs1AbVkOJbc7a', '1URnnhqYAYcrqrcwql10ft']"
LOST (feat. Kid Cudi),2H5CLUmtvo2VHEeWzMtUqW,"['0VRj0yCOv2FXJNP47XQnx5', '0fA0VVWsXO9YnASrzqfmYu']"
YOLO,6XmT1eehtQjAtuZL3gMBNT,"['4bYPcJP5jwMhSivRcqie2n', '2YZyLoL8N0Wb9xBt1NhZWg']"
Juicy Sweatsuits (feat. Juicy J),0thG7Lq8m7A1ejhrtNRhFD,"['2cFrymmkijnjDg9SS92EPM', '5gCRApTajqwbnHHPbr2Fpi']"
Drove U Crazy (feat. Bryson Tiller),05l55Q5FpHrMs06JoYcmrR,"['13y7CgLHjMVRMDqxdx0Xdo', '2EMAnMvWE2eb56ToJVfCWs']"
Last Time (feat. Travis Scott),4k2l5T9ulYdnlQzlmzSqUI,"['13y7CgLHjMVRMDqxdx0Xdo', '0Y5tJX1MQlPlqiwlOH1tJY']"
At My Best (feat. Hailee Steinfeld),46xDHGYxW0Z2o20sOsWLAx,"['6TIYQ3jFPwQSRmorSezPxX', '5p7f24Rk5HkUZsaS3BLG5F']"
Symphony (feat. Zara Larsson) - Cash Cash Remix,4CqO3ZpI3FGByskguC5Kbo,"['1Xylc3o4UrD53lo9CvFvVg', '1LOB7jTeEV14pHai6EXSzF']"
Haven,7tQyxRUBcy0XVZbATedxBU,"['7d5SfGXKpgS3JK8BFIq59h', '3ppkM4QtM781APpaX7H9t7']"
One That Got Away,0DUvVMqI2wW8YvFuH8fcOe,"['6CCTvLyIHqUhY6VQizt150', '7lZauDnRoAC3kmaYae2opv', '6d0ZjIp5L7Ygy2l02HskRX']"
Take You Home,5osLzswafjOITM44vD6jR6,"['6CCTvLyIHqUhY6VQizt150', '16yUpGkBRgc2eDMd3bB3Uw', '3ppkM4QtM781APpaX7H9t7']"
Do or Die (DPR CREAM Remix),4vkGjw569QbGtXVeDm37C8,"['2o8gT0fQmFxGNbowbdgeZe', '7bPplWv4cZ1q26UY2Wmcvw']"
Maybach Music III,06aiCjSnK0XXBEERhduZWZ,"['1sBkRIssrMs1AbVkOJbc7a', '4OBJLual30L7gRl5UkeRcT']"
JUMP OUT,5U0uFS6xvx7UCskac6yUF0,"['5FKchcZpQOkqFvXBj1aCvb', '04p1jV00pBnrmh2rKl0jnT']"
Your Fault,2HRNRdM9n5CvcMYkvqPpI8,"['5FKchcZpQOkqFvXBj1aCvb', '20DZAfCuP1TKZl5KcY7z3Q']"
Like A Star (feat. Nicki Minaj),0VFXJrXtfuX2iqlnXpl4zD,"['6PXS4YHDkKvl1wkIl4V8DL', '0hCNtLu0JehylgoiP8L4Gh']"
Thugged Out (feat. Kodak Black),0uRsQ1Q3ZPuXTEkEeUXNNf,"['1cNDP5yjU5vjeR8qMf4grg', '46SHBwWsqBkxI7EeeBEQG7']"
I Think She Like Me (feat. Ty Dolla $ign),5V1QsNSEDF7YmNBhSKhE75,"['1sBkRIssrMs1AbVkOJbc7a', '7c0XG5cIJTrrAgEC3ULPiq']"
"Heavenly Father (feat. Noah Kahan) - Recorded at Electric Lady Studios, NYC",2OZhWugxgM4wvjI3MXRhJg,"['2ZRQcIgzPCVaT9XKhXZIzh', '2RQXRUsr4IW1f3mKyKsy4B']"
BANK TELLER (with Lil Yachty),3IxC6DfVAJ2bANOIliys9G,"['4Ga1P7PMIsmqEZqhYZQgDo', '6icQOAFXDZKsumw3YXyusw']"
Stop the Madness (feat. Gunna),6PXhPHhZy1MpxuTNA1Ad4L,"['7d3WFRME3vBY2cgoP38RDo', '2hlmm7s2ICUX0LVIhVFlZQ']"
Ordinary Day (ft. Hailee Steinfeld),2zIAPysksDdMAiG33qH6kW,"['4xRYI6VqpkE3UwrDrAZL8L', '5p7f24Rk5HkUZsaS3BLG5F']"
Don't Say,5roq76ChzYAVVEIEDXalZv,"['2KjxvxgJvbwweNVRMSuIRG', '3RTklnRcfHgkQJwFpgOq3t']"
Royalty,6IGkh6YoSHhgfI8qzlTZ98,"['1RyvyyTE3xzB2ZywiAwp0i', '0c173mlxpT3dSFRgMO8XPh']"
Ocean,3SL7Hjuu82Mn5mKntFet0n,"['6fcTRFpz0yH79qSKfof7lp', '6CCTvLyIHqUhY6VQizt150']"
"Never Been, Pt. II (feat. Amber Rose, Rick Ross)",2PcD2CFFeEglq4wGQBxNbo,"['137W8MRPWKqSmrBGDBFSop', '1sBkRIssrMs1AbVkOJbc7a']"
"Where You Go I Follow (feat. Pink Sweat$, Chandler Moore & Judah Smith)",4XeDTAfStwoOLB2NjCrRMA,"['1uNFoZAHBGtllmzznpCI3s', '1W7FNibLa0O0b572tB2w7t']"
Bad Haircut (feat. JVKE),04HJLfkPaoiaEs5xdDUFCL,"['0HS00NN7MAfF59aJnfcxSO', '164Uj4eKjl6zTBKfJLFKKK']"
Solo Dolo Part II,6IPZkjmCvqDY3RVCkRxr9r,"['0fA0VVWsXO9YnASrzqfmYu', '2YZyLoL8N0Wb9xBt1NhZWg']"
Movin’ Up,7jTL6K5hqWDVUH4j2thZrp,"['6icQOAFXDZKsumw3YXyusw', '7c0XG5cIJTrrAgEC3ULPiq']"
Bad Romance - Skrillex Remix,3ipLg66ktOi3Ag0p26ZBbp,"['1HY2Jd0NmPuamShAr6KMms', '5he5w2lnU9x7JFhnwcekXX']"
REMIX RUMBLE (Steve Aoki Remix),36vLjg0MhDsG4Q3XL3viDs,"['47mIJdHORyRerp4os813jD', '77AiFEVeAVj2ORpC85QVJs']"
Hellcats SRTs 2 (with Lil Durk),1gxAYSMc1jbibsnpT3Rflc,"['3DbwFQlvLxRSi2uX8mf81A', '3hcs9uc56yIGFCSy9leWe7']"
The Only Way Is Up - Radio Edit,0uvFFLI3Z6zidLLUsHDVVk,"['60d24wfXkVzDSfLS6hyCjZ', '2o5jDhtHVPhrJdv3cEQ99Z']"
Jefe (feat. Meek Mill),595Sl1FDWMXRUktv5LO2gD,"['4OBJLual30L7gRl5UkeRcT', '20sxb77xiYeusSH8cVdatc']"
All Falls Down,0KqFtI6yIJd0I05kVJnVXb,"['7d5SfGXKpgS3JK8BFIq59h', '4LZ4De2MoO3lP6QaNCfvcu']"
Snitches Ain't...,4WlJWg84XpItmf5Jov9BEj,"['5LHRHt1k9lMyONurDHEdrp', '7hJcb9fa4alzcOq3EaNPoG']"
Do You Believe,71TRhiwsRckqoqO9CcDIE6,"['64KEffDW9EtZ1y2vBYgq8T', '7c0XG5cIJTrrAgEC3ULPiq']"
State Of Emergency,58cvckETahSOG74RP5WE99,"['4xRYI6VqpkE3UwrDrAZL8L', '17lzZA2AlOHwCwFALHttmp']"
1995,2YBUsxe2CrgqE1DytJFcpS,"['5gCRApTajqwbnHHPbr2Fpi', '4xRYI6VqpkE3UwrDrAZL8L']"
Show Me Love (feat. 21 Savage & Miguel),4eFvubnLRBu8vMPZqu5eC9,"['3DiDSECUqqY1AuBP8qtaIa', '1URnnhqYAYcrqrcwql10ft']"
VALENTINO (feat. Lil Tjay) - Remix,6eS0wBVWhhFmT1ufmMMh2G,"['6fWVd57NKTalqvmjRd2t8Z', '6jGMq4yGs7aQzuGsMgVgZR']"
Gorgeous (feat. Jhené Aiko),3WXRXRRnWbbIFMOPKj8BB4,"['7hJcb9fa4alzcOq3EaNPoG', '5ZS223C6JyBfXasXxrRqOk']"
body,6NGbhbDCVG8KSJLlJrzLrd,"['1AhjOkOLkbHUfcHDSErXQs', '4qcKNkdxUidhvUByB2eQ6g']"
"Please Shut Up (feat. A$AP Rocky, KEY! & Gucci Mane)",3LyNsopPP3hXf8bZBE7cDk,"['13ubrt8QOOCPljQ2FL1Kca', '13y7CgLHjMVRMDqxdx0Xdo']"
Realest In the City (feat. Meek Mill & PARTYNEXTDOOR),1kKfLv5RsxxQb6afxfIgsz,"['20sxb77xiYeusSH8cVdatc', '2HPaUgqeutzr3jx5a9WyDV']"
Cockiness (Love It) Remix,3gLEhKDJrwbb94WctCHCix,"['5pKCCKE2ajJHZ9KAiaK11H', '13ubrt8QOOCPljQ2FL1Kca']"
Pretend (feat. A$AP Rocky),6phKkVuSzTNEriX3uciCb5,"['0NIIxcxNHmOoyBx03SfTCD', '13ubrt8QOOCPljQ2FL1Kca']"
Tough Love - Tiësto Remix / Radio Edit,7bF6tCO3gFb8INrEDcjNT5,"['1vCWHaC5f2uS3yhpwWbIA6', '2o5jDhtHVPhrJdv3cEQ99Z']"
En La Cara (Sua Cara Remix),0XMMRGdrHAnrxWgFL3lwkz,"['738wLrAtLtCtFOLvQBXOXp', '790FomKkXshlbRYZFtlgla']"
Ballin Flossin,3eZgCwU1MKz0Vjai0Co02p,"['1anyVhU62p31KFi8MEzkbf', '7n2wHs1TKAczGzO7Dd2rGr']"
One Call Away (feat. Tyga) - Remix,4zhpLgd7CsS69auGgoMpoT,"['6VuMaDnrHyPL1p4EHjYLi7', '5LHRHt1k9lMyONurDHEdrp']"
Atoms (Said the Sky Remix),5in8wHKDJ3tc0TdLucnPqv,"['5eIbEEQnDM8yuDVB0bimSP', '3gIRvgZssIb9aiirIg0nI3', '4LZ4De2MoO3lP6QaNCfvcu']"
Nonsense (with Coi Leray) - Remix,0DD4vkP9qDiej99eUCG4jC,"['74KM79TiuVKeVCqs8QtB0B', '6AMd49uBDJfhf30Ak2QR5s']"
Not Enough,1I37qPoh1LoZYfnB5NGEbR,"['7lZauDnRoAC3kmaYae2opv', '0HS00NN7MAfF59aJnfcxSO']"
Next Life (feat. Krewella),1s9PSUpePBIkHH1hKjFQ32,"['5lCekoJW9jNq01B1wiqdAb', '0Cd6nHYwecCNM1sVEXKlYr']"
Freak (feat. Steve Bays),0GATmBanwPiHQBfl2mDq3o,"['5fMUXHkw8R8eOP2RNVYEZX', '77AiFEVeAVj2ORpC85QVJs']"
Moon Man (feat. Strick & Kid Cudi),5hTVyxGfOKyBYhY8fgIIzT,"['50co4Is1HCEo8bhOyUWKpn', '0fA0VVWsXO9YnASrzqfmYu']"
Running the Streets (feat. A Boogie Wit Da Hoodie & Denzel Curry),3s9f1LQ6607eDj9UYCzmgk,"['1sBkRIssrMs1AbVkOJbc7a', '31W5EY0aAly4Qieq6OFu6I']"
Pussy Print (feat. Kanye West),5QrT8pNtw1UnjqFuSUsenv,"['13y7CgLHjMVRMDqxdx0Xdo', '5K4W6rqBFWDnAN6FQUkS6x']"
Round of Applause (feat. Drake),3KRsRqcimXCJ6uzVm6iPSx,"['6f4XkbvYlXMH0QgVRzW0sM', '3TVXtAsR1Inumwj472S9r4']"
Catching On,3TPNcO86U23Dpmy59KBbfc,"['3fjs4zbBFxEFFe8Wyojo0G', '3RTklnRcfHgkQJwFpgOq3t']"
Mama (feat. Ellie Goulding) - Tiësto’s Big Room Remix,3Mong1BzxMKwTZ0SbfLdcQ,"['0X2BH1fck6amBIoJhDVmmJ', '2o5jDhtHVPhrJdv3cEQ99Z']"
Pain In My Eyes,3FUanEAeDoEyQ5jgByIWaC,"['14CHVeJGrR5xgUGQFV5BVM', '2iojnBLj0qIMiKPvVhLnsH']"
K Lo K (feat. Fivio Foreign),3TlrDcdC7ydI8mto84R1GW,"['2jku7tDXc6XoB6MO2hFuqg', '14CHVeJGrR5xgUGQFV5BVM']"
Top Off Benz (feat. Young Thug),0xlyQp1p50ZekkZ0vrBydP,"['46SHBwWsqBkxI7EeeBEQG7', '50co4Is1HCEo8bhOyUWKpn']"
Caught Up (with Olivia O'Brien),7uY8q7WQdukE0L3JcOyLQL,"['2ZRQcIgzPCVaT9XKhXZIzh', '1QRj3hoop9Mv5VvHQkwPEp']"
Tie Me Down (with Elley Duhé) - Steve Aoki Remix,27dtcjTLGUeR9mw1cwF6mn,"['2ZRQcIgzPCVaT9XKhXZIzh', '77AiFEVeAVj2ORpC85QVJs']"
Bad At Love - Dillon Francis Remix,2iqIPpMrW9DCcs6XmxNFsY,"['26VFTg2z8YR0cCuwLzESi2', '5R3Hr2cnCCjt220Jmt2xLf']"
I Want You,5vvkYbBnNrI0Mh9cebJiMv,"['757FXqX0Osk2pqtgv4E5v4', '6ASri4ePR7RlsvIQgWPJpS']"
Transmission,1Bh8jtOXIBIRUUghbrwUTX,"['2qxJFvFYMEDqd7ui6kSAcq', '4xRYI6VqpkE3UwrDrAZL8L']"
Resilient (ft. Aitana) [Tiësto Remix],4abn7Lc3illnEHFc9ki6x2,"['6jJ0s89eD6GaHleKKya26X', '2o5jDhtHVPhrJdv3cEQ99Z']"
I'm A Dog - Remix,1IJktgqBOGN7CjUYZQQdIb,"['1gPhS1zisyXr5dHTYZyiMe', '1sBkRIssrMs1AbVkOJbc7a']"
Move (feat. Saweetie),0DcjZHcCkc8DlRnZI0hagv,"['6jGMq4yGs7aQzuGsMgVgZR', '5LHRHt1k9lMyONurDHEdrp']"
I Like It (feat. Sexyy Red),0pwd9beBkEIBrMbkRMlO35,"['04gDigrS5kc9YWfZHwBETP', '3DbwFQlvLxRSi2uX8mf81A']"
Blinding Lights - Major Lazer Remix,68kQQv6idXUcXIf1n59Y3i,"['1Xyo4u8uXC1ZmMpatF05PJ', '738wLrAtLtCtFOLvQBXOXp']"
Memories - Dillon Francis Remix,0r7CVbZTWZgbTCYdfa2P31,"['04gDigrS5kc9YWfZHwBETP', '5R3Hr2cnCCjt220Jmt2xLf']"
American Psycho (with Mae Muller feat. Trippie Redd),32il27dOrLpIru8Evp4Pu7,"['64KEffDW9EtZ1y2vBYgq8T', '6Xgp2XMz1fhVYe7i6yNAax']"
Save Yourself - NGHTMRE VIP REMIX,0xCdQ9jYFDENkE2ck73CAc,"['69GGBxA162lTqCwzJG5jLp', '76M2Ekj8bG8W7X2nbx2CpF']"
If I Can Dream (from the NBC Elvis All-Star Tribute),6L0bHTV6hf9UL6uCezlJCC,"['246dkjvS1zLTtiykXe5h60', '7n2wHs1TKAczGzO7Dd2rGr']"
DucK my Ex (feat. Chris Brown & 2 Chainz),3yppetp34X4L7eqqrPGgSr,"['2jku7tDXc6XoB6MO2hFuqg', '17lzZA2AlOHwCwFALHttmp']"
I'm Not Goin' (feat. Kevin Gates),79GYAkpRIEXZEEKSqufbj8,"['13y7CgLHjMVRMDqxdx0Xdo', '1gPhS1zisyXr5dHTYZyiMe']"
CHAMPAGNE ROSÉ (feat. Madonna & Cardi B),2i4WKnGYntsN4jEvDjkKBE,"['0VRj0yCOv2FXJNP47XQnx5', '4kYSro6naA4h99UJvo89HB']"
Lazy Susan (with Rich Brian feat. Warren Hue & Masiwei),2XbG1IRDzoQQzLJSmwWIqC,"['1URnnhqYAYcrqrcwql10ft', '2IDLDx25HU1nQMKde4n61a', '4qcKNkdxUidhvUByB2eQ6g']"
No Shame (Future feat. PARTYNEXTDOOR),2txxneWmDggnj8J0IlA4ZF,"['1RyvyyTE3xzB2ZywiAwp0i', '2HPaUgqeutzr3jx5a9WyDV']"
Bunkin' (feat. Jay 305 & T.I.),6ejG0Ag9ZKzBBtc4Hqy63T,"['5LHRHt1k9lMyONurDHEdrp', '4OBJLual30L7gRl5UkeRcT']"
Chills (LA Hills),1O8aHcA2gPhwDIJovDetN8,"['2o5jDhtHVPhrJdv3cEQ99Z', '31W5EY0aAly4Qieq6OFu6I']"
Blind (feat. A Boogie Wit da Hoodie),0ZefuVw7pe5SNNqHNU6Vf4,"['13y7CgLHjMVRMDqxdx0Xdo', '31W5EY0aAly4Qieq6OFu6I']"
Locked Up (ft. Akon),7kITGCwFNyrwG98FQTjM53,"['77AiFEVeAVj2ORpC85QVJs', '0z4gvV4rjIZ9wHck67ucSV']"
Malibu - Alan Walker Remix,0zRBTtWMnmBO4JMnlZfKHR,"['5YGY8feqx7naU7z4HrwZM6', '7vk5e3vY1uw9plTHJAMwjN']"
Animals - Gryffin Remix,2gFnyTybeUKX8s5wXaJAGl,"['04gDigrS5kc9YWfZHwBETP', '2ZRQcIgzPCVaT9XKhXZIzh']"
Crazy Like You (feat. BIBI),5eJfyUHa39nwHkLqLHnaqs,"['2PSJ6YriU7JsFucxACpU7Y', '6UbmqUEgjLA6jAcXwbM1Z9']"
24k of Gold (feat. J Cole),2Hjql0iqpb3oXFuUptCtDn,"['0c173mlxpT3dSFRgMO8XPh', '6l3HvQ5sa6mXTsMTB19rO5']"
Mini Kelly (feat. Rick Ross),7xBmRu3EJYAEINaprD3OYb,"['2EMAnMvWE2eb56ToJVfCWs', '1sBkRIssrMs1AbVkOJbc7a']"
Closed Doors,7HLmj4xIlHt3lIQ6EB87nT,"['6Xgp2XMz1fhVYe7i6yNAax', '757aE44tKEUQEqRuT6GnEB']"
Never Fly Here - feat. Quavo,4gghtsHgDu1hMpGtiXQILl,"['15iVAtD3s3FsQR4w1v6M0P', '0VRj0yCOv2FXJNP47XQnx5']"
LIGHTSKIN SH*T (feat. Future & jetsonmade),16oi4OiKmkO51l60F5R9kR,"['4r63FhuTkUYltbVAg5TQnk', '1RyvyyTE3xzB2ZywiAwp0i']"
COLORS,6DC2gFXQjJR5Aguqi3ZB1W,"['6Xgp2XMz1fhVYe7i6yNAax', '46SHBwWsqBkxI7EeeBEQG7']"
"My Life (ft. Swae Lee, PnB Rock, KABU)",0gWBJI9s7jeQPH2YlQwM0b,"['77AiFEVeAVj2ORpC85QVJs', '1Cs0zKBU1kc0i8ypK3B9ai']"
CRAZY (David Guetta Remix),3aNNxSj1e0pgaUUxV2GFoD,"['4SpbR6yFEvexJuaBpgAU5p', '1Cs0zKBU1kc0i8ypK3B9ai']"
Unholy (feat. Kim Petras) - David Guetta Acid Remix,6uZ6M4MAhDQJDmjCcKDdVf,"['2wY79sveU1sp5g7SokKOiI', '1Cs0zKBU1kc0i8ypK3B9ai']"
Heartbreak,78MlxXcdUIYlYH5TNSjEut,"['5R3Hr2cnCCjt220Jmt2xLf', '3RTklnRcfHgkQJwFpgOq3t']"
Dance with Me (feat. Thomas Rhett & Young Thug),6AoHQqGnuwFk9ygWhzLRws,"['5fMUXHkw8R8eOP2RNVYEZX', '50co4Is1HCEo8bhOyUWKpn']"
G63 (feat. Offset),1UKHUCM5fo8nUCWGZ5Cb7F,"['6AgTAQt8XS6jRWi4sX7w49', '4DdkRBBYG6Yk9Ka8tdJ9BW']"
Waves,42Q71LGgYI4eBdebWn5m6D,"['2hlmm7s2ICUX0LVIhVFlZQ', '6AgTAQt8XS6jRWi4sX7w49']"
Save Tonight,7cWwJEQD7tY1MF5Tvulk18,"['20DZAfCuP1TKZl5KcY7z3Q', '1sKIizVYeHkGy7Tjmn9QRj']"
Rambo,0lihymBRdQmqdUFDTMyLRU,"['6C1ohJrd5VydigQtaGy5Wa', '3hcs9uc56yIGFCSy9leWe7']"
Rage the Night Away (feat. Waka Flocka Flame),15FlkvOEu8iFCBPZ64heHJ,"['77AiFEVeAVj2ORpC85QVJs', '6f4XkbvYlXMH0QgVRzW0sM']"
Flash Funk,5GQ9qkFtWCsCeIqCTxbvBc,"['47mIJdHORyRerp4os813jD', '64KEffDW9EtZ1y2vBYgq8T']"
Closer (with Marshmello),4rabNjkDVahFaNnwDlz6v4,"['04gDigrS5kc9YWfZHwBETP', '64KEffDW9EtZ1y2vBYgq8T']"
Iced Out Audemars (Remix),6Kq8qOHfkWQWZCsDtUkCdK,"['0eDvMgVFoNV3TpwtrVCoTj', '55Aa2cqylxrFIXC767Z865']"
"Everyday We Lit (feat. PnB Rock, Lil Yachty & Wiz Khalifa) - Remix",0kQaz1gy6Xo3y6u4UVSCMy,"['6icQOAFXDZKsumw3YXyusw', '137W8MRPWKqSmrBGDBFSop']"
Moves Like Jagger - Remix,2aEpBu1eLXTziWWLl4t1o7,"['04gDigrS5kc9YWfZHwBETP', '4LLpKhyESsyAXpc4laK94U']"
Windows (feat. Quavo & Tyga),5YqCVavzzfjCI6EGFt7GSB,"['0VRj0yCOv2FXJNP47XQnx5', '5LHRHt1k9lMyONurDHEdrp']"
Waiting,56gJHV1MkyHIS4eDFbzoVa,"['5eIbEEQnDM8yuDVB0bimSP', '5he5w2lnU9x7JFhnwcekXX']"
You Don’t Love Me,6ACJ86qxrE31AErgE3AjDV,"['13y7CgLHjMVRMDqxdx0Xdo', '3DbwFQlvLxRSi2uX8mf81A']"
A Better World,7MARy6sJ24UhLfbEsVs7a0,"['20DZAfCuP1TKZl5KcY7z3Q', '4AT7XlLBevgZIiKvZQ83ye']"
Used To Be (feat. Wiz Khalifa),2EO3Lksm1VxN9s8vOM37ep,"['77AiFEVeAVj2ORpC85QVJs', '137W8MRPWKqSmrBGDBFSop']"
"Hella Neck (feat. Tyga, OhGeesy & Takeoff)",2wBB2KKqtuK1fcxAiqbCSZ,"['5LHRHt1k9lMyONurDHEdrp', '3EW0kQ1skZiK1NHg3Spt9J']"
Party Favors (feat. Young Thug),4XrKWBHDm587nYp6Io33oo,"['0NIIxcxNHmOoyBx03SfTCD', '50co4Is1HCEo8bhOyUWKpn']"
OOPS,6M1qLtDxfOeBSbM5HnIo54,"['6icQOAFXDZKsumw3YXyusw', '17lzZA2AlOHwCwFALHttmp']"
up in this (with Tinashe),4J2zCmydGtDFWmmAiNzImh,"['2cFrymmkijnjDg9SS92EPM', '0NIIxcxNHmOoyBx03SfTCD']"
GIMME GIMME (feat. 21 Savage),79rpgo6CHntMDIK1SSbqMh,"['6jJ0s89eD6GaHleKKya26X', '1URnnhqYAYcrqrcwql10ft']"
Pieces (feat. 50 Cent),4fdXiz0uJKg3HUOVj1p6iL,"['2jku7tDXc6XoB6MO2hFuqg', '3q7HBObVc0L8jNeTe5Gofh']"
HO4ME,7MySdabAREiwyyalhCS93Y,"['5f7VJjfbwm532GiveGC0ZK', '31W5EY0aAly4Qieq6OFu6I']"
Lifestyle (Jason Derulo ft. Adam Levine),4rEe3htSUbJbO8kJePhHBx,"['4bYPcJP5jwMhSivRcqie2n', '04gDigrS5kc9YWfZHwBETP']"
Need You,20UdW4qyeOmKa9YaOcv9WX,"['5R3Hr2cnCCjt220Jmt2xLf', '76M2Ekj8bG8W7X2nbx2CpF']"
Dumb,7byAZG2J1zIQSQxm5Ewxyl,"['5LHRHt1k9lMyONurDHEdrp', '0c173mlxpT3dSFRgMO8XPh']"
lonely christmas (feat. Justin Bieber & Poo Bear),2TB7t45lVP3l5DyVVX0goz,"['2EMAnMvWE2eb56ToJVfCWs', '1uNFoZAHBGtllmzznpCI3s']"
I'm Mad At Me,4Oy4QE9IHBHnmJaWdjZyXl,"['6Xgp2XMz1fhVYe7i6yNAax', '55Aa2cqylxrFIXC767Z865']"
Left and Right (feat. Jung Kook of BTS) - Galantis Remix,7twpmDySuCWpASRjWVEdnJ,"['6VuMaDnrHyPL1p4EHjYLi7', '4sTQVOfp9vEMCemLw50sbu']"
Too Late (feat. Wiz Khalifa & Lukas Graham),6Q0cy1jCa8EpvT6hd9rrs9,"['1LOB7jTeEV14pHai6EXSzF', '137W8MRPWKqSmrBGDBFSop']"
Glory Bridge - feat. A Boogie Wit da Hoodie,4cLlt1ADnsMLgpUMu3HrJZ,"['15iVAtD3s3FsQR4w1v6M0P', '31W5EY0aAly4Qieq6OFu6I']"
DROP (feat. A Boogie wit da Hoodie & London On Da Track),5rFGVn8fCFjnRwCebW0XbS,"['4r63FhuTkUYltbVAg5TQnk', '31W5EY0aAly4Qieq6OFu6I']"
Another Day,6TnI21E7NMNJ3Wljz832tH,"['7lZauDnRoAC3kmaYae2opv', '3RTklnRcfHgkQJwFpgOq3t']"
Love Let Me Go,7bJhgRTEevQQksYPbXKxRR,"['4LZ4De2MoO3lP6QaNCfvcu', '3ppkM4QtM781APpaX7H9t7']"
Faith,1BihwMHBD5bC8JVwpMwNSq,"['757FXqX0Osk2pqtgv4E5v4', '3ppkM4QtM781APpaX7H9t7']"
Kids Again,7FAICWGOEb9BC6KnyG5sXU,"['2KjxvxgJvbwweNVRMSuIRG', '4YpLN8ZByubASuWnxWokRT']"
buttons! (with Knock2),6lNYE1wSCTtBxFvcdUAymQ,"['5R3Hr2cnCCjt220Jmt2xLf', '6mmSS7itNWKbapgG2eZbIg']"
Right Here Right Now (Feat. LOCO & JAY PARK),47UUNYT0lsDnX9EYHIBf3L,"['0siBQaURCli5wn2lqv8WZg', '4XDi67ZENZcbfKnvMnTYsI']"
Shape of You - Galantis Remix,5H7CwzYZ60e7w69tX4ivQN,"['6eUKZXaKkcviH0Ku9w2n3V', '4sTQVOfp9vEMCemLw50sbu']"
Don't - Rick Ross Remix,49WNdS1zw5NjaqMNEARcWO,"['6eUKZXaKkcviH0Ku9w2n3V', '1sBkRIssrMs1AbVkOJbc7a']"
Freddy Krueger (feat. Future & Tee Grizzley) - Remix,0rVEZ1IZYLVZNT7laPAMrr,"['1cNDP5yjU5vjeR8qMf4grg', '1RyvyyTE3xzB2ZywiAwp0i']"
Trap Trap Trap (feat. Young Thug & Wale),1KZ0Xo6Mmeprp1Sw5xCHYz,"['1sBkRIssrMs1AbVkOJbc7a', '50co4Is1HCEo8bhOyUWKpn']"
3 Wayz (feat. Travis Scott),3BN86m6Dl6hYgOj2qo1gAg,"['7c0XG5cIJTrrAgEC3ULPiq', '0Y5tJX1MQlPlqiwlOH1tJY']"
Sip A Lil (feat. Gucci Mane),6MPR32vGG1AaQMYOfqvyqx,"['5LHRHt1k9lMyONurDHEdrp', '13y7CgLHjMVRMDqxdx0Xdo']"
"Selection (with Skrillex, DJ Scheme)",5Kwd75iAKLEMncFz19aYrk,"['4Ga1P7PMIsmqEZqhYZQgDo', '5he5w2lnU9x7JFhnwcekXX']"
TOO DAMN HIGH (with Lil Yachty),25AkmJqyS0i0YAytxHR9Uq,"['0fA0VVWsXO9YnASrzqfmYu', '6icQOAFXDZKsumw3YXyusw']"
SEVEN (with Lil Wayne),4KPrcnFZE2nCzHLFEiRyc0,"['0fA0VVWsXO9YnASrzqfmYu', '55Aa2cqylxrFIXC767Z865']"
Guitar In My Room (with Lil Durk & Kid Cudi),4LPIwB4gtPzuB0YKHjOldj,"['3hcs9uc56yIGFCSy9leWe7', '0fA0VVWsXO9YnASrzqfmYu']"
YUSO (feat. Lil Wayne & Saweetie),38Vjqr7xTeIzDpclKOkzli,"['6KZDXtSj0SzGOV705nNeh3', '55Aa2cqylxrFIXC767Z865']"
Interview,3EH4OrDntqbOmknacF0GQg,"['3EW0kQ1skZiK1NHg3Spt9J', '4DdkRBBYG6Yk9Ka8tdJ9BW']"
Back At It (feat. Lil Baby),07twUUK8jWUCVsrSoEgbLW,"['5zctI4wO9XSKS8XwcnqEHk', '5f7VJjfbwm532GiveGC0ZK']"
Perfect (Remix) (feat. Lil Wayne & A$AP Ferg),7q9Jy1GzxPx6qY3gA5aEy3,"['4xRYI6VqpkE3UwrDrAZL8L', '55Aa2cqylxrFIXC767Z865']"
Falling To Pieces,6VEUzJzGo16QRnFvUpv4pQ,"['64KEffDW9EtZ1y2vBYgq8T', '5lCekoJW9jNq01B1wiqdAb']"
Look Alive - Remix,7a9QBLlQOunA6KvPcVDIMt,"['7iZtZyCzp3LItcw1wtPI3D', '6oMuImdp5ZcFhWP0ESe6mG']"
Better On Me (feat. Ty Dolla $ign),0vLlEo1D4VRiGzMLxLbsh2,"['0TnOYISbd1XYRBk9myaseg', '7c0XG5cIJTrrAgEC3ULPiq']"
Burn Slow (feat. Rae Sremmurd),1otonPYqofxM6B8ejJHXjg,"['137W8MRPWKqSmrBGDBFSop', '7iZtZyCzp3LItcw1wtPI3D']"
18,3wrPaT9MQxCG1LQmNvNRed,"['2IDLDx25HU1nQMKde4n61a', '6Xgp2XMz1fhVYe7i6yNAax']"
Peace of Mind,0NcnzIoouhXB3qc9ZcyHS3,"['6S0dmVVn4udvppDhZIWxCr', '2jku7tDXc6XoB6MO2hFuqg']"
Century (feat. Calvin Harris),30V9djJPVNe97IEWrXDWkG,"['2o5jDhtHVPhrJdv3cEQ99Z', '7CajNmpbOovFoOoasH2HaY']"
The Mob,6NuGhdLQfrYvG5wBnaBnb1,"['1cNDP5yjU5vjeR8qMf4grg', '6Xgp2XMz1fhVYe7i6yNAax']"
gucci linen (feat. 2 Chainz),6Sz7iJhiDlJTBTTKIO4oVf,"['2cFrymmkijnjDg9SS92EPM', '17lzZA2AlOHwCwFALHttmp']"
House Party - Remix,7Eoao6AZyThuZh60L4OrRb,"['20sxb77xiYeusSH8cVdatc', '4LLpKhyESsyAXpc4laK94U']"
Plain Jane (feat. Rocko & T.I.) - Remix,0wSQb1gmnxlpue4JJQgx6j,"['13y7CgLHjMVRMDqxdx0Xdo', '4OBJLual30L7gRl5UkeRcT']"
Magic City Monday,1RFFxDK1wO6A8ONrdS5TGU,"['1RyvyyTE3xzB2ZywiAwp0i', '17lzZA2AlOHwCwFALHttmp']"
Next Up (feat. Lil Uzi Vert & Gucci Mane),3t2NMPxegck4CrvCx5DF0C,"['13y7CgLHjMVRMDqxdx0Xdo', '4O15NlyKLIASxsJ0PrXPfz']"
Number 2 - feat. Future & 21 Savage,5RnUNH9TYaNN87ulZ4PNis,"['1RyvyyTE3xzB2ZywiAwp0i', '1URnnhqYAYcrqrcwql10ft']"
"Woman Of The Year (with Stefflon Don, Chlöe & Coi Leray)",2Tg6UGiplOTWZalFj1eY6y,"['7CajNmpbOovFoOoasH2HaY', '6AMd49uBDJfhf30Ak2QR5s']"
Bad Girl (feat. Trey Songz & Robin Thicke),3KIPN9BE8rh6ueIFYZHrIZ,"['31W5EY0aAly4Qieq6OFu6I', '2iojnBLj0qIMiKPvVhLnsH']"
Again (feat. XXXTENTACION) - Alan Walker Remix,0Kk8NWt2aj8OXeYONMzxrk,"['15UsOTVnJzReFVN1VCnxy4', '7vk5e3vY1uw9plTHJAMwjN']"
High,5qdPqyF6mc5rJBmQW5ppgA,"['11gWrKZMBsGQWmobv3oNfW', '6Xgp2XMz1fhVYe7i6yNAax']"
Won't Make A Sound,1mgsWGf69P448vP0md1Z8e,"['0P2bZXPyjHYRW4guHVAFl1', '757FXqX0Osk2pqtgv4E5v4']"
Whiskey (feat. A$AP Rocky),6zEOfBb85G0Vaau5skdAUG,"['04gDigrS5kc9YWfZHwBETP', '13ubrt8QOOCPljQ2FL1Kca']"
Attention (feat. Offset),5SUD1l1btnrp5ny3bwdWpj,"['2IDLDx25HU1nQMKde4n61a', '4DdkRBBYG6Yk9Ka8tdJ9BW']"
Graveyard - Axwell Remix,3Hah1es0TvdRG7HWNx5e3E,"['26VFTg2z8YR0cCuwLzESi2', '1xNmvlEiICkRlRGqlNFZ43']"
Happiness Over Everything (H.O.E.) (feat. Future & Miguel),3WY0weDaG2IHLloobhLkiD,"['5ZS223C6JyBfXasXxrRqOk', '1RyvyyTE3xzB2ZywiAwp0i']"
Worry About Me (feat. blackbear),0wsfdPl7p3yKjQBmHQsaDn,"['0X2BH1fck6amBIoJhDVmmJ', '2cFrymmkijnjDg9SS92EPM']"
Control The World (feat. Lil Wayne),0ieL9uEKfpYX7wIBKghzGS,"['6fWVd57NKTalqvmjRd2t8Z', '55Aa2cqylxrFIXC767Z865']"
One More Day,5R8n2qtG1BRBwifjmnQuvE,"['6CCTvLyIHqUhY6VQizt150', '5zUeHMatct7zGjyIji9T4C']"
Disappearing Now,2g9vY91OCirbr91b0fEBfa,"['757FXqX0Osk2pqtgv4E5v4', '5zUeHMatct7zGjyIji9T4C']"
Attention - David Guetta Remix,7ksmqYjUIkT7OFvvhw7Q7s,"['6VuMaDnrHyPL1p4EHjYLi7', '1Cs0zKBU1kc0i8ypK3B9ai']"
Nobody (feat. Kanye West),6Elbd1iwX0LP3qKn72d0uc,"['15iVAtD3s3FsQR4w1v6M0P', '5K4W6rqBFWDnAN6FQUkS6x']"
Young Man,3kWEw6EPn0YB1yJl6UsBiW,"['6TIYQ3jFPwQSRmorSezPxX', '15iVAtD3s3FsQR4w1v6M0P']"
Gimme A Minute (Feat. CHUNG HA),7jYRRvidgWHyHmlIu5lyx7,"['4XDi67ZENZcbfKnvMnTYsI', '2PSJ6YriU7JsFucxACpU7Y']"
Big Bang (with Crankdat),6xkBy4dXb6LxQQ3OuuK2xv,"['540vIaP2JwjQb9dm3aArA4', '5lCekoJW9jNq01B1wiqdAb']"
5 Years,5Vz42ketOsYADB58KPDOds,"['2KjxvxgJvbwweNVRMSuIRG', '3ppkM4QtM781APpaX7H9t7']"
C'mon,3XU0Yroic44ga05pKlGDy4,"['2o5jDhtHVPhrJdv3cEQ99Z', '5fMUXHkw8R8eOP2RNVYEZX']"
Set It Off,18tvvIaTGp6jXKRaBvytH1,"['47mIJdHORyRerp4os813jD', '0siBQaURCli5wn2lqv8WZg']"
Say It Like You Mean It,3ctgxMxqoeaFmv66ffkcMD,"['3fjs4zbBFxEFFe8Wyojo0G', '4OaSyxqlkp7aVpAZwF02QZ']"
Fall Into The Sky,6xzCQrXrn0uOOKBQZK1zsF,"['2qxJFvFYMEDqd7ui6kSAcq', '0X2BH1fck6amBIoJhDVmmJ']"
ONBOA47RD,40DPDhROA6rUmfE1E9wGjz,"['14CHVeJGrR5xgUGQFV5BVM', '46SHBwWsqBkxI7EeeBEQG7']"
what would you do? - Galantis Remix,7CNnr17XNq6rvU2LM3H7MD,"['45dkTj5sMRSjrmBSBeiHym', '4sTQVOfp9vEMCemLw50sbu']"
Gucci Bandanna,6MqFViHkIUQ0MOu25cdwiO,"['6GMYJwaziB4ekv1Y6wCDWS', '13y7CgLHjMVRMDqxdx0Xdo']"
Only One I Need,6RSg9UdBiLzqqCGb2h1KBJ,"['7d5SfGXKpgS3JK8BFIq59h', '1sKIizVYeHkGy7Tjmn9QRj']"
Better Man (feat. Rick Ross),6Oj8Uf2qnCNDEIJNOuQbLc,"['2HPaUgqeutzr3jx5a9WyDV', '1sBkRIssrMs1AbVkOJbc7a']"
Legend (feat. Rick Ross),2BM7LttvlgCSE9pThxdglE,"['6C1ohJrd5VydigQtaGy5Wa', '1sBkRIssrMs1AbVkOJbc7a']"
Drive You Crazy (feat. Jason Derulo & Juicy J),34en17vDgo4EoaFMQ0q1zk,"['0TnOYISbd1XYRBk9myaseg', '5gCRApTajqwbnHHPbr2Fpi']"
Talk REMIX,7b4aLX67OsLSUbYIoBvdmI,"['6LuN9FCkKOj5PcnpouEgny', '181bsRPaVXVlUKXrxwZfHK']"
Camera,0NQ5NV58Ag5DHh16656l8i,"['246dkjvS1zLTtiykXe5h60', '4O15NlyKLIASxsJ0PrXPfz', '4LLpKhyESsyAXpc4laK94U']"
PILLOWTALK REMIX (feat. Lil Wayne),7Kux9Q1ZYx1V1j3wre0aWk,"['5ZsFI1h6hIdQRw2ti0hz81', '55Aa2cqylxrFIXC767Z865']"
"New Atlanta (feat. Rich Homie Quan, Young Thug, Jermain Dupri)",2X9QYkO7p7M6AMag1eupdR,"['6oMuImdp5ZcFhWP0ESe6mG', '50co4Is1HCEo8bhOyUWKpn']"
Strictly for the Strippers,57HdkwMsDROzyPh7JVnBkz,"['3DbwFQlvLxRSi2uX8mf81A', '5gCRApTajqwbnHHPbr2Fpi']"
Super Freak (feat. Rick Ross),6d4lXOguGldw99xR5YBVyI,"['2jku7tDXc6XoB6MO2hFuqg', '1sBkRIssrMs1AbVkOJbc7a']"
Same High,5kNfbwKazl907qSctxI1iI,"['4OaSyxqlkp7aVpAZwF02QZ', '4YpLN8ZByubASuWnxWokRT']"
Lay Me Down - Flume Remix,0CAgUUqUZXV564QvqSraX5,"['2wY79sveU1sp5g7SokKOiI', '6nxWCVXbOlEVRexSbLsTer']"
"Radio (feat. Trippie Redd, Jessica Baio & KABU)",5H38vBUsQxZcigRGIDeyv5,"['77AiFEVeAVj2ORpC85QVJs', '6Xgp2XMz1fhVYe7i6yNAax']"
A1 Everything,07gbvH9nMYyZr92vbiicCi,"['20sxb77xiYeusSH8cVdatc', '2YZyLoL8N0Wb9xBt1NhZWg']"
murda one (feat. Fivio Foreign),1rdVnpJ6puWLlxkG6Kmcls,"['757aE44tKEUQEqRuT6GnEB', '14CHVeJGrR5xgUGQFV5BVM']"
On The News (feat. Cardi B),3UtvjOdXrJr7vuXdgFv4i6,"['50co4Is1HCEo8bhOyUWKpn', '4kYSro6naA4h99UJvo89HB']"
LEVELS (feat. Kodak Black),2UMWdssGd4rlT9oSeHUZh0,"['4r63FhuTkUYltbVAg5TQnk', '46SHBwWsqBkxI7EeeBEQG7']"
Lay Up N’ Chill (feat. A Boogie Wit da Hoodie),6FxdAycUNPT8gHH5JhG2xI,"['1W7FNibLa0O0b572tB2w7t', '31W5EY0aAly4Qieq6OFu6I']"
How Soon Is Now - Dirty South Remix,5NThOInQkmb3j4CiOuFqdJ,"['1Cs0zKBU1kc0i8ypK3B9ai', '6hyMWrxGBsOx6sWcVj1DqP']"
Blended Family (What You Do For Love) (feat. A$AP Rocky),5FOAptZGxeMAO0BJSQh2fc,"['3DiDSECUqqY1AuBP8qtaIa', '13ubrt8QOOCPljQ2FL1Kca']"
The Love We Had,5bpOpaxov9usdnLLNLOtMd,"['0P2bZXPyjHYRW4guHVAFl1', '4YpLN8ZByubASuWnxWokRT']"
Be Happy - Remix,2hKKQOtnu19dzb1xacrwxa,"['2cFrymmkijnjDg9SS92EPM', '5zctI4wO9XSKS8XwcnqEHk']"
Bodak Yellow (feat. Kodak Black),7EUdsWV0Cs8nyTo4R5Ef9b,"['4kYSro6naA4h99UJvo89HB', '46SHBwWsqBkxI7EeeBEQG7']"
Backwards,58AyPFJSaRDpr6cj2LYFFG,"['5INjqkS1o8h1imAzPqGZBb', '2YZyLoL8N0Wb9xBt1NhZWg']"
Spicy,54z0kLF0skj0Hdb9wCqPJt,"['5fMUXHkw8R8eOP2RNVYEZX', '25uiPmTg16RbhZWAqwLBy5']"
Light Switch - Tiësto Remix,5IczhYC3YVI2IwxoJJoCmb,"['6VuMaDnrHyPL1p4EHjYLi7', '2o5jDhtHVPhrJdv3cEQ99Z']"
Made In China,1qowUCis8gYY9KOMuy8fCi,"['07ZhipyrvoyNoJejeyM0PQ', '540vIaP2JwjQb9dm3aArA4']"
Dominic's Interlude,6CkLsvxAgLkhc6R5pqdMHu,"['26VFTg2z8YR0cCuwLzESi2', '6USv9qhCn6zfxlBQIYJ9qs']"
Bad For Me,6iZPntlq4qz0gkDDV5bwQE,"['5he5w2lnU9x7JFhnwcekXX', '15iVAtD3s3FsQR4w1v6M0P']"
Caprisun Fun (feat. Young Thug),1ymCe0h8GJJCC2ftwHh4eS,"['1cNDP5yjU5vjeR8qMf4grg', '50co4Is1HCEo8bhOyUWKpn']"
??? (Where) [feat. Migos],11byn9E2NCI65biHtKOLG2,"['7c0XG5cIJTrrAgEC3ULPiq', '6oMuImdp5ZcFhWP0ESe6mG']"
Scandalous (with Tinashe),4ThOZ5HXGvCfUbptEJRzyF,"['2ZRQcIgzPCVaT9XKhXZIzh', '0NIIxcxNHmOoyBx03SfTCD']"
Bitch I'm Packin' (with Gunna),2rJZIb1hE25Fp58ayrG7eg,"['3LZZPxNDGDFVSIPqf4JuEf', '2hlmm7s2ICUX0LVIhVFlZQ']"
Stuck In A Dream (feat. Gunna),0YzzJnMRltG5ja5c9D3TAT,"['5zctI4wO9XSKS8XwcnqEHk', '2hlmm7s2ICUX0LVIhVFlZQ']"
Surgery,3RniWkfPXJGxxM4IeBBRCe,"['2hlmm7s2ICUX0LVIhVFlZQ', '7c0XG5cIJTrrAgEC3ULPiq']"
Wild Ones,0YIoqne0UnLYq1OUPeYz7E,"['6CCTvLyIHqUhY6VQizt150', '3RTklnRcfHgkQJwFpgOq3t']"
Love You Too (feat. Kehlani),3Aq52azDUqTpzZ7PRQavbd,"['3hcs9uc56yIGFCSy9leWe7', '0cGUm45nv7Z6M6qdXYQGTX']"
Ice Water (feat. Trippie Redd),2RTkEYOLYDQtjWFGNZtvpT,"['7d3WFRME3vBY2cgoP38RDo', '6Xgp2XMz1fhVYe7i6yNAax']"
Savage - Major Lazer Remix,6QhABlOZKHWqt2LBa8WbXw,"['181bsRPaVXVlUKXrxwZfHK', '738wLrAtLtCtFOLvQBXOXp']"
Sugar - Remix,4tnnfGGLBYWwotE4Q8H5jf,"['04gDigrS5kc9YWfZHwBETP', '0hCNtLu0JehylgoiP8L4Gh']"
Over Getting Over You,1pgXcz5hA9r9Qjrg3TNDNp,"['4LZ4De2MoO3lP6QaNCfvcu', '1mU61l2mcjEFraXZLpvVMo']"
Strub Tha Ground (Feat. Yung Miami),64EQj1J59L8sGw9FtzxcSW,"['0VRj0yCOv2FXJNP47XQnx5', '6oMuImdp5ZcFhWP0ESe6mG']"
Playa No More,332JQaT9IA2SiJlGox8opM,"['31W5EY0aAly4Qieq6OFu6I', '0VRj0yCOv2FXJNP47XQnx5']"
Feel It (with Sean Kingston & Flo Rida) - Explicit Album Version,4ZuzA7bJPki9xqArptIjIe,"['2o5jDhtHVPhrJdv3cEQ99Z', '6S0dmVVn4udvppDhZIWxCr']"
In The Cold,6naeBEOrn0jX9GOVsgUw5H,"['7d5SfGXKpgS3JK8BFIq59h', '7lZauDnRoAC3kmaYae2opv']"
My Own Advice,2ujMPkB5npYM0YhCVJe7bk,"['7d5SfGXKpgS3JK8BFIq59h', '45eNHdiiabvmbp4erw26rg']"
Kingpen Ghostwriter (feat. Lil Baby),36T9bGjVxexCD1XJANfV7O,"['17lzZA2AlOHwCwFALHttmp', '5f7VJjfbwm532GiveGC0ZK']"
U Deserve,71yn2TMDwMq34VxQEwx5RZ,"['0iEtIxbK0KxaSlF7G42ZOp', '4OBJLual30L7gRl5UkeRcT']"
Clappers (feat. Nicki Minaj & Juicy J),5GZWG4NbneAc9sGVCtqGO3,"['0hCNtLu0JehylgoiP8L4Gh', '5gCRApTajqwbnHHPbr2Fpi']"
Turnt,0fP7ZYRXI1M8iNAQ4YA3ov,"['6vWDO969PvNqNYHIOW5v0m', '17lzZA2AlOHwCwFALHttmp']"
Nookie (Pu$$y) (feat. Sexyy Red),4MCuCTuevnlTnwm5Rekfwx,"['1URnnhqYAYcrqrcwql10ft', '3DbwFQlvLxRSi2uX8mf81A']"
Cold Shoulder (feat. YoungBoy Never Broke Again),24vhQnVsbHHwlIXH7hD9Eh,"['13y7CgLHjMVRMDqxdx0Xdo', '7wlFDEWiM5OoIAt8RSli8b']"
Therapy Session,7sc6s7JYr53wn2zBF2Fg1R,"['3hcs9uc56yIGFCSy9leWe7', '3DiDSECUqqY1AuBP8qtaIa']"
Somebody Else (with Jorja Smith & Lil Durk),5BchaCO4QMiAIugGp5UpUX,"['7CajNmpbOovFoOoasH2HaY', '3hcs9uc56yIGFCSy9leWe7']"
Alright (feat. 24kGoldn & Quavo),5T0ahhwM0f4YYExfIGEHVw,"['6fWVd57NKTalqvmjRd2t8Z', '0VRj0yCOv2FXJNP47XQnx5']"
"Hillside (with Mansa, feat. Wiz Khalifa)",3Z0VsaeB0yYjZwhtiKU0td,"['2jku7tDXc6XoB6MO2hFuqg', '137W8MRPWKqSmrBGDBFSop']"
Beep Beep (feat. 50 Cent),16rNDEkMuvhdoDad7UKZIr,"['0hCNtLu0JehylgoiP8L4Gh', '3q7HBObVc0L8jNeTe5Gofh']"
Live Fast - PUBGM,23gk3dYysgp4FmWyZ2tOZF,"['7vk5e3vY1uw9plTHJAMwjN', '13ubrt8QOOCPljQ2FL1Kca']"
Finally (with Alicia Keys) - Axwell Remix,2PuBXI1J9MBvf4j8ke4vW7,"['3DiDSECUqqY1AuBP8qtaIa', '1xNmvlEiICkRlRGqlNFZ43']"
Satellite - Wooli Remix,3tiC6D3N07kUIJXKNDRHjy,"['11gWrKZMBsGQWmobv3oNfW', '1Uyqa2sdHm1bL5JK4IC4zc']"
Buzzing,0GW7SgfFCAQDEb2NApRuk0,"['4xnMDfgEmXZEEDdITKcGuE', '3RTklnRcfHgkQJwFpgOq3t']"
Get Mine (feat. Young Thug),4sxLB4ibrNZko2Y9wHfwZ3,"['2EMAnMvWE2eb56ToJVfCWs', '50co4Is1HCEo8bhOyUWKpn']"
Smile (feat. Bryson Tiller),0qczhh8fOxKyXqnaKouJyZ,"['540vIaP2JwjQb9dm3aArA4', '2EMAnMvWE2eb56ToJVfCWs']"
TLC (feat. Gunna),4MfMLSJD5dKW0zXa9daLmk,"['4r63FhuTkUYltbVAg5TQnk', '2hlmm7s2ICUX0LVIhVFlZQ']"
Sweet Nothing (feat. Florence Welch) - Diplo + Grandtheft Remix,35Zv0HFPaXFfkZg32R84OH,"['7CajNmpbOovFoOoasH2HaY', '5fMUXHkw8R8eOP2RNVYEZX']"
Diva (feat. Don Toliver) - Remix,16I8VpI6oAZ4V8g9QjyKwi,"['1gPhS1zisyXr5dHTYZyiMe', '4Gso3d4CscCijv0lmajZWs']"
Gravity,5pgkM00lDqxQBTYgcsprbX,"['0siBQaURCli5wn2lqv8WZg', '7bPplWv4cZ1q26UY2Wmcvw']"
Stay Awake,71K70xmsranM8pKJN1zuJa,"['0X2BH1fck6amBIoJhDVmmJ', '4pb4rqWSoGUgxm63xmJ8xc']"
Too Good At Goodbyes - Galantis Remix,73iA9tbFNvev9M8Q83Q93D,"['2wY79sveU1sp5g7SokKOiI', '4sTQVOfp9vEMCemLw50sbu']"
Glow In The Dark,4VQR7e1OXp1gJcX72FJNv7,"['2fNr4ldujwq97v1jWeqs8K', '4YpLN8ZByubASuWnxWokRT']"
Playinwitme (Remix) [feat. Logic and Kehlani],4g5IWycTaExrzYZFynV9vs,"['0cGUm45nv7Z6M6qdXYQGTX', '4xRYI6VqpkE3UwrDrAZL8L']"
Convertible Burt - From Road To Fast 9 Mixtape,2AUdkFhVlngknqGHu30VJQ,"['2jku7tDXc6XoB6MO2hFuqg', '1gPhS1zisyXr5dHTYZyiMe']"
Love Lies - Rick Ross Remix,30jFDJfWtr2YfzF2hzyZuO,"['6LuN9FCkKOj5PcnpouEgny', '1sBkRIssrMs1AbVkOJbc7a']"
DIAMONDS LIGHTS FAST CARS (feat. Wiz Khalifa),0dE6bo63eqDDfIr8XZhZpN,"['0fA0VVWsXO9YnASrzqfmYu', '137W8MRPWKqSmrBGDBFSop']"
shyne 4 me (feat. PIAO),3M8ih79hxAhMu8anoZO74o,"['6mmSS7itNWKbapgG2eZbIg', '4qcKNkdxUidhvUByB2eQ6g']"
The Boy Who Shattered Time,66MIKqGHhzX3Q4EZc3nwvd,"['47mIJdHORyRerp4os813jD', '16yUpGkBRgc2eDMd3bB3Uw']"
"U 2 Luv (Remix feat. Jeremih, Queen Naija, & Lil Durk)",4ngz3vlQcFj3aNnTNikoRv,"['21E3waRsmPlU7jZsS13rcj', '3hcs9uc56yIGFCSy9leWe7']"
STUNNAMAN (with Roddy Ricch & feat. Lil Wayne),3ptB4SmuSJTGhQByFrMJVJ,"['757aE44tKEUQEqRuT6GnEB', '55Aa2cqylxrFIXC767Z865']"
You Can Be My Light,3Y11Xr2pSb0OnbuLJo19Fi,"['4AT7XlLBevgZIiKvZQ83ye', '757FXqX0Osk2pqtgv4E5v4']"
Me N OG Snoop,4pfUkkJKUgrsXuVVYRuSh4,"['7hJcb9fa4alzcOq3EaNPoG', '3DbwFQlvLxRSi2uX8mf81A']"
LLOGCLAY,4CGUa53VCVIM7wQBTMPWoa,"['4OBJLual30L7gRl5UkeRcT', '7wlFDEWiM5OoIAt8RSli8b']"
50K Remix (feat. T.I.),3HVFNvrGnS05DHUzJfOS3n,"['6f4XkbvYlXMH0QgVRzW0sM', '4OBJLual30L7gRl5UkeRcT']"
Light Up The Sky,6qRVf8mQvQCzNUUkQutSBF,"['1Uyqa2sdHm1bL5JK4IC4zc', '4AT7XlLBevgZIiKvZQ83ye']"
Nothing Left (feat. RUNN),60ChFXbCenmsgBQ4zVcYGB,"['1Uyqa2sdHm1bL5JK4IC4zc', '7d5SfGXKpgS3JK8BFIq59h']"
SOJU (feat. 2 Chainz),1fRIaQ4nHZF5FybsAsqKZz,"['4XDi67ZENZcbfKnvMnTYsI', '17lzZA2AlOHwCwFALHttmp']"
The Woo,5gIDy3EYBPVthoYt0HvtJd,"['0eDvMgVFoNV3TpwtrVCoTj', '3q7HBObVc0L8jNeTe5Gofh', '757aE44tKEUQEqRuT6GnEB']"
FRIENDS - A Boogie Wit Da Hoodie Remix,2V7VBa5z1yUoyJ7DPucmBZ,"['64KEffDW9EtZ1y2vBYgq8T', '31W5EY0aAly4Qieq6OFu6I']"
Two Cups (feat. Offset & Big Sean),7r62wx5N1cOQxYr6b0p2Bi,"['4DdkRBBYG6Yk9Ka8tdJ9BW', '0c173mlxpT3dSFRgMO8XPh']"
Take Me Home (feat. Bebe Rexha) - The Chainsmokers Remix,1J2t9vScBNspTclqwHNjAO,"['1LOB7jTeEV14pHai6EXSzF', '69GGBxA162lTqCwzJG5jLp']"
Lost My Mind,25VGXLN845h8HnOYdOTdKg,"['5R3Hr2cnCCjt220Jmt2xLf', '11gWrKZMBsGQWmobv3oNfW']"
Down Again (feat. Wiz Khalifa),4eYG3dbR174o9ZGgYTMdNY,"['5ZS223C6JyBfXasXxrRqOk', '137W8MRPWKqSmrBGDBFSop']"
Bubble Butt,1eLTtr7ROB3kFC1h4MRBwz,"['738wLrAtLtCtFOLvQBXOXp', '0du5cEVh5yTK9QJze8zA0C', '5LHRHt1k9lMyONurDHEdrp']"
Flowers,6PcGF6R9aRUWorz1lVk8q5,"['6Xgp2XMz1fhVYe7i6yNAax', '2EMAnMvWE2eb56ToJVfCWs']"
Reset (with Bryson Tiller),4wTln8szV0f7JqLLTeDHwH,"['7rkW85dBwwrJtlHRDkJDAC', '2EMAnMvWE2eb56ToJVfCWs']"
Here 2 China (feat. Dizzee Rascal),0LA52DYNmflyXhzlADekfG,"['7CajNmpbOovFoOoasH2HaY', '5R3Hr2cnCCjt220Jmt2xLf']"
Die For You (Dabin Remix),4dcepYaIrdU3CKzXTAohSw,"['3wrFoI9EVjWg6m8xXeWr5t', '7lZauDnRoAC3kmaYae2opv']"
TECHNO (feat. Waka Flocka Flame),0EIPUnOYJQujsqoezHkFtN,"['5fMUXHkw8R8eOP2RNVYEZX', '6f4XkbvYlXMH0QgVRzW0sM']"
TookOff,79du0WE9ZCX6p8QcaomVqG,"['2hlmm7s2ICUX0LVIhVFlZQ', '0QHgL1lAIqAw0HtD7YldmP']"
Lick Me,383h4yNZkZWrLVac64JZ78,"['3DbwFQlvLxRSi2uX8mf81A', '5f7VJjfbwm532GiveGC0ZK']"
Happier - Tiësto’s AFTR:HRS Remix,1uuUnsWpJwqBh5GRQ8uxla,"['6eUKZXaKkcviH0Ku9w2n3V', '2o5jDhtHVPhrJdv3cEQ99Z']"
Magic City (feat. Quavo),6qHhHEBX3W1ahFasgShdih,"['14CHVeJGrR5xgUGQFV5BVM', '0VRj0yCOv2FXJNP47XQnx5']"
Tu Tu Tu (That's Why We) (feat. Liam O'Donnell) - Dubdogz & SUBB Remix,6rt2hXvUHEtvaP4VhOken9,"['4sTQVOfp9vEMCemLw50sbu', '76M2Ekj8bG8W7X2nbx2CpF']"
Think About You - Galantis Remix,4fC6tDEFmSBBCRBUOPeQ8b,"['23fqKkggKUBHNkbKtXEls4', '4sTQVOfp9vEMCemLw50sbu']"
Rain (feat. PARTYNEXTDOOR),5XPNicWoJnVfrwjQnIs1p6,"['137W8MRPWKqSmrBGDBFSop', '2HPaUgqeutzr3jx5a9WyDV']"
LATELY (Feat. Hoody),68W9Rt5yAcalwteykLJ82a,"['2u7CP5T30c8ctenzXgEV1W', '7lXgbtBDcCRbfc5f8FhGUL']"
Bad Ass (feat. Meek Mill & Wale),7fyXwRFTlBroXfsN5ybIPX,"['6KZDXtSj0SzGOV705nNeh3', '20sxb77xiYeusSH8cVdatc']"
Out in Space (feat. Quavo),3bqU32NjjtMeJ7dtn5Lzxi,"['137W8MRPWKqSmrBGDBFSop', '0VRj0yCOv2FXJNP47XQnx5']"
Light It Up,2yiEd5N2cj6BwxWFNIIHyY,"['64KEffDW9EtZ1y2vBYgq8T', '5LHRHt1k9lMyONurDHEdrp']"
The Way You Move,2ziWKjBAO8cDyOV5W05Z79,"['21E3waRsmPlU7jZsS13rcj', '2iojnBLj0qIMiKPvVhLnsH']"
Superstar,49mrGrTON4QYZri9gEHSFl,"['76M2Ekj8bG8W7X2nbx2CpF', '0Cd6nHYwecCNM1sVEXKlYr']"
Pronto,4UbJGBZUZGAfkgnUSxZw11,"['7hJcb9fa4alzcOq3EaNPoG', '6GMYJwaziB4ekv1Y6wCDWS']"
4 Lit,7iNbVcdcfrm4ulauq0pTzo,"['4OBJLual30L7gRl5UkeRcT', '7c0XG5cIJTrrAgEC3ULPiq']"
Alright (feat. Trippie Redd & Preme),3k9vMJ09zyVP3N2pi8Yzj0,"['137W8MRPWKqSmrBGDBFSop', '6Xgp2XMz1fhVYe7i6yNAax']"
Jerry Curry (Love & Basketball),3k0GGoslpuvAqu6O2uOTnf,"['0iEtIxbK0KxaSlF7G42ZOp', '5f7VJjfbwm532GiveGC0ZK']"
Millions (feat. A Boogie Wit da Hoodie),6VPzN9cxncE33hdEsQh4eR,"['137W8MRPWKqSmrBGDBFSop', '31W5EY0aAly4Qieq6OFu6I']"
It Was A… (Masked Christmas) (feat. Ariana Grande & Megan Thee Stallion),0vGVNj5Fmn4TU4foavNZG1,"['66CXWjxzNUsdJxJ2JdwvnR', '181bsRPaVXVlUKXrxwZfHK']"
Waiting For Love - Marshmello Remix,4gnvnnm2oYy8IsUZ104wOS,"['1vCWHaC5f2uS3yhpwWbIA6', '64KEffDW9EtZ1y2vBYgq8T']"
Big Fish,2XGPxNCgBTYM4hLOJ63Kls,"['1anyVhU62p31KFi8MEzkbf', '13y7CgLHjMVRMDqxdx0Xdo']"
Who Would Ever Thought,5ycsgCEekuNhBXtieOpzj3,"['15iVAtD3s3FsQR4w1v6M0P', '1RyvyyTE3xzB2ZywiAwp0i']"
High Off Gun Powder (feat. Kodak Black & Chief Keef),1dp7Wd1kaN765QDr4A9gAq,"['46SHBwWsqBkxI7EeeBEQG7', '15iVAtD3s3FsQR4w1v6M0P']"
8 Figures (feat. Meek Mill),3y3lDeOb2c3FYCniav00EY,"['4r63FhuTkUYltbVAg5TQnk', '20sxb77xiYeusSH8cVdatc']"
"Trampoline (feat. Missy Elliott, BIA and Doechii)",64Rn2oaQjAW6gIAjvukhWu,"['1Cs0zKBU1kc0i8ypK3B9ai', '4E2rKHVDssGJm2SCDOMMJB']"
Have A Little Fun,1F3QFP6UXUPUbgo1stlc0x,"['5DIi2JWfQPTKffaVBlIYRn', '0siBQaURCli5wn2lqv8WZg']"
No Explanations,3UDjJVtFeRP32gh0A88zpj,"['0HS00NN7MAfF59aJnfcxSO', '3fjs4zbBFxEFFe8Wyojo0G']"
Rotation,0eilhxlSkcQVCaLLcVcXbq,"['6f4XkbvYlXMH0QgVRzW0sM', '1RyvyyTE3xzB2ZywiAwp0i']"
"Pastor (Quavo, City Girls feat. Megan Thee Stallion)",4awve4McsKOqVuOpAbg6BF,"['0VRj0yCOv2FXJNP47XQnx5', '181bsRPaVXVlUKXrxwZfHK']"
Halo (feat. Lil Skies),21mI6mXka9so60GE7stbob,"['6ASri4ePR7RlsvIQgWPJpS', '7d3WFRME3vBY2cgoP38RDo']"
Codeine Cowboy (feat. Lil Yachty),70e7km5pOgcIWbLu1dKbFa,"['6MPCFvOQv5cIGfw3jODMF0', '6icQOAFXDZKsumw3YXyusw']"
Escape (feat. Lilly Ahlberg),1oDlQ0JGgXfXTWWrtmdOku,"['6CCTvLyIHqUhY6VQizt150', '4AT7XlLBevgZIiKvZQ83ye']"
Bad Bitches (feat. Megan Thee Stallion),2OYfxjLnQuPo7Co1WH0Z1S,"['64KEffDW9EtZ1y2vBYgq8T', '181bsRPaVXVlUKXrxwZfHK']"
Birthday - Cash Cash Remix,1Q9ekE7IMCI7oT9v6OuW2F,"['6jJ0s89eD6GaHleKKya26X', '1LOB7jTeEV14pHai6EXSzF']"
Born N Raised,7jPYbNUUYBKXhrAvSFwVf2,"['0TnOYISbd1XYRBk9myaseg', '1sBkRIssrMs1AbVkOJbc7a']"
High Top Versace (feat. Young Thug),40wyhIkaVvuZUAbAiTOkHI,"['17lzZA2AlOHwCwFALHttmp', '50co4Is1HCEo8bhOyUWKpn']"
Come Down (feat. Chief Keef & Rae Sremmurd),4hQhEDssi8nxX3J8yGg8W7,"['15iVAtD3s3FsQR4w1v6M0P', '7iZtZyCzp3LItcw1wtPI3D']"
Face Down,5odp9TRQ62O7lKyi9xXp3E,"['20sxb77xiYeusSH8cVdatc', '2iojnBLj0qIMiKPvVhLnsH']"
Lit (feat. Gucci Mane & T-Pain),5mpB0pijBKXOZchl1aXeWg,"['77AiFEVeAVj2ORpC85QVJs', '13y7CgLHjMVRMDqxdx0Xdo']"
Choose (feat. Ne-Yo & Kelly Rowland),6Y9HwT5bGpBjrY9gr9bN8e,"['1Cs0zKBU1kc0i8ypK3B9ai', '21E3waRsmPlU7jZsS13rcj']"
Goodness Gracious - The Chainsmokers Extended Remix,0x92a1Q003y7I9uo9sjtkE,"['0X2BH1fck6amBIoJhDVmmJ', '69GGBxA162lTqCwzJG5jLp']"
Respect It (with Hit-Boy feat. Young Thug),4QqTDl0Po7cbaZMcGsZmBg,"['0c173mlxpT3dSFRgMO8XPh', '50co4Is1HCEo8bhOyUWKpn']"
How Deep Is Your Love - DJ Snake Remix,2mQ7KmAI8gFLH3baaDXc6o,"['7CajNmpbOovFoOoasH2HaY', '540vIaP2JwjQb9dm3aArA4']"
My Friend,7KDBSl1GZqrf8wEuFpI3L0,"['2PSJ6YriU7JsFucxACpU7Y', '2u7CP5T30c8ctenzXgEV1W']"
Super Gremlin - David Guetta Trap House Mix,2V1VtN40USvW2d4YcnoeiX,"['46SHBwWsqBkxI7EeeBEQG7', '1Cs0zKBU1kc0i8ypK3B9ai']"
Anywhere,381rMi03g10XRTZJXGu0SR,"['0P2bZXPyjHYRW4guHVAFl1', '1sKIizVYeHkGy7Tjmn9QRj']"
Brother (with Post Malone & YoungBoy Never Broke Again),5OxrXYZ7f57OH0tvyPFNCr,"['0QHgL1lAIqAw0HtD7YldmP', '246dkjvS1zLTtiykXe5h60', '7wlFDEWiM5OoIAt8RSli8b']"
Know Your Name,0yfYUGzV87RY1MaolSXVe8,"['3fjs4zbBFxEFFe8Wyojo0G', '2KjxvxgJvbwweNVRMSuIRG']"
"LA (feat. Kendrick Lamar, Brandy & James Fauntleroy)",4FRKDyexVDdFBnRlYWw8bj,"['7c0XG5cIJTrrAgEC3ULPiq', '2YZyLoL8N0Wb9xBt1NhZWg']"
Bum Bum Tam Tam - Tiësto & SWACQ Remix,3QeAEAsvcn0QlqVE7cMTvD,"['1RyvyyTE3xzB2ZywiAwp0i', '2o5jDhtHVPhrJdv3cEQ99Z']"
I'm Leanin',4dI2Mqmz4YSlExCtIgdM0R,"['20sxb77xiYeusSH8cVdatc', '0Y5tJX1MQlPlqiwlOH1tJY']"
Gold Dust - ILLENIUM 2015 Remix,31xpBcHJen3t4zJz02dO1U,"['4sTQVOfp9vEMCemLw50sbu', '45eNHdiiabvmbp4erw26rg']"
Hungry Heart ft. Hayley Kiyoko,6JqJ2DMu7B2PddAdNAVmYy,"['77AiFEVeAVj2ORpC85QVJs', '4sTQVOfp9vEMCemLw50sbu']"
Body Back (feat. Maia Wright) - MitiS Remix,37sWwiGlP1d9ubNd1fpI56,"['2ZRQcIgzPCVaT9XKhXZIzh', '16yUpGkBRgc2eDMd3bB3Uw']"
Enormous (feat. Ty Dolla $ign),17HlhTU351nr8MncIGppDk,"['13y7CgLHjMVRMDqxdx0Xdo', '7c0XG5cIJTrrAgEC3ULPiq']"
"Big Picture (feat. Gunna, Dremo & A Boogie Wit Da Hoodie)",5BiGfGgWq4CMHmFp5cRIqm,"['2hlmm7s2ICUX0LVIhVFlZQ', '31W5EY0aAly4Qieq6OFu6I']"
Say It To Me,1YeNK6CZfTOjphogqF6ois,"['4OaSyxqlkp7aVpAZwF02QZ', '1sKIizVYeHkGy7Tjmn9QRj']"
When The Lions Come,06P0q7wYr1S1fqrkewX03G,"['50JJSqHUf2RQ9xsHs0KMHg', '4xRYI6VqpkE3UwrDrAZL8L']"
Flood Watch (feat. Offset),1oJy4Imge6M4SoJlHwMWP7,"['5gCRApTajqwbnHHPbr2Fpi', '4DdkRBBYG6Yk9Ka8tdJ9BW']"
Past Life (with Selena Gomez & Lil Mosey) [Remix],59pX1TodReNlBsHeOY4wZZ,"['0C8ZW7ezQVs4URX5aX7Kqx', '5zctI4wO9XSKS8XwcnqEHk']"
"Cuddy Buddy (feat. Trey Songz, Twista and Lil Wayne) - Remix",2AtD3bKq0VGdmBGNeOxNoi,"['55Aa2cqylxrFIXC767Z865', '2iojnBLj0qIMiKPvVhLnsH']"
Falling For You,6EW5mHMHEcsL1RSpy1HQ6p,"['4OaSyxqlkp7aVpAZwF02QZ', '3RTklnRcfHgkQJwFpgOq3t']"
10 Bracelets (feat. YoungBoy Never Broke Again),6j1yZ1TvLw9pV7zCM3ylfK,"['17lzZA2AlOHwCwFALHttmp', '7wlFDEWiM5OoIAt8RSli8b']"
Mean Mug,6AHqxRsQ8BJAO5qqfpF2zz,"['6GMYJwaziB4ekv1Y6wCDWS', '3q7HBObVc0L8jNeTe5Gofh']"
Backwards (feat. Meek Mill),4Aw3DJWMTGXVgAdAzAAI02,"['13y7CgLHjMVRMDqxdx0Xdo', '20sxb77xiYeusSH8cVdatc']"
Birthday,7s8otxXdvz2ypDs6JpO5jJ,"['13y7CgLHjMVRMDqxdx0Xdo', '0z4gvV4rjIZ9wHck67ucSV']"
Show Time (feat. Xxxtentacion),3TgcdjFuM4pnyBgiSm2X3x,"['5gCRApTajqwbnHHPbr2Fpi', '15UsOTVnJzReFVN1VCnxy4']"
Hot Boy Bling (feat. Jack Harlow & Lil Durk),3qTHxCUwefoOR0jiwCRcQN,"['2LIk90788K0zvyj2JJVwkJ', '3hcs9uc56yIGFCSy9leWe7']"
Let It Show,2s9ooX0PL15cdpUv1LnDn9,"['5LHRHt1k9lMyONurDHEdrp', '6l3HvQ5sa6mXTsMTB19rO5']"
Giant (with Rag'n'Bone Man) - Audien Remix,43IWqSUbgHujwQ6YFGVPth,"['7CajNmpbOovFoOoasH2HaY', '4xnMDfgEmXZEEDdITKcGuE']"
Nolia (feat. Kevin Gates),0oK6aZFtGPCCQ83lChpGO3,"['6icQOAFXDZKsumw3YXyusw', '1gPhS1zisyXr5dHTYZyiMe']"
Zanies and Fools,5G3KW2F4wG36rSD92z8lNf,"['1anyVhU62p31KFi8MEzkbf', '0hCNtLu0JehylgoiP8L4Gh']"
Word Hard Play Hard (Remix),49qnK1pEbTI80fqtuqRfdj,"['137W8MRPWKqSmrBGDBFSop', '55Aa2cqylxrFIXC767Z865']"
Hate It When It's You (feat. Trella),0FPZUUzRRCr08y4lMSeM7x,"['20lmiQy576CSBPz0VJHmnC', '4YpLN8ZByubASuWnxWokRT']"
No. 1,5yP0HRSiXK9WKIq7pVzU57,"['1sBkRIssrMs1AbVkOJbc7a', '2iojnBLj0qIMiKPvVhLnsH']"
Homicide (feat. Snoop Dogg),2BTRzs5heMlLH4fVqxOBF0,"['1RyvyyTE3xzB2ZywiAwp0i', '7hJcb9fa4alzcOq3EaNPoG']"
My Momma (feat. Wiz Khalifa),0ZZWXHDXn6zWDsnz6KSfGQ,"['1RyvyyTE3xzB2ZywiAwp0i', '137W8MRPWKqSmrBGDBFSop']"
Red Beam (feat. Sean Kingston),0rLzU8Ix6WcXZJdlAKIH2r,"['6Xgp2XMz1fhVYe7i6yNAax', '6S0dmVVn4udvppDhZIWxCr']"
Changed (feat. Big Sean),0P4eZjsvrnwmWqTO8xUlCT,"['13y7CgLHjMVRMDqxdx0Xdo', '0c173mlxpT3dSFRgMO8XPh']"
Yamaha Mama,2d1ZXq3UxOrzGeDgueLNnv,"['6GMYJwaziB4ekv1Y6wCDWS', '6S0dmVVn4udvppDhZIWxCr']"
"Black Grammys (feat. Meek Mill, Rockie Fresh & J. Cole)",24YCerV2ylANHz7uiCzX5M,"['6l3HvQ5sa6mXTsMTB19rO5', '20sxb77xiYeusSH8cVdatc']"
OMG,3o9eOgL6kiOzHCRhPBcNP9,"['5eIbEEQnDM8yuDVB0bimSP', '3MZsBdqDrRTJihTHQrO6Dq', '15iVAtD3s3FsQR4w1v6M0P']"
Ride Da Night (feat. Polo G & TeeJay3k),26GO7k359YeN8Q1FgqZ7Yp,"['1gPhS1zisyXr5dHTYZyiMe', '6AgTAQt8XS6jRWi4sX7w49']"
Heavenly Hell (ft. Ne-Yo),37lbQkTnqNQ2H3mGvhh7AE,"['77AiFEVeAVj2ORpC85QVJs', '21E3waRsmPlU7jZsS13rcj']"
That Tree,4HC13oxSHOqA092lFbRnyW,"['7hJcb9fa4alzcOq3EaNPoG', '0fA0VVWsXO9YnASrzqfmYu']"
Florida Boy (feat. T-Pain & Kodak Black),07TpaOs25YRFTrdTnOXgTE,"['1sBkRIssrMs1AbVkOJbc7a', '46SHBwWsqBkxI7EeeBEQG7']"
5 Mo,683HeDqckmg48ndoSYHEMe,"['0Y5tJX1MQlPlqiwlOH1tJY', '3hcs9uc56yIGFCSy9leWe7']"
Set Yourself Free,1wjnBlO0JevbBAUlOBlwxg,"['2o5jDhtHVPhrJdv3cEQ99Z', '0Cd6nHYwecCNM1sVEXKlYr']"
Lucky Ones,4bLtFoV0u91AafsN5iZuuc,"['20lmiQy576CSBPz0VJHmnC', '4OaSyxqlkp7aVpAZwF02QZ']"
Why Oh Why,2WCIGoKDaCCtqY4aZqmliQ,"['6S0dmVVn4udvppDhZIWxCr', '7wlFDEWiM5OoIAt8RSli8b']"
Wake Up In It,4Teu91R8V4Fi393jVbLzly,"['5LHRHt1k9lMyONurDHEdrp', '6S0dmVVn4udvppDhZIWxCr']"
Marry The Night - The Weeknd & Illangelo Remix,5bfivmKwgSni611w5gmAFa,"['1HY2Jd0NmPuamShAr6KMms', '1Xyo4u8uXC1ZmMpatF05PJ']"
SET ME FREE (ARMNHMR Remix) (ENG),6rEskoR1IPe8099gp8N5AL,"['7n2Ycct7Beij7Dj7meI4X0', '0P2bZXPyjHYRW4guHVAFl1']"
Wave,29OiPJCL8X2LVvFhkGh7M5,"['738wLrAtLtCtFOLvQBXOXp', '1U1el3k54VvEUzo3ybLPlM']"
PULL UP GHOST-CLAN - feat. 2 Chainz,4iIP8R7F5UUthE6M0JnHFx,"['15iVAtD3s3FsQR4w1v6M0P', '17lzZA2AlOHwCwFALHttmp']"
Back 2 Life (Live It Up) (feat. T.I.),7LrgiRjCm2oKcuJGbmk0pg,"['6S0dmVVn4udvppDhZIWxCr', '4OBJLual30L7gRl5UkeRcT']"
Mami (feat. Sexyy Red),0udkRd0NA3M1oTX7fiImEM,"['50co4Is1HCEo8bhOyUWKpn', '3DbwFQlvLxRSi2uX8mf81A']"
Lighter - Acoustic Version,6SqIXocvZ3NnZWjwqwQif9,"['4sTQVOfp9vEMCemLw50sbu', '5Rl15oVamLq7FbSb0NNBNy']"
Here With Me (feat. Nevve),1WvI0h6oiI3mNgbqPRGc50,"['0P2bZXPyjHYRW4guHVAFl1', '3RTklnRcfHgkQJwFpgOq3t']"
IT'S YOU - ARMNHMR Remix,6EmRDtmAq556gtaj0rOjsW,"['3pc0bOVB5whxmD50W79wwO', '0P2bZXPyjHYRW4guHVAFl1']"
Feel Me (feat. Kanye West),0tEcSP5F6BP04gleb2hRnj,"['5LHRHt1k9lMyONurDHEdrp', '5K4W6rqBFWDnAN6FQUkS6x']"
Goodbye Friend (feat. The Script),59naFBAHqgOUBzTTSCjYOK,"['1Cs0zKBU1kc0i8ypK3B9ai', '3AQRLZ9PuTAozP28Skbq8V']"
Bendito,69OfF5CtfG0KX1VjEzQMdA,"['5R3Hr2cnCCjt220Jmt2xLf', '6ASri4ePR7RlsvIQgWPJpS']"
JEEZU (feat. Adekunle Gold) - From The Motion Picture Soundtrack “The Book Of Clarence”,2tHD1q2MnjtlLu7M75KWtb,"['5cj0lLjcoR7YOSnhnX0Po5', '46SHBwWsqBkxI7EeeBEQG7']"
Stop Playing (feat. Gunna),6hv5exKssaEbXMexDrC45M,"['181bsRPaVXVlUKXrxwZfHK', '2hlmm7s2ICUX0LVIhVFlZQ']"
Another Day,453aXA95IfbDcr21kTWfLR,"['16yUpGkBRgc2eDMd3bB3Uw', '1sKIizVYeHkGy7Tjmn9QRj']"
Bussin' Out (feat. Lil Mosey & Ty Dolla $ign),051wxeXE87LXRKkWmNSBKD,"['5zctI4wO9XSKS8XwcnqEHk', '7c0XG5cIJTrrAgEC3ULPiq']"
Free the Madness (feat. Machine Gun Kelly),6DVdPhPZLyKerEivsLbQHM,"['77AiFEVeAVj2ORpC85QVJs', '6TIYQ3jFPwQSRmorSezPxX']"
Sweeter Scars,5gqsRd3x46C7dkVDNPIQ6H,"['4xRYI6VqpkE3UwrDrAZL8L', '6Xgp2XMz1fhVYe7i6yNAax']"
Ziploc (feat. Kevin Gates),7J8Qck2QHGRGAdUdVMhZHO,"['17lzZA2AlOHwCwFALHttmp', '1gPhS1zisyXr5dHTYZyiMe']"
First Chain,6RGGi6UDemTjKwtAsIRBHv,"['0c173mlxpT3dSFRgMO8XPh', '0fA0VVWsXO9YnASrzqfmYu']"
Been Ballin (feat. Lil Uzi Vert),2NphztefpybiUgnaF0YVNB,"['77AiFEVeAVj2ORpC85QVJs', '4O15NlyKLIASxsJ0PrXPfz']"
Trap (feat. Gucci Mane & Peewee Longway),2Ci1IPcUywXUSyqdj10mke,"['5gCRApTajqwbnHHPbr2Fpi', '13y7CgLHjMVRMDqxdx0Xdo']"
Yeah Yeah (feat. 50 Cent and Murda Beatz),3OvNXm7fnRtTAwi1mYiotJ,"['31W5EY0aAly4Qieq6OFu6I', '3q7HBObVc0L8jNeTe5Gofh']"
what if we both loved each other still?,7bTrKXKGFsfzBbFyEw1z5g,"['1AhjOkOLkbHUfcHDSErXQs', '0HS00NN7MAfF59aJnfcxSO']"
No Weakness,1nQlazTJLexYTXRTqjDMj7,"['137W8MRPWKqSmrBGDBFSop', '4OBJLual30L7gRl5UkeRcT']"
Lifestyle - David Guetta Slap House Mix,2V6kfyM7BgRcfwRSVHZk7t,"['4bYPcJP5jwMhSivRcqie2n', '1Cs0zKBU1kc0i8ypK3B9ai']"
Kingpin (feat. Big Sean),02avuLiHCe05rmWUxSAjLU,"['5eIbEEQnDM8yuDVB0bimSP', '0c173mlxpT3dSFRgMO8XPh']"
Root Beer Float,3bA30uvYoSwHYFW4IOO2O4,"['1QRj3hoop9Mv5VvHQkwPEp', '2cFrymmkijnjDg9SS92EPM']"
Wop Longway Takeoff (feat. Peewee Longway & Takeoff),3Z2KQHeBBzMuIgx4jYtACB,"['13y7CgLHjMVRMDqxdx0Xdo', '3EW0kQ1skZiK1NHg3Spt9J']"
Alive - MitiS Remix,5onYmZFB0j6NtMfbXfADhI,"['7lZauDnRoAC3kmaYae2opv', '16yUpGkBRgc2eDMd3bB3Uw']"
Omen - Dillon Francis Remix,40sglh34jX7N1LlhqRF029,"['2wY79sveU1sp5g7SokKOiI', '5R3Hr2cnCCjt220Jmt2xLf']"
Wildfire,3SwGckHGs2JAMsRMOsYfN4,"['3L7JnVovGbYSUmRyqhXMYO', '3RTklnRcfHgkQJwFpgOq3t']"
Die For a Man (feat. Lil Uzi Vert) - Galantis Remix,73sE2IPYKcAvcz4Cd0pe1d,"['4O15NlyKLIASxsJ0PrXPfz', '4sTQVOfp9vEMCemLw50sbu']"
You - Tiësto vs. Twoloud Radio Edit,5kC6r4q71XMzsuLAYesseb,"['4sTQVOfp9vEMCemLw50sbu', '2o5jDhtHVPhrJdv3cEQ99Z']"
Starfall - Trivecta Remix,3K7fjBc8sXoSW4f0YpsKb3,"['45eNHdiiabvmbp4erw26rg', '4AT7XlLBevgZIiKvZQ83ye']"
Satellites (feat. Wiz Khalifa) - HPG Remix,2EssfYDdW7CYt3Pn3kym9R,"['1gPhS1zisyXr5dHTYZyiMe', '137W8MRPWKqSmrBGDBFSop']"
One More,01bEpdG1KZdaUZt3t1WH8Z,"['21E3waRsmPlU7jZsS13rcj', '4OBJLual30L7gRl5UkeRcT']"
Big Burna,3cmPUqi8Dnv1a9MRjgMZGa,"['6KZDXtSj0SzGOV705nNeh3', '137W8MRPWKqSmrBGDBFSop']"
Nasty XXX Remix (feat. Tyga),5OHxVP5lTk1ZdKEXORPyIA,"['0NIIxcxNHmOoyBx03SfTCD', '5LHRHt1k9lMyONurDHEdrp']"
Deep Blue - Nurko Remix,3XiXQ42tLgjSL1QkfLJZQ5,"['7d5SfGXKpgS3JK8BFIq59h', '757FXqX0Osk2pqtgv4E5v4']"
"NOT THE SAME - from the Short Film ""Red Clay""",5YELnX75GMz61JEwW0uhTr,"['17lzZA2AlOHwCwFALHttmp', '21E3waRsmPlU7jZsS13rcj']"
Show You,7yklapDwpqEYdmzQHjL9qV,"['5LHRHt1k9lMyONurDHEdrp', '1RyvyyTE3xzB2ZywiAwp0i']"
top priority (with Ne-Yo),3EAmqB8YX7xJEoE7dB2V4N,"['2cFrymmkijnjDg9SS92EPM', '21E3waRsmPlU7jZsS13rcj']"
Body Work,0hoLOtGo7DfKO8R3HsBySf,"['20sxb77xiYeusSH8cVdatc', '5gCRApTajqwbnHHPbr2Fpi']"
Falling Apart - Crankdat Remix,3eo5GvC0QLlf7ARbAoxqzC,"['0P2bZXPyjHYRW4guHVAFl1', '5lCekoJW9jNq01B1wiqdAb']"
More/Diamond Ring (feat. Ty Dolla $ign & 6LACK),0v56EFhzpi5Gs5zeGx3IGO,"['5CiGnKThu5ctn9pBxv7DGa', '7c0XG5cIJTrrAgEC3ULPiq']"
Memory - Said The Sky Remix,3RqFg3J52mvy7TxTUipuCr,"['2cFrymmkijnjDg9SS92EPM', '4LZ4De2MoO3lP6QaNCfvcu']"
Titans,7r47ocAa1LzFiu5O9tCaU3,"['738wLrAtLtCtFOLvQBXOXp', '5WUlDfRSoLAfcVSX1WnrxN']"
Everything (Remix),7HNtydhUbPpFBa9Irqje3a,"['4O15NlyKLIASxsJ0PrXPfz', '1anyVhU62p31KFi8MEzkbf']"
Murda,1j9efP0QwTcXdORHXgEgSe,"['6f4XkbvYlXMH0QgVRzW0sM', '15iVAtD3s3FsQR4w1v6M0P']"
What U Want,4wOyrbNG5eEv5ZF5oVqHtX,"['5LHRHt1k9lMyONurDHEdrp', '6AMd49uBDJfhf30Ak2QR5s']"
At The Top (with Kodak Black & Mustard),4buaMK8tYXGF7Ca3u8iLtE,"['6AMd49uBDJfhf30Ak2QR5s', '46SHBwWsqBkxI7EeeBEQG7']"
In The End - Hoang Remix,7gCrggsbqbxenPA3F3IrYj,"['7lZauDnRoAC3kmaYae2opv', '2KjxvxgJvbwweNVRMSuIRG']"
Drop,4NM2hkdVh3lvvu5HkWDhKH,"['5fMUXHkw8R8eOP2RNVYEZX', '540vIaP2JwjQb9dm3aArA4']"
Don't Like Me (feat. Don Toliver & Gucci Mane),4U1EoTpL6rVEFpdhQgTHP2,"['4Gso3d4CscCijv0lmajZWs', '13y7CgLHjMVRMDqxdx0Xdo']"
God Is A Dancer - Cheyenne Giles & Knock2 Remix,1V3WzyG1pYRlWHtbT5XYH6,"['2o5jDhtHVPhrJdv3cEQ99Z', '6mmSS7itNWKbapgG2eZbIg']"
I’m Fine,0vjM6S5UDxcIFmCWyAamid,"['7d5SfGXKpgS3JK8BFIq59h', '3RTklnRcfHgkQJwFpgOq3t']"
ON UR MIND,3Ci0JKVWZ4vldEs9KMlkfy,"['21E3waRsmPlU7jZsS13rcj', '2HPaUgqeutzr3jx5a9WyDV']"
Natural Light - San Holo Remix,30rPl6UcJOKEInmkkdgyBw,"['3dz0NnIZhtKKeXZxLOxCam', '0jNDKefhfSbLR9sFvcPLHo']"
High - Crankdat Remix,12xP1mvjsvxpBCaHIUm0qP,"['69GGBxA162lTqCwzJG5jLp', '5lCekoJW9jNq01B1wiqdAb']"
Outstanding (feat. Roddy Ricch),6mHovxhhIwWZXvBJ5IxCJD,"['17lzZA2AlOHwCwFALHttmp', '757aE44tKEUQEqRuT6GnEB']"
glo_up (feat. Rick Ross),1WtrCehjHjTwXgUZkIUvGj,"['2cFrymmkijnjDg9SS92EPM', '1sBkRIssrMs1AbVkOJbc7a']"
Thank God (feat. 21 Savage),41HpTT6WKr8GO2JSceezuv,"['4OBJLual30L7gRl5UkeRcT', '1URnnhqYAYcrqrcwql10ft']"
"1Night (feat. PARTYNEXTDOOR, 21 Savage & Murda Beatz)",2uZUFhEOjWOUHSoxmrlzMt,"['2HPaUgqeutzr3jx5a9WyDV', '1URnnhqYAYcrqrcwql10ft']"
U Don't Know - Slander Remix,0bp9B38gfKhOxUx1CUu4Ph,"['11gWrKZMBsGQWmobv3oNfW', '20DZAfCuP1TKZl5KcY7z3Q']"
Alone (tofû remix),2RIyqr2zmI3CZluWnZuAVf,"['0P2bZXPyjHYRW4guHVAFl1', '6d0ZjIp5L7Ygy2l02HskRX']"
Lifestyle (feat. Kodak Black & Kevin Gates),7pN2yxjEd1KdNzXdy8an9W,"['46SHBwWsqBkxI7EeeBEQG7', '1gPhS1zisyXr5dHTYZyiMe']"
Remember Me (Intro) (from the series Arcane League of Legends),70w0Y7Vmjnk7N8lHJqhGnI,"['5y8tKLUfMvliMe8IKamR32', '47mIJdHORyRerp4os813jD']"
Eyez Closed,618SCcvs6hddN0W5ArmQnQ,"['7hJcb9fa4alzcOq3EaNPoG', '5K4W6rqBFWDnAN6FQUkS6x']"
Before You,79dEBxJKtNxQQ7MPfl1NvS,"['6fcTRFpz0yH79qSKfof7lp', '3ppkM4QtM781APpaX7H9t7']"
Champagne (feat. Dia Frampton),4YhBZIIlX40RCfvDcxbvNF,"['20lmiQy576CSBPz0VJHmnC', '3ppkM4QtM781APpaX7H9t7']"
Set Me Free,0r5EDdtVbAhXW988ZsLQnd,"['5R3Hr2cnCCjt220Jmt2xLf', '60d24wfXkVzDSfLS6hyCjZ']"
The Feeling - SABAI Remix,2JdtZB9n8uipRhKIyVV1rd,"['2ZRQcIgzPCVaT9XKhXZIzh', '4OaSyxqlkp7aVpAZwF02QZ']"
Retraced,7CvgfJoj4aw6thesUvfHtT,"['757FXqX0Osk2pqtgv4E5v4', '1sKIizVYeHkGy7Tjmn9QRj']"
Losing You,1NfOnC0iMYQtzyu9wnDdw4,"['20lmiQy576CSBPz0VJHmnC', '2KjxvxgJvbwweNVRMSuIRG']"
MONEYFLY,3vOzPs1jetSCO3BnkQGZ4Y,"['5gCRApTajqwbnHHPbr2Fpi', '1sBkRIssrMs1AbVkOJbc7a']"
Marry The Night - Zedd Remix,3acHQsIoaXtCPX96CDgivm,"['1HY2Jd0NmPuamShAr6KMms', '2qxJFvFYMEDqd7ui6kSAcq']"
Tryna' Tryna',5t9dMIzkwXlJzJxTUjMMYN,"['3hcs9uc56yIGFCSy9leWe7', '4xRYI6VqpkE3UwrDrAZL8L']"
Hysteria (feat. Matthew Koma),7Jz1NLz3hMWWfcQ1M9M6PS,"['77AiFEVeAVj2ORpC85QVJs', '1mU61l2mcjEFraXZLpvVMo']"
SLOPES,6d9toX1QCK6w2eIagLm8fa,"['4DdkRBBYG6Yk9Ka8tdJ9BW', '4qcKNkdxUidhvUByB2eQ6g']"
Desperado - Fairlane Remix,3VGO7NyrWzTJaXqpN6IDbW,"['5pKCCKE2ajJHZ9KAiaK11H', '3L7JnVovGbYSUmRyqhXMYO']"
It's Secured (feat. Nas & Travis Scott),56uTIyBsxLQIYgF765A2aM,"['0QHgL1lAIqAw0HtD7YldmP', '0Y5tJX1MQlPlqiwlOH1tJY']"
Start Dyin,5W9lZvCYgDESkJrO9pquwX,"['1URnnhqYAYcrqrcwql10ft', '4DdkRBBYG6Yk9Ka8tdJ9BW']"
It Ain't Me (feat. Akon & T.I.),1zmfW6fidkNzHhJ5mwsGlR,"['0z4gvV4rjIZ9wHck67ucSV', '4OBJLual30L7gRl5UkeRcT']"
Free,5Y4L2jaSYxvPlhz6T8HRAl,"['5R3Hr2cnCCjt220Jmt2xLf', '4AVFqumd2ogHFlRbKIjp1t']"
Fallen (feat. Desiree Dawson) (WILLIAM BLACK Remix),7eurOgoz8MJB50prrw3Sv5,"['0P2bZXPyjHYRW4guHVAFl1', '7d5SfGXKpgS3JK8BFIq59h']"
Temptation,2YnhRPSxOZmhqG2cFxoP4j,"['6f4XkbvYlXMH0QgVRzW0sM', '5gCRApTajqwbnHHPbr2Fpi']"
Would I Lie to You - Cash Cash Remix,5ui8aAJN6W7dvE8hR2OhZS,"['1Cs0zKBU1kc0i8ypK3B9ai', '1LOB7jTeEV14pHai6EXSzF']"
100's,0z6Q1XfGXFUwYw7CH3ONDS,"['5LHRHt1k9lMyONurDHEdrp', '15iVAtD3s3FsQR4w1v6M0P']"
Let You Go - Sebastian Ingrosso & Desembra Remix,67W4eWSsdTXrr4ll8T55n3,"['5fMUXHkw8R8eOP2RNVYEZX', '6hyMWrxGBsOx6sWcVj1DqP']"
Gift Shop (feat. Gunna),3rvEfZJr85MYk2hgiOtfoF,"['23zg3TcAtWQy7J6upgbUnj', '2hlmm7s2ICUX0LVIhVFlZQ']"
Stay Hood,5sSYyrD16pCgT8t1fdlRQT,"['6f4XkbvYlXMH0QgVRzW0sM', '55Aa2cqylxrFIXC767Z865']"
Thrilla,2ePOVtay20vRQ33E1k1Qft,"['76M2Ekj8bG8W7X2nbx2CpF', '04p1jV00pBnrmh2rKl0jnT']"
Do It Again,6tjxsNiHSu2XhtTwlIauIG,"['2YZyLoL8N0Wb9xBt1NhZWg', '137W8MRPWKqSmrBGDBFSop']"
Every City We Go (feat. Migos),0xAwYzidY55B2fMmZfB4bk,"['6KZDXtSj0SzGOV705nNeh3', '6oMuImdp5ZcFhWP0ESe6mG']"
About Mine (feat. Trey Songz),1iYjPJ1qNx32fpklBTs7Sn,"['6KZDXtSj0SzGOV705nNeh3', '2iojnBLj0qIMiKPvVhLnsH']"
Hot Thing (feat. A$AP Rocky),3JxDy5oyoxfjDZQBcuQErB,"['23zg3TcAtWQy7J6upgbUnj', '13ubrt8QOOCPljQ2FL1Kca']"
Lay Me Down - Tiësto Remix,6PnOQ9AXbIMq6OaZIif0IE,"['2wY79sveU1sp5g7SokKOiI', '2o5jDhtHVPhrJdv3cEQ99Z']"
Wild And Broken (feat. RBBTS),6TrbnvmGeF0VSK7QDft7I0,"['6fcTRFpz0yH79qSKfof7lp', '4AT7XlLBevgZIiKvZQ83ye']"
B-Boyz,5AWOz7ybCQzX3npdBZqrv8,"['2YZyLoL8N0Wb9xBt1NhZWg', '0QHgL1lAIqAw0HtD7YldmP']"
I'm Still,3U5IeFNAHpUMdeh83CQb2n,"['0QHgL1lAIqAw0HtD7YldmP', '137W8MRPWKqSmrBGDBFSop']"
Bali Remix (feat. NAV & 2 Chainz) - Remix,2lrfggz3bEjjjEzQiMnB2p,"['7rkW85dBwwrJtlHRDkJDAC', '17lzZA2AlOHwCwFALHttmp']"
Ali Bomaye,27EADqke2eSZn6xwhq5BJC,"['17lzZA2AlOHwCwFALHttmp', '1sBkRIssrMs1AbVkOJbc7a']"
Sex with Me,7GKT7aF5Y8DrZM3Eq1Q6lC,"['5pKCCKE2ajJHZ9KAiaK11H', '2iojnBLj0qIMiKPvVhLnsH']"
CRZY (feat. A Boogie Wit da Hoodie) - Remix,4EUm8aDycSmQ3skodeQxhg,"['0cGUm45nv7Z6M6qdXYQGTX', '31W5EY0aAly4Qieq6OFu6I']"
Almost Home - MitiS Remix,2ddJ5eXea7HzGwAC745jOr,"['10gzBoINW3cLJfZUka8Zoe', '16yUpGkBRgc2eDMd3bB3Uw']"
What’s My Name (with Queen Naija & Coi Leray),7jwrYkG9VLzbZ4E7c25UUZ,"['14CHVeJGrR5xgUGQFV5BVM', '6AMd49uBDJfhf30Ak2QR5s']"
Over And Over Again - Elephante Uptempo Radio Version,1fdbAbRm7QS0DRUZ1n3Zql,"['66CXWjxzNUsdJxJ2JdwvnR', '3fjs4zbBFxEFFe8Wyojo0G']"
On & On (feat. Tory Lanez & Belly),7DWIbNQklCxk329kZpW6so,"['5gCRApTajqwbnHHPbr2Fpi', '2jku7tDXc6XoB6MO2hFuqg']"
Water Sign (with Jhené Aiko),62oXwEYWQd8tGZvF6WUOs9,"['2iB8eFB6flwQculkUrRssi', '5ZS223C6JyBfXasXxrRqOk']"
Pop Pop,48reuH21JEQ21sTqcswqwi,"['7hJcb9fa4alzcOq3EaNPoG', '4r63FhuTkUYltbVAg5TQnk']"
Still Selling Dope (feat. Fetty Wap),62kbceNRgwbVSnNs3kg8OU,"['13y7CgLHjMVRMDqxdx0Xdo', '6PXS4YHDkKvl1wkIl4V8DL']"
Earth (feat. Future),3w4lWSjJCUMPRGynwxQlw1,"['4LLpKhyESsyAXpc4laK94U', '1RyvyyTE3xzB2ZywiAwp0i']"
Shoebox (feat. NAV),1WjHVakCJweDgwfTBkrO7b,"['13y7CgLHjMVRMDqxdx0Xdo', '7rkW85dBwwrJtlHRDkJDAC']"
Face Power (feat. Jackson Wang),4XL1KLh5a2tPMwVkew6Jil,"['07ZhipyrvoyNoJejeyM0PQ', '1kfWoWgCugPkyxQP8lkRlY']"
Friends & Foes (feat. Snoop Dogg),0XuJLI6vsqoqwteAaiFUvI,"['07ZhipyrvoyNoJejeyM0PQ', '7hJcb9fa4alzcOq3EaNPoG']"
Ballin (feat. Kanye West),0buyhEEXmVoNHeq0Pc9Vz5,"['5gCRApTajqwbnHHPbr2Fpi', '5K4W6rqBFWDnAN6FQUkS6x']"
Lil Niggaz (feat. Migos & Cash Out),08muiy8rHplpN7d46yloTO,"['3hcs9uc56yIGFCSy9leWe7', '6oMuImdp5ZcFhWP0ESe6mG']"
Push Up (feat. Trippie Redd),3KBx7XYQcsm4sr4zs5f55j,"['21E3waRsmPlU7jZsS13rcj', '6Xgp2XMz1fhVYe7i6yNAax']"
Back To Earth (feat. Fall Out Boy) - The Chainsmokers Remix,3eRLsXrQcqkW4TRGnaEziv,"['77AiFEVeAVj2ORpC85QVJs', '69GGBxA162lTqCwzJG5jLp']"
Murcielago (Doors Go Up),6LDMr184ybCLqTxL1EcjVF,"['0QHgL1lAIqAw0HtD7YldmP', '20sxb77xiYeusSH8cVdatc']"
Petty,5JO47eSYutphhfNdSmqSvR,"['17lzZA2AlOHwCwFALHttmp', '3q7HBObVc0L8jNeTe5Gofh']"
Show Ya P***y (feat. Migos & Juicy J),6CmgJBfGTSz9DVWLQW2xDi,"['6oMuImdp5ZcFhWP0ESe6mG', '5gCRApTajqwbnHHPbr2Fpi']"
Dreamy Dragon,7qEsrWCvoL31GYdzLkBQzm,"['11gWrKZMBsGQWmobv3oNfW', '15iVAtD3s3FsQR4w1v6M0P']"
100,5yOwK21WpwtHR8HrKQi9NH,"['0c173mlxpT3dSFRgMO8XPh', '2YZyLoL8N0Wb9xBt1NhZWg']"
100 Keys,4Ccczpsq59ci35Wrom40Pl,"['0c173mlxpT3dSFRgMO8XPh', '1sBkRIssrMs1AbVkOJbc7a']"
Zobamambafoo (Remix) (feat. Lil Uzi Vert & Lil Yachty),5jwsY4al2m8JMs7KxU70YM,"['4O15NlyKLIASxsJ0PrXPfz', '6icQOAFXDZKsumw3YXyusw']"
"꽃, 바람 그리고 너",2eTSo161LH8Gs3uiCbXvuE,"['7zYj9S9SdIunYCfSm7vzAR', '2PSJ6YriU7JsFucxACpU7Y']"
Glow Up,17gYZsdNpiDhYmnqaELimP,"['0VRj0yCOv2FXJNP47XQnx5', '0QHgL1lAIqAw0HtD7YldmP']"
Hollow,5SPyYYcLcXN7khpxOiqUQU,"['1sKIizVYeHkGy7Tjmn9QRj', '3fjs4zbBFxEFFe8Wyojo0G']"
Wake Up,5S8QwjM8mrw3E5hk03PiJY,"['6CCTvLyIHqUhY6VQizt150', '3L7JnVovGbYSUmRyqhXMYO']"
We Ready (Remix) (Bonus) (feat. Soulja Boy),08zOQzYuTTfFDqM1dgWoMM,"['6oMuImdp5ZcFhWP0ESe6mG', '6GMYJwaziB4ekv1Y6wCDWS']"
V12 (feat. Lil Uzi Vert),3jUlmi5Lx9FfFUziZOv5TP,"['6ASri4ePR7RlsvIQgWPJpS', '4O15NlyKLIASxsJ0PrXPfz']"
Heavenly Side - NGHTMRE Remix,4cU3Hs8L9JyN5m37jmIQx2,"['45eNHdiiabvmbp4erw26rg', '76M2Ekj8bG8W7X2nbx2CpF']"
Chained To The Rhythm (Feat. Lil Yachty),6d1ALLOIkYl3Yft9Tqc5BO,"['6jJ0s89eD6GaHleKKya26X', '6icQOAFXDZKsumw3YXyusw']"
Hot Winter Freestyle (feat. Lil Tjay),4HWrqHGAhhIZF9zX1HiOZq,"['13y7CgLHjMVRMDqxdx0Xdo', '6jGMq4yGs7aQzuGsMgVgZR']"
Without U,7t8uenr283aY3ybrGjEGgI,"['77AiFEVeAVj2ORpC85QVJs', '17lzZA2AlOHwCwFALHttmp']"
Sunshine (feat. Lil Wayne & Childish Gambino),0EzJF2t4mL93gJA0hpVEi7,"['55Aa2cqylxrFIXC767Z865', '73sIBHcqh3Z3NyqHKZ7FOL']"
THE GRAM (feat. Fetty Wap),0FiDhkJe8joEuKuE9nMwcV,"['6fWVd57NKTalqvmjRd2t8Z', '6PXS4YHDkKvl1wkIl4V8DL']"
You Girl,1Cy6Lo8Ges5iIvjB3Fs21j,"['6S0dmVVn4udvppDhZIWxCr', '0z4gvV4rjIZ9wHck67ucSV']"
Don't Make Em Like You,2ADpJiXeo0JwpBvF7x04Ae,"['21E3waRsmPlU7jZsS13rcj', '137W8MRPWKqSmrBGDBFSop']"
"Everything New (feat Chance The Rapper, Wiz Khalifa, Rockie Fresh)",7dsELurFu6DrSMgoSQ4VBh,"['1anyVhU62p31KFi8MEzkbf', '137W8MRPWKqSmrBGDBFSop']"
Here Comes The Night - NGHTMRE Remix,3jKqyskNFx4OpnppbG31G7,"['540vIaP2JwjQb9dm3aArA4', '76M2Ekj8bG8W7X2nbx2CpF']"
IDGAF (Rich Brian & Diablo Remix),0Z7It1O0XUYgKbp5dV6oBo,"['6M2wZ9GZgrQXHCFfjv46we', '2IDLDx25HU1nQMKde4n61a']"
Cry (with John Martin) - Trivecta Remix,3pZTaAHCdNqPcrexRcKaZ6,"['2ZRQcIgzPCVaT9XKhXZIzh', '4AT7XlLBevgZIiKvZQ83ye']"
Been Smokin,7HU0AQ32McpPcpRfRClJU2,"['7hJcb9fa4alzcOq3EaNPoG', '5gCRApTajqwbnHHPbr2Fpi']"
Like a Hott Boyy (feat. Young Thug & Bricc Baby Shitro),6i9g1J7IkXPQGEjX3uOaVd,"['6KZDXtSj0SzGOV705nNeh3', '50co4Is1HCEo8bhOyUWKpn']"
"Ziki Ziki (feat. Lil Baby, Snoop Dogg)",4QjPzMrDf2wQXbsEjvKNe1,"['7hJcb9fa4alzcOq3EaNPoG', '5f7VJjfbwm532GiveGC0ZK']"
On My California,05kyh6IkfisfWjZoVkHFTL,"['2o5jDhtHVPhrJdv3cEQ99Z', '7hJcb9fa4alzcOq3EaNPoG']"
"On It (Feat. Tory Lanez, SOLE, Sik-K)",366h1UKEj15oaXpPpimwsf,"['2jku7tDXc6XoB6MO2hFuqg', '5DIi2JWfQPTKffaVBlIYRn']"
I Love You so Much (feat. Chance the Rapper),6DxqrwlrHERRkUw9yXIGjd,"['0QHgL1lAIqAw0HtD7YldmP', '1anyVhU62p31KFi8MEzkbf']"
Nat King Cole (Unlocked) (feat. Lil Wayne),7c6RtH1KwiYh3GnUEDOpqb,"['3DiDSECUqqY1AuBP8qtaIa', '55Aa2cqylxrFIXC767Z865']"
Maps - Remix,6mOvaY3SnqI6LvzS0bQvzn,"['04gDigrS5kc9YWfZHwBETP', '0c173mlxpT3dSFRgMO8XPh']"
Stuck in The Jungle (with Pop Smoke & Lil Durk),2KowbUkTIw57pMOdijO3xL,"['0eDvMgVFoNV3TpwtrVCoTj', '3hcs9uc56yIGFCSy9leWe7']"
Rider (with Mike WiLL Made-it feat. Quavo & Fetty Wap),5RPwAzTmoGKMjtApWVMlE9,"['0VRj0yCOv2FXJNP47XQnx5', '6PXS4YHDkKvl1wkIl4V8DL']"
Help - Elephante Remix,1kwsuHJ6UvjAL8Y9ItyeS2,"['4sTQVOfp9vEMCemLw50sbu', '3fjs4zbBFxEFFe8Wyojo0G']"
Bless Me,7lmls0KNS2Uhg007Q4jCLS,"['7hJcb9fa4alzcOq3EaNPoG', '13y7CgLHjMVRMDqxdx0Xdo']"
True Colors (feat. Nicki Minaj),3FaXrMlmRi3G02kHrW5mYR,"['137W8MRPWKqSmrBGDBFSop', '0hCNtLu0JehylgoiP8L4Gh']"
Alive - Cash Cash & Kalkutta Remix,5RsbvJQ6q82oc9hyaLEmmV,"['0Cd6nHYwecCNM1sVEXKlYr', '1LOB7jTeEV14pHai6EXSzF']"
"Slide (feat. Wiz Khalifa, Blueface & Lil Tjay) - Remix",3yy0DxlHj5BeXhXuMo6RhK,"['137W8MRPWKqSmrBGDBFSop', '6jGMq4yGs7aQzuGsMgVgZR']"
One Thing,1F3zYRZLJYx3gepuO9gGF7,"['7c0XG5cIJTrrAgEC3ULPiq', '7hJcb9fa4alzcOq3EaNPoG', '6S0dmVVn4udvppDhZIWxCr']"
Tornado,43mQo9Tf7fQRLMD3z4XD48,"['2o5jDhtHVPhrJdv3cEQ99Z', '77AiFEVeAVj2ORpC85QVJs']"
Flames (with ZAYN) (feat. Jungleboi) - Steve Aoki Remix,50kWf5i0sLbTi4NLIloY7Y,"['5ZsFI1h6hIdQRw2ti0hz81', '77AiFEVeAVj2ORpC85QVJs']"
"Embarrassed (feat. Post Malone, Riff Raff & Lil B)",5JRgx6LGav0PEiHaXwzQGS,"['13y7CgLHjMVRMDqxdx0Xdo', '246dkjvS1zLTtiykXe5h60']"
Hey Cutie,4eUJJtvEwDn45jG0gZdLdZ,"['6GMYJwaziB4ekv1Y6wCDWS', '2iojnBLj0qIMiKPvVhLnsH']"
Malibu - Dillon Francis Remix,4IMzr41eYvw4Lho2HcFP7g,"['5YGY8feqx7naU7z4HrwZM6', '5R3Hr2cnCCjt220Jmt2xLf']"
"Lay It All on Me (feat. Big Sean, Vic Mensa & Ed Sheeran) - Rudi VIP Mix",575CT4dkXnkglKOO4y7kZi,"['0c173mlxpT3dSFRgMO8XPh', '6eUKZXaKkcviH0Ku9w2n3V']"
Burning Sky,3iYYsmdrnqfHFM2Pe5Rl3x,"['6CCTvLyIHqUhY6VQizt150', '1sKIizVYeHkGy7Tjmn9QRj']"
All We Get,2sdLCGpvMTedz3m0TcAUwf,"['3fjs4zbBFxEFFe8Wyojo0G', '20lmiQy576CSBPz0VJHmnC']"
Paranoid (Remix),2GlWMriZUpEFCh39H87y1r,"['3hcs9uc56yIGFCSy9leWe7', '1sBkRIssrMs1AbVkOJbc7a']"
"No Plans for Love (with Snoop Dogg, Ne-Yo & Kent Jones) - Remix",6DbnzUiA7HzODAVhFwLmIo,"['21E3waRsmPlU7jZsS13rcj', '7hJcb9fa4alzcOq3EaNPoG']"
Lost Kings (feat. Lil Durk & Sleepy Rose),5Rk4ShHgv4m5BWTGE5ZUfY,"['17lzZA2AlOHwCwFALHttmp', '3hcs9uc56yIGFCSy9leWe7']"
Burnin,7GuM5S03iRc4gBeIbaKz8y,"['0z4gvV4rjIZ9wHck67ucSV', '1gPhS1zisyXr5dHTYZyiMe']"
Kamasutra (feat. Cardi B),5Qgz37spxHOXSlp1p7y1db,"['5gCRApTajqwbnHHPbr2Fpi', '4kYSro6naA4h99UJvo89HB']"
All My Love (feat. Conor Maynard) - Audien Remix,1IWvNdUAo4THFcSBJZ5Urm,"['1LOB7jTeEV14pHai6EXSzF', '4xnMDfgEmXZEEDdITKcGuE']"
New Oldie,6SAXComsf4qqW6dFUsfZgb,"['7hJcb9fa4alzcOq3EaNPoG', '23zg3TcAtWQy7J6upgbUnj']"
Keep It Hundred,2guAtk15O7PNI9FBoz93YF,"['6oMuImdp5ZcFhWP0ESe6mG', '6PXS4YHDkKvl1wkIl4V8DL']"
Diamonds,5Ka27quUKujGsZO9Hnhlvz,"['6l3HvQ5sa6mXTsMTB19rO5', '1sBkRIssrMs1AbVkOJbc7a']"
Get Home (feat. Kid Ink & Quavo),0W9zPhc1TwoyS4oN6S5abl,"['6KZDXtSj0SzGOV705nNeh3', '0VRj0yCOv2FXJNP47XQnx5']"
"Water Leak (feat. Lil Uzi Vert, Sauce Walka & Offset)",3W637NNXs9xsoiizTj0LBr,"['4O15NlyKLIASxsJ0PrXPfz', '4DdkRBBYG6Yk9Ka8tdJ9BW']"
Home - Nurko Remix,4eGwlY1AWPSCzFc2TLHlCB,"['16yUpGkBRgc2eDMd3bB3Uw', '757FXqX0Osk2pqtgv4E5v4']"
Bittersweet Melody - Nurko Remix,3YYqsjVD81zeOhf0grgRxI,"['4LZ4De2MoO3lP6QaNCfvcu', '757FXqX0Osk2pqtgv4E5v4']"
Tonight (It's A Party),2Oo7rXME7AV6YjC7nu4bMe,"['0QHgL1lAIqAw0HtD7YldmP', '6f4XkbvYlXMH0QgVRzW0sM']"
Don't Pay 4 It,22AeLuvKjtbL2ncSnzdpXq,"['0QHgL1lAIqAw0HtD7YldmP', '5LHRHt1k9lMyONurDHEdrp']"
Lit,3M8zBHde8VvwjMvZzU8y9f,"['1URnnhqYAYcrqrcwql10ft', '5gCRApTajqwbnHHPbr2Fpi']"
Daylight (feat. Tory Lanez),741Jg82XCtzJ490Xg60dvU,"['77AiFEVeAVj2ORpC85QVJs', '2jku7tDXc6XoB6MO2hFuqg']"
Slime Them (feat. Lil Yachty),569LAhe1RIYjTxhbIA1v5O,"['14CHVeJGrR5xgUGQFV5BVM', '6icQOAFXDZKsumw3YXyusw']"
No Option,4bjaSLuHCOuxPG9hC1UYI5,"['6MPCFvOQv5cIGfw3jODMF0', '1gPhS1zisyXr5dHTYZyiMe']"
Really Redd (feat. Young Nudy),1XXVVXPlxDqS3jeeW47fwk,"['6MPCFvOQv5cIGfw3jODMF0', '6Xgp2XMz1fhVYe7i6yNAax']"
Run - yetep Remix,6QlsIyb4BYNifWb3dy5AEV,"['2fNr4ldujwq97v1jWeqs8K', '20lmiQy576CSBPz0VJHmnC']"
Wrist (feat. Tory Lanez),3GYDMxGVTLX9ozL2xuIukP,"['76M2Ekj8bG8W7X2nbx2CpF', '2jku7tDXc6XoB6MO2hFuqg']"
Back 2 U (feat. WALK THE MOON) - William Black Remix,5fY8BAhLkBc0clxTksHVkh,"['77AiFEVeAVj2ORpC85QVJs', '7d5SfGXKpgS3JK8BFIq59h']"
Goldie Mack,7N2bnT3Ex7mHwoI1ymD68I,"['6f4XkbvYlXMH0QgVRzW0sM', '13ubrt8QOOCPljQ2FL1Kca']"
MUKKBANG! - REMIX,5ze6MpKEEN6c1kfguekf72,"['4XDi67ZENZcbfKnvMnTYsI', '6UbmqUEgjLA6jAcXwbM1Z9']"
We Make It Bounce (feat. Major Lazer & Stylo G),1ozXTnPnrmgki8hF29tc4y,"['5R3Hr2cnCCjt220Jmt2xLf', '738wLrAtLtCtFOLvQBXOXp']"
Que Que feat. Maluca,5P4QvdBL9aJ3ldf3GpfEy6,"['5R3Hr2cnCCjt220Jmt2xLf', '5fMUXHkw8R8eOP2RNVYEZX']"
Imperium - Dillon Francis Remix,5sj5gye9fsojnLDx6cskIJ,"['4pb4rqWSoGUgxm63xmJ8xc', '5R3Hr2cnCCjt220Jmt2xLf']"
The Right Song - Dillon Francis Remix,2K1Yqf1zmBIFC0mPjwIH86,"['2o5jDhtHVPhrJdv3cEQ99Z', '5R3Hr2cnCCjt220Jmt2xLf']"
Boston,6jFgylfPdERQpA2S1PIWoU,"['6d0ZjIp5L7Ygy2l02HskRX', '3L7JnVovGbYSUmRyqhXMYO']"
Body Parts,4G01rzjr1o5fSoLXDf0lyR,"['6oMuImdp5ZcFhWP0ESe6mG', '6TIYQ3jFPwQSRmorSezPxX']"
Million $ Rings,7biR3bXxJg3A9ZqXUThIh5,"['0VRj0yCOv2FXJNP47XQnx5', '6Xgp2XMz1fhVYe7i6yNAax']"
Peace of Mind - Remix,2LPgrQXyQ97Y25eCVtYof6,"['6S0dmVVn4udvppDhZIWxCr', '2iojnBLj0qIMiKPvVhLnsH']"
I Admit It (feat. 24kGoldn) [NGHTMRE Remix],4sadplAcoiWj0DhSD44E11,"['6fWVd57NKTalqvmjRd2t8Z', '76M2Ekj8bG8W7X2nbx2CpF']"
Nobody,2fM2pJLFbC9aDH4vuAb1gL,"['4OBJLual30L7gRl5UkeRcT', '3q7HBObVc0L8jNeTe5Gofh']"
Recently (feat. 50 Cent),0tSJl27Bb96fIywlhXDQX4,"['13y7CgLHjMVRMDqxdx0Xdo', '3q7HBObVc0L8jNeTe5Gofh']"
Kids (CHYL Remix),3nAjNY806swyaFla0427w8,"['77AiFEVeAVj2ORpC85QVJs', '15HOfHbNWedCAcJ3Cm1mbc']"
In Your Arms (with X Ambassadors) [ARMNHMR Remix],7w6KQeccCFqZZ6VKwECwXD,"['45eNHdiiabvmbp4erw26rg', '0P2bZXPyjHYRW4guHVAFl1']"
Confidence (feat. A$AP Rocky),0RcFZOeIHESVEl0UFu4vxc,"['14CHVeJGrR5xgUGQFV5BVM', '13ubrt8QOOCPljQ2FL1Kca']"
Love Songs (feat. Ne-Yo),0egqFR6kwpegARjqWoxd05,"['14CHVeJGrR5xgUGQFV5BVM', '21E3waRsmPlU7jZsS13rcj']"
"FEAR 2024 (feat. DaBaby, E-40, T.I., Freddie Gibbs, Mike & Keys, & Wallie The Sensai) - REMIX",4GYwwrfN3t3KktsU7VHxN2,"['4r63FhuTkUYltbVAg5TQnk', '4OBJLual30L7gRl5UkeRcT']"
Holding On - yetep Remix,0bim1XsfK5A2uUvg4cEiDh,"['7lZauDnRoAC3kmaYae2opv', '20lmiQy576CSBPz0VJHmnC']"
"Dangerous (Pt. 2) [feat. Trey Songz, Chris Brown & Sam Martin]",0gSuJxAI4cf8FB7qcbCb2i,"['1Cs0zKBU1kc0i8ypK3B9ai', '2iojnBLj0qIMiKPvVhLnsH']"
Top (feat. Soulja Boy),5sfeAzlLq3QB9fj8oe7h0b,"['07ZhipyrvoyNoJejeyM0PQ', '6GMYJwaziB4ekv1Y6wCDWS']"
Nasty (Remix) [feat. Kevin Gates & Young Thug],1YS4HLw6r5zz2vVfShtlYk,"['1gPhS1zisyXr5dHTYZyiMe', '50co4Is1HCEo8bhOyUWKpn']"
I Don't See 'Em,5zcxWL97BHrS8Siu9tYKES,"['0QHgL1lAIqAw0HtD7YldmP', '17lzZA2AlOHwCwFALHttmp']"
Paranoid (with Polo G),0M0OhSuJk1TWEQgvk7J9uV,"['6AMd49uBDJfhf30Ak2QR5s', '6AgTAQt8XS6jRWi4sX7w49']"
Sahara Love - Jason Ross Remix,5LDgqCcIuRG2NtV7tdqNX4,"['10gzBoINW3cLJfZUka8Zoe', '6CCTvLyIHqUhY6VQizt150']"
True North,5xvPLilMWoETqJnsvQThsT,"['0P2bZXPyjHYRW4guHVAFl1', '3ppkM4QtM781APpaX7H9t7']"
Serotonin - Radio Mix,6JhVcTjZjotdDpRdjTZ649,"['4xnMDfgEmXZEEDdITKcGuE', '1mU61l2mcjEFraXZLpvVMo']"
Alive (with Calle Lehmann) - yetep Remix,7McP913j7xmfeQ36Pvc8tR,"['2ZRQcIgzPCVaT9XKhXZIzh', '20lmiQy576CSBPz0VJHmnC']"
Hey Baby (feat. Deb's Daughter),3jIVSR6BXJWOGyYRVeYnMu,"['5fMUXHkw8R8eOP2RNVYEZX', '6KZDXtSj0SzGOV705nNeh3']"
The Edge Of Glory - Porter Robinson Remix,3BlBSvKSLqDdMPyX0tNX0S,"['1HY2Jd0NmPuamShAr6KMms', '3dz0NnIZhtKKeXZxLOxCam']"
Cartier (feat. Meek Mill & Offset),6opRRrpIWshB46Gi0LGijs,"['20sxb77xiYeusSH8cVdatc', '4DdkRBBYG6Yk9Ka8tdJ9BW']"
Try - Fairlane Remix,3aioS1PN2Ec3NeImMMT8ZY,"['16yUpGkBRgc2eDMd3bB3Uw', '3L7JnVovGbYSUmRyqhXMYO']"
Rise To The Top (feat. Trey Songz & Swizz Beatz),1SFwhGdsFAj4jo2pKCf8W2,"['7hJcb9fa4alzcOq3EaNPoG', '2iojnBLj0qIMiKPvVhLnsH']"
KULT ft. Jasiah (Crankdat Remix),5mDAqLMzMI9fxCAb9xqh9m,"['77AiFEVeAVj2ORpC85QVJs', '5lCekoJW9jNq01B1wiqdAb']"
Somebody Else - Remix,3dKY2tPixFuAdQjtr0sK1J,"['23zg3TcAtWQy7J6upgbUnj', '137W8MRPWKqSmrBGDBFSop']"
"Same Ol' Story (feat. Kid Ink, scHoolboy Q, Corey Gunz & Childish Gambino)",0Y2p2KUEswgqkWw0mhKnpC,"['73sIBHcqh3Z3NyqHKZ7FOL', '6KZDXtSj0SzGOV705nNeh3']"
Shotta Luv (feat. 2 Chainz),3QWMEFpgmZZaZSUTPBzbOm,"['6S0dmVVn4udvppDhZIWxCr', '17lzZA2AlOHwCwFALHttmp']"
Neck Shine (feat. Lil Yachty & 21 Savage),7c1idPsU6Cj7fJf3yoggYW,"['1URnnhqYAYcrqrcwql10ft', '6icQOAFXDZKsumw3YXyusw']"
Always - SLANDER Remix,3swcCCL8EBYzL4g6tfdm5r,"['10gzBoINW3cLJfZUka8Zoe', '20DZAfCuP1TKZl5KcY7z3Q']"
GYU (AUGUST 08 feat. Ty Dolla $ign & Bino Rideaux),6UTEBl5Y4imuVfagjc2ZZH,"['2iB8eFB6flwQculkUrRssi', '7c0XG5cIJTrrAgEC3ULPiq']"
I Need a Break (feat. PARTYNEXTDOOR & Chief Keef),3vF2of28wOPD9LniEFZn1Q,"['2HPaUgqeutzr3jx5a9WyDV', '15iVAtD3s3FsQR4w1v6M0P']"
Underneath My Skin - Crankdat Remix,6JrgAMiQvbPcwZOwuK3oH0,"['1sKIizVYeHkGy7Tjmn9QRj', '5lCekoJW9jNq01B1wiqdAb']"
Rich Boy - Said the Sky Remix,2QnHch16qjdZrgKDNY2ddk,"['4sTQVOfp9vEMCemLw50sbu', '4LZ4De2MoO3lP6QaNCfvcu']"
Franklin,5CBgZA0RUEAjTDDT1VSp0l,"['07ZhipyrvoyNoJejeyM0PQ', '4XDi67ZENZcbfKnvMnTYsI']"
Easter (feat. Soulja Boy) - Remix,1avPtWzhbFUsKYjN8i9y8C,"['3hcs9uc56yIGFCSy9leWe7', '6GMYJwaziB4ekv1Y6wCDWS']"
Fuck What Happens Tonight,2UQCJtHBCOX1JuOqCM8Fgt,"['0QHgL1lAIqAw0HtD7YldmP', '7hJcb9fa4alzcOq3EaNPoG']"
Swish (feat. 2 Chainz),5R6jeJMmkK5a3JUOiLxguR,"['6KZDXtSj0SzGOV705nNeh3', '17lzZA2AlOHwCwFALHttmp']"
Whippin A Brick,75qZv8jqdPuvISDJMZgIyd,"['6oMuImdp5ZcFhWP0ESe6mG', '137W8MRPWKqSmrBGDBFSop']"
Clingy (with NAV),0S28c0nBNKskAzdREKORGZ,"['6AMd49uBDJfhf30Ak2QR5s', '7rkW85dBwwrJtlHRDkJDAC']"
Mission Impossible (with Lil Tecca),10H4DkQEDUvb5lioatzHH3,"['6AMd49uBDJfhf30Ak2QR5s', '4Ga1P7PMIsmqEZqhYZQgDo']"
Salute,4jB1kxfGwHSRBIbjczXx3S,"['0c173mlxpT3dSFRgMO8XPh', '14CHVeJGrR5xgUGQFV5BVM']"
Final Boss - Dillon Francis Remix,1blT6I6745duHsrqByqLvN,"['5FKchcZpQOkqFvXBj1aCvb', '5R3Hr2cnCCjt220Jmt2xLf']"
Gifted (Steve Aoki Remix),4by3KLvBaydKvmZmizmz5M,"['5K4W6rqBFWDnAN6FQUkS6x', '77AiFEVeAVj2ORpC85QVJs']"
Last Year (feat. Trey Songz & Wiz Khalifa),6s4LaKGGjjY9ZIKfzTaxhR,"['2iojnBLj0qIMiKPvVhLnsH', '137W8MRPWKqSmrBGDBFSop']"
Baller Alert - From “What Now?”,623R9BK4Z38ZswHO7xdWq9,"['6oMuImdp5ZcFhWP0ESe6mG', '4OBJLual30L7gRl5UkeRcT']"
Ea$tside,3WoqdAbHoSb3uoBsmvH0g2,"['13y7CgLHjMVRMDqxdx0Xdo', '73sIBHcqh3Z3NyqHKZ7FOL']"
Iced Out,36jpmSnXXEAcqapXlYRBYz,"['6f4XkbvYlXMH0QgVRzW0sM', '6GMYJwaziB4ekv1Y6wCDWS']"
Broken Record - William Black Remix,0z8lmRVi8UPIjVDpI9tjhK,"['0Cd6nHYwecCNM1sVEXKlYr', '7d5SfGXKpgS3JK8BFIq59h']"
Ya Dig,07Dnr121TVP3nctoCOIlt9,"['4OBJLual30L7gRl5UkeRcT', '0Y5tJX1MQlPlqiwlOH1tJY']"
Ain't No Problems,5u2HpgA9qLMajDioKMzPcR,"['6f4XkbvYlXMH0QgVRzW0sM', '50co4Is1HCEo8bhOyUWKpn']"
Choices (Yup) (feat. Migos & Rick Ross) - Remix,1ZJLTot3zpEoXobSg0ecr9,"['6oMuImdp5ZcFhWP0ESe6mG', '1sBkRIssrMs1AbVkOJbc7a']"
Dare You (feat. Matthew Koma) - Cash Cash Remix,68AcdlOqb7vaWj3TCgPhJw,"['1mU61l2mcjEFraXZLpvVMo', '1LOB7jTeEV14pHai6EXSzF']"
Up In Flames,3jWG0kgr7aREaBiGbKngED,"['5lCekoJW9jNq01B1wiqdAb', '3ppkM4QtM781APpaX7H9t7']"
I Don't Really Care (feat. Trey Songz),56WbGhduJHFUvAeLcxVsFM,"['6f4XkbvYlXMH0QgVRzW0sM', '2iojnBLj0qIMiKPvVhLnsH']"
Troubled - Fairlane,7d2zDprwFo5hgTBcpM9QD9,"['3fjs4zbBFxEFFe8Wyojo0G', '3L7JnVovGbYSUmRyqhXMYO']"
Inhale,2JIsYSADWPIDJIfnWFQvZx,"['5gCRApTajqwbnHHPbr2Fpi', '6TIYQ3jFPwQSRmorSezPxX']"
Every Hour,6gz6zHxe6nNe4ZcwkM1O87,"['6S0dmVVn4udvppDhZIWxCr', '1sBkRIssrMs1AbVkOJbc7a']"
Gold Rush - Cash Cash x Gazzo Remix,6Ia1ts7HJYUOlb9tiBvfJj,"['17lzZA2AlOHwCwFALHttmp', '1LOB7jTeEV14pHai6EXSzF']"
B.I.B.L.E. Talk (feat. DJ Khaled),7HG34ykDCVDvvOHNXATwqw,"['14CHVeJGrR5xgUGQFV5BVM', '0QHgL1lAIqAw0HtD7YldmP']"
Treasure - Cash Cash Radio Mix,6oyIm7lpLMEpbGDtgr6jbj,"['0du5cEVh5yTK9QJze8zA0C', '1LOB7jTeEV14pHai6EXSzF']"
Lay It All on Me (feat. Ed Sheeran) - Cash Cash Remix,0fseCE8JUaxbp8T4T1HnyU,"['6eUKZXaKkcviH0Ku9w2n3V', '1LOB7jTeEV14pHai6EXSzF']"
Colors (feat. EYLR) - Crankdat Remix,3ZAqJFhEJBGcCW1Erb8gFi,"['2ZRQcIgzPCVaT9XKhXZIzh', '5lCekoJW9jNq01B1wiqdAb']"
Break Your Heart,03IpBrLy0VeZ30tFU6SdNt,"['4XDi67ZENZcbfKnvMnTYsI', '137W8MRPWKqSmrBGDBFSop']"
Rain - Danny Dove & Offset Remix,1L5c4s1PvMORU8K8ELUEaq,"['3AQRLZ9PuTAozP28Skbq8V', '4DdkRBBYG6Yk9Ka8tdJ9BW']"
Mustard's Interlude (with A Boogie wit da Hoodie),3H3MF9N9qie71tcuvIISXl,"['6AMd49uBDJfhf30Ak2QR5s', '31W5EY0aAly4Qieq6OFu6I']"
This Town (feat. Sasha Alex Sloan & Gucci Mane) - Gucci Mane Edit,7cMrg5eBFo8vvAPzTTq9tK,"['23fqKkggKUBHNkbKtXEls4', '13y7CgLHjMVRMDqxdx0Xdo']"
21 (Tritonia 464),39U1YE3udBEyn66jIYd5Ot,"['4xnMDfgEmXZEEDdITKcGuE', '6CCTvLyIHqUhY6VQizt150']"
No Broken Hearts (feat. Nicki Minaj) - Elephante Remix,2jtgW0IvGPc9AJq8ljLzfI,"['0hCNtLu0JehylgoiP8L4Gh', '3fjs4zbBFxEFFe8Wyojo0G']"
Dope House,7n0AZbdBkebC9g4l0NnUBa,"['4OBJLual30L7gRl5UkeRcT', '0VRj0yCOv2FXJNP47XQnx5']"
Let Dem Guns Blam (feat. Meek Mill),0apOV5hKTe7OyUTZkMCRU4,"['6f4XkbvYlXMH0QgVRzW0sM', '20sxb77xiYeusSH8cVdatc']"
What You Mean (feat. Future & Soulja Boy),3rsShSuxaKQpjcNYumUwx3,"['1RyvyyTE3xzB2ZywiAwp0i', '6GMYJwaziB4ekv1Y6wCDWS']"
Hop Out,3kTmrbfkcvPW9piZogRk8H,"['5gCRApTajqwbnHHPbr2Fpi', '6GMYJwaziB4ekv1Y6wCDWS']"
New Chick (feat. 50 Cent & Kid Ink),1UZk7YxvisOYH9Nbdad6UO,"['3q7HBObVc0L8jNeTe5Gofh', '6KZDXtSj0SzGOV705nNeh3']"
The One (yetep Remix),1saMsCEw7qqYCPOiPhM2by,"['76M2Ekj8bG8W7X2nbx2CpF', '20lmiQy576CSBPz0VJHmnC']"
Legendary,46ez1FLnMetu1gwOY0EBbs,"['0QHgL1lAIqAw0HtD7YldmP', '21E3waRsmPlU7jZsS13rcj']"
After All - Kompany & Wooli Remix,7qViPeGLfyHNR0ChwbabCm,"['20DZAfCuP1TKZl5KcY7z3Q', '1Uyqa2sdHm1bL5JK4IC4zc']"
ASAP,1LLbyBe1QfgwxE32wtHsJX,"['13ubrt8QOOCPljQ2FL1Kca', '31W5EY0aAly4Qieq6OFu6I']"
Age Of Innocence - CrankDat Remix,47dMiWeALnXT082Lho3gKa,"['3fjs4zbBFxEFFe8Wyojo0G', '5lCekoJW9jNq01B1wiqdAb']"
Copy & Paste,05sg9kfLzqXTz8RsgxkNdI,"['6GMYJwaziB4ekv1Y6wCDWS', '4OBJLual30L7gRl5UkeRcT']"
Back Together - Yetep Remix,7gLf4a7nRYoTsoDLBUf7cc,"['7d5SfGXKpgS3JK8BFIq59h', '20lmiQy576CSBPz0VJHmnC']"
"Remix'n A Bricc (feat. Fetty Wap, Young Thug & Starrah)",4bcBB4GJIGZwKRVOIQcVSK,"['6PXS4YHDkKvl1wkIl4V8DL', '50co4Is1HCEo8bhOyUWKpn']"
Flashback - David Guetta's One Love Remix,3N8ygvqChQVk5bgiFr1WzR,"['7CajNmpbOovFoOoasH2HaY', '1Cs0zKBU1kc0i8ypK3B9ai']"
We're Good - Dillon Francis Remix,1tcY7SsMfZNp62k0nowMLx,"['6M2wZ9GZgrQXHCFfjv46we', '5R3Hr2cnCCjt220Jmt2xLf']"
Trust Nobody,44UrjvXBRgbk2b3BxvuQqQ,"['6f4XkbvYlXMH0QgVRzW0sM', '6oMuImdp5ZcFhWP0ESe6mG']"
Clothes Off! - Stress Remix,0giaAcQ74yoeJYEEA7PgqW,"['4IJczjB0fJ04gs4uvP0Fli', '5LHRHt1k9lMyONurDHEdrp']"
"Chase The Money (feat. Quavo, Roddy Ricch, A$AP Ferg & ScHoolboy Q)",4N3gFiPcdB1LsE1GV5Bl1j,"['0VRj0yCOv2FXJNP47XQnx5', '757aE44tKEUQEqRuT6GnEB']"
Ball,6W2mAspL0ozvKTnYmeqsaU,"['6f4XkbvYlXMH0QgVRzW0sM', '17lzZA2AlOHwCwFALHttmp']"
Don't Kick The Chair,1x5cdYKPexdtvt64xPPtfA,"['3ppkM4QtM781APpaX7H9t7', '0fA0VVWsXO9YnASrzqfmYu']"
Crunch Time,6Wn26azrASVpCCvAvKWYbh,"['50co4Is1HCEo8bhOyUWKpn', '5gCRApTajqwbnHHPbr2Fpi']"
Slo Jamz,7si1dRm5juQlzzQF0chCQT,"['4OBJLual30L7gRl5UkeRcT', '5K4W6rqBFWDnAN6FQUkS6x']"
Fireworkz - Remix,5h665RjjKkUfOuCnwxJA8Y,"['4OBJLual30L7gRl5UkeRcT', '0c173mlxpT3dSFRgMO8XPh']"
I Do This,0vlmv9iSOfrJU82FibzR51,"['4OBJLual30L7gRl5UkeRcT', '0QHgL1lAIqAw0HtD7YldmP']"
Deep End - Trivecta Remix,5WZ1oUKt4BOCegk8u5X4v6,"['1sKIizVYeHkGy7Tjmn9QRj', '4AT7XlLBevgZIiKvZQ83ye']"
Snapchat (feat. Lil Yachty & Rich the Kid),5sxFeaNaf0QLH5Y7JmL3uU,"['6GMYJwaziB4ekv1Y6wCDWS', '6icQOAFXDZKsumw3YXyusw']"
"So Long, My Friend - Yetep Remix",04Me0yNArgrnJz59YyN1m1,"['0P2bZXPyjHYRW4guHVAFl1', '20lmiQy576CSBPz0VJHmnC']"
My Universe - David Guetta Remix,4VVh7xorogYHk5FK7W6mmQ,"['4gzpq5DPGxSnKTe4SA8HAU', '1Cs0zKBU1kc0i8ypK3B9ai']"
Might Die Young (feat. Olivia O'Brien & Tinashe),2fAYPnZ9sT2Z3o1ScBMm4j,"['1QRj3hoop9Mv5VvHQkwPEp', '0NIIxcxNHmOoyBx03SfTCD']"
Shake It,1YtWbQ7SeV7f4AGS0RLg79,"['2iojnBLj0qIMiKPvVhLnsH', '1RyvyyTE3xzB2ZywiAwp0i']"
Everything (feat. OJ da Juiceman & Ne-Yo),2gmHvwmdqdRd4l4O0I6o2Y,"['13y7CgLHjMVRMDqxdx0Xdo', '21E3waRsmPlU7jZsS13rcj']"
"Shenanigans (feat. Wiz Khalifa, Jace, & Metro Boomin)",0Yw7dY3GefNu73fk9yzdQO,"['137W8MRPWKqSmrBGDBFSop', '0iEtIxbK0KxaSlF7G42ZOp']"
"Highlo (feat. Migos, Take Off, French Montana, Jazz Lazer & B-Real)",642WOmeUvU4Yp32nJbyA56,"['6oMuImdp5ZcFhWP0ESe6mG', '3EW0kQ1skZiK1NHg3Spt9J']"
Testify,5maOlTN0VkcneKdFRUF640,"['6AgTAQt8XS6jRWi4sX7w49', '46SHBwWsqBkxI7EeeBEQG7']"
Im Doing Numberz,4Xr4o7B5lbLCHq8voxD3Ik,"['17lzZA2AlOHwCwFALHttmp', '6GMYJwaziB4ekv1Y6wCDWS']"
Peach$wan,4WI6rRPoZVOuBm8mFJbJtj,"['6LuN9FCkKOj5PcnpouEgny', '0cGUm45nv7Z6M6qdXYQGTX']"
Just the Way You Are - Skrillex BatBoi Remix,7HIEbQLGUVFlGwu0sKpRev,"['0du5cEVh5yTK9QJze8zA0C', '5he5w2lnU9x7JFhnwcekXX']"
Don't Love,7AlOomIQCpTHzzXUCWOsic,"['6f4XkbvYlXMH0QgVRzW0sM', '3hcs9uc56yIGFCSy9leWe7']"
Gotta Have It (feat. Trey Songz & Pitbull),4Z86N5cAq8Yi8tUgCIvDTH,"['2iojnBLj0qIMiKPvVhLnsH', '0TnOYISbd1XYRBk9myaseg']"
Treasure - Audien Radio Edit,04bKPZV85jLCgAOIOG9MYk,"['0du5cEVh5yTK9QJze8zA0C', '4xnMDfgEmXZEEDdITKcGuE']"
Faithless 2.0 - DJ Mix,48LxiSjgUwJOLRty8VKCax,"['1xNmvlEiICkRlRGqlNFZ43', '10gzBoINW3cLJfZUka8Zoe', '1vCWHaC5f2uS3yhpwWbIA6']"
Intro,3vUYwwjIVm0xSVaBpzPmMZ,"['6S0dmVVn4udvppDhZIWxCr', '0QHgL1lAIqAw0HtD7YldmP']"
Breaking Squares (feat. DJ Khaled and Gucci Mane) - Remix,1NM1n1AN5cAJIvBnau1ppJ,"['0QHgL1lAIqAw0HtD7YldmP', '13y7CgLHjMVRMDqxdx0Xdo']"
My Block - Remix,6NuGHry7et11KqyoJOdsbG,"['0QHgL1lAIqAw0HtD7YldmP', '0TnOYISbd1XYRBk9myaseg']"
Galaxy,4bFFgutEO8xPYBR32QPqoz,"['3hcs9uc56yIGFCSy9leWe7', '6icQOAFXDZKsumw3YXyusw']"
Fragile Violence - yetep Remix,69LETq0h4H2Vm6XOI2wzIH,"['3RTklnRcfHgkQJwFpgOq3t', '20lmiQy576CSBPz0VJHmnC']"
Veggies,2yVGq9IR89FV16hAyDeDul,"['6Xgp2XMz1fhVYe7i6yNAax', '1sBkRIssrMs1AbVkOJbc7a']"
